 -1.79543E-04, -1.13543E-04, -3.94839E-05,  4.33364E-05,  1.35660E-04,  2.38264E-04,  3.51955E-04,  4.77566E-04,  6.15944E-04,  7.67939E-04,  9.34389E-04,  1.11610E-03,  1.31381E-03,  1.52819E-03,  1.75976E-03,  2.00888E-03,  2.27568E-03,  2.55999E-03,  2.86130E-03,  3.17864E-03,  3.51054E-03,  3.85490E-03,  4.20896E-03,  4.56920E-03,  4.93132E-03,  5.29021E-03,  5.64001E-03,  5.97422E-03,  6.28583E-03,  6.56764E-03,  6.81250E-03,  7.01375E-03,  7.16555E-03,  7.26329E-03,  7.30390E-03,  7.28610E-03,  7.21045E-03,  7.07935E-03,  6.89682E-03,  6.66827E-03,  6.40009E-03,  6.09928E-03,  5.77307E-03,  5.42856E-03,  5.07249E-03,  4.71099E-03,  4.34945E-03,  3.99251E-03,  3.64398E-03,  3.30692E-03,  2.98368E-03,  2.67595E-03,  2.38490E-03,  2.11121E-03,  1.85517E-03,  1.61676E-03,  1.39571E-03,  1.19154E-03,  1.00366E-03,  8.31326E-04,  6.73771E-04,  5.30164E-04,  3.99657E-04,  2.81400E-04,  1.74554E-04,  7.83007E-05, -8.14907E-06, -8.55514E-05, -1.54625E-04,
 -2.60938E-04, -1.96052E-04, -1.22708E-04, -4.01185E-05,  5.25572E-05,  1.56208E-04,  2.71770E-04,  4.00218E-04,  5.42564E-04,  6.99840E-04,  8.73087E-04,  1.06333E-03,  1.27157E-03,  1.49871E-03,  1.74557E-03,  2.01279E-03,  2.30080E-03,  2.60971E-03,  2.93927E-03,  3.28872E-03,  3.65673E-03,  4.04127E-03,  4.43946E-03,  4.84752E-03,  5.26066E-03,  5.67302E-03,  6.07773E-03,  6.46696E-03,  6.83216E-03,  7.16432E-03,  7.45441E-03,  7.69385E-03,  7.87507E-03,  7.99203E-03,  8.04070E-03,  8.01936E-03,  7.92877E-03,  7.77209E-03,  7.55461E-03,  7.28337E-03,  6.96662E-03,  6.61327E-03,  6.23239E-03,  5.83276E-03,  5.42252E-03,  5.00893E-03,  4.59826E-03,  4.19569E-03,  3.80542E-03,  3.43066E-03,  3.07374E-03,  2.73628E-03,  2.41923E-03,  2.12304E-03,  1.84772E-03,  1.59295E-03,  1.35818E-03,  1.14265E-03,  9.45474E-04,  7.65695E-04,  6.02291E-04,  4.54225E-04,  3.20458E-04,  1.99971E-04,  9.17716E-05, -5.09158E-06, -9.15265E-05, -1.68393E-04, -2.36499E-04,
 -3.49947E-04, -2.86769E-04, -2.14761E-04, -1.33045E-04, -4.06780E-05,  6.33492E-05,  1.80110E-04,  3.10739E-04,  4.56428E-04,  6.18412E-04,  7.97965E-04,  9.96373E-04,  1.21491E-03,  1.45482E-03,  1.71725E-03,  2.00321E-03,  2.31350E-03,  2.64862E-03,  3.00869E-03,  3.39330E-03,  3.80139E-03,  4.23108E-03,  4.67953E-03,  5.14275E-03,  5.61547E-03,  6.09108E-03,  6.56151E-03,  7.01738E-03,  7.44818E-03,  7.84259E-03,  8.18908E-03,  8.47651E-03,  8.69492E-03,  8.83629E-03,  8.89521E-03,  8.86937E-03,  8.75980E-03,  8.57072E-03,  8.30921E-03,  7.98456E-03,  7.60754E-03,  7.18961E-03,  6.74225E-03,  6.27633E-03,  5.80171E-03,  5.32699E-03,  4.85935E-03,  4.40458E-03,  3.96715E-03,  3.55033E-03,  3.15636E-03,  2.78660E-03,  2.44170E-03,  2.12173E-03,  1.82633E-03,  1.55480E-03,  1.30621E-03,  1.07945E-03,  8.73312E-04,  6.86532E-04,  5.17823E-04,  3.65905E-04,  2.29526E-04,  1.07475E-04, -1.40505E-06, -9.82124E-05, -1.83981E-04, -2.59681E-04, -3.26215E-04,
 -4.46930E-04, -3.86124E-04, -3.16153E-04, -2.36047E-04, -1.44755E-04, -4.11416E-05,  7.60143E-05,  2.08018E-04,  3.56257E-04,  5.22197E-04,  7.07367E-04,  9.13352E-04,  1.14176E-03,  1.39421E-03,  1.67226E-03,  1.97737E-03,  2.31083E-03,  2.67365E-03,  3.06647E-03,  3.48938E-03,  3.94176E-03,  4.42208E-03,  4.92769E-03,  5.45454E-03,  5.99701E-03,  6.54767E-03,  7.09717E-03,  7.63427E-03,  8.14602E-03,  8.61816E-03,  9.03578E-03,  9.38427E-03,  9.65033E-03,  9.82311E-03,  9.89526E-03,  9.86361E-03,  9.72956E-03,  9.49890E-03,  9.18121E-03,  8.78895E-03,  8.33636E-03,  7.83837E-03,  7.30957E-03,  6.76348E-03,  6.21206E-03,  5.66539E-03,  5.13166E-03,  4.61717E-03,  4.12656E-03,  3.66301E-03,  3.22844E-03,  2.82382E-03,  2.44930E-03,  2.10445E-03,  1.78839E-03,  1.49991E-03,  1.23763E-03,  9.99999E-04,  7.85429E-04,  5.92301E-04,  4.19020E-04,  2.64031E-04,  1.25842E-04,  3.03386E-06, -1.05731E-04, -2.01706E-04, -2.86060E-04, -3.59878E-04, -4.24161E-04,
 -5.52217E-04, -4.94520E-04, -4.27372E-04, -3.49709E-04, -2.60369E-04, -1.58086E-04, -4.14838E-05,  9.09238E-05,  2.40738E-04,  4.09671E-04,  5.99542E-04,  8.12267E-04,  1.04984E-03,  1.31431E-03,  1.60773E-03,  1.93212E-03,  2.28938E-03,  2.68118E-03,  3.10884E-03,  3.57318E-03,  4.07424E-03,  4.61112E-03,  5.18160E-03,  5.78184E-03,  6.40601E-03,  7.04599E-03,  7.69106E-03,  8.32783E-03,  8.94034E-03,  9.51052E-03,  1.00190E-02,  1.04462E-02,  1.07742E-02,  1.09881E-02,  1.10776E-02,  1.10383E-02,  1.08722E-02,  1.05873E-02,  1.01969E-02,  9.71798E-03,  9.16963E-03,  8.57144E-03,  7.94213E-03,  7.29856E-03,  6.65517E-03,  6.02370E-03,  5.41328E-03,  4.83060E-03,  4.28022E-03,  3.76496E-03,  3.28621E-03,  2.84425E-03,  2.43855E-03,  2.06795E-03,  1.73091E-03,  1.42560E-03,  1.15005E-03,  9.02190E-04,  6.79979E-04,  4.81395E-04,  3.04488E-04,  1.47401E-04,  8.37644E-06, -1.14229E-04, -2.21947E-04, -3.16197E-04, -3.98287E-04, -4.69419E-04, -5.30694E-04,
 -6.66100E-04, -6.12323E-04, -5.48867E-04, -4.74579E-04, -3.88184E-04, -2.88281E-04, -1.73337E-04, -4.16734E-05,  1.08536E-04,  2.79271E-04,  4.72665E-04,  6.91004E-04,  9.36714E-04,  1.21234E-03,  1.52053E-03,  1.86395E-03,  2.24525E-03,  2.66694E-03,  3.13127E-03,  3.64001E-03,  4.19421E-03,  4.79392E-03,  5.43776E-03,  6.12245E-03,  6.84235E-03,  7.58885E-03,  8.34992E-03,  9.10978E-03,  9.84881E-03,  1.05440E-02,  1.11699E-02,  1.17002E-02,  1.21101E-02,  1.23787E-02,  1.24914E-02,  1.24419E-02,  1.22330E-02,  1.18763E-02,  1.13903E-02,  1.07987E-02,  1.01275E-02,  9.40274E-03,  8.64850E-03,  7.88581E-03,  7.13197E-03,  6.40046E-03,  5.70116E-03,  5.04082E-03,  4.42358E-03,  3.85149E-03,  3.32504E-03,  2.84351E-03,  2.40537E-03,  2.00855E-03,  1.65061E-03,  1.32895E-03,  1.04090E-03,  7.83784E-04,  5.55028E-04,  3.52149E-04,  1.72808E-04,  1.48086E-05, -1.23888E-04, -2.45169E-04, -3.50769E-04, -4.42277E-04, -5.21146E-04, -5.88698E-04, -6.46133E-04,
 -7.88822E-04, -7.39844E-04, -6.81038E-04, -6.11156E-04, -5.28816E-04, -4.32484E-04, -3.20463E-04, -1.90880E-04, -4.16739E-05,  1.29418E-04,  3.24867E-04,  5.47362E-04,  7.99807E-04,  1.08532E-03,  1.40719E-03,  1.76890E-03,  2.17399E-03,  2.62600E-03,  3.12835E-03,  3.68412E-03,  4.29576E-03,  4.96474E-03,  5.69106E-03,  6.47262E-03,  7.30451E-03,  8.17816E-03,  9.08051E-03,  9.99327E-03,  1.08925E-02,  1.17489E-02,  1.25289E-02,  1.31964E-02,  1.37165E-02,  1.40594E-02,  1.42037E-02,  1.41403E-02,  1.38733E-02,  1.34193E-02,  1.28055E-02,  1.20653E-02,  1.12346E-02,  1.03484E-02,  9.43775E-03,  8.52884E-03,  7.64213E-03,  6.79264E-03,  5.99061E-03,  5.24228E-03,  4.55075E-03,  3.91678E-03,  3.33938E-03,  2.81646E-03,  2.34514E-03,  1.92210E-03,  1.54384E-03,  1.20679E-03,  9.07448E-04,  6.42442E-04,  4.08582E-04,  2.02878E-04,  2.25585E-05, -1.34934E-04, -2.71941E-04, -3.90603E-04, -4.92865E-04, -5.80491E-04, -6.55076E-04, -7.18062E-04, -7.70747E-04,
 -9.20564E-04, -8.77337E-04, -8.24216E-04, -7.59873E-04, -6.82817E-04, -5.91385E-04, -4.83719E-04, -3.57751E-04, -2.11178E-04, -4.14458E-05,  1.54273E-04,  3.79096E-04,  6.36450E-04,  9.30075E-04,  1.26403E-03,  1.64267E-03,  2.07062E-03,  2.55268E-03,  3.09374E-03,  3.69856E-03,  4.37148E-03,  5.11603E-03,  5.93433E-03,  6.82633E-03,  7.78881E-03,  8.81412E-03,  9.88888E-03,  1.09926E-02,  1.20964E-02,  1.31632E-02,  1.41482E-02,  1.50015E-02,  1.56732E-02,  1.61192E-02,  1.63078E-02,  1.62249E-02,  1.58768E-02,  1.52887E-02,  1.45007E-02,  1.35612E-02,  1.25207E-02,  1.14265E-02,  1.03188E-02,  9.22989E-03,  8.18326E-03,  7.19499E-03,  6.27481E-03,  5.42750E-03,  4.65423E-03,  3.95363E-03,  3.32264E-03,  2.75718E-03,  2.25260E-03,  1.80405E-03,  1.40667E-03,  1.05576E-03,  7.46847E-04,  4.75759E-04,  2.38627E-04,  3.19041E-05, -1.47648E-04, -3.02967E-04, -4.36713E-04, -5.51284E-04, -6.48838E-04, -7.31313E-04, -8.00446E-04, -8.57792E-04, -9.04743E-04,
 -1.06144E-03, -1.02497E-03, -9.78656E-04, -9.21077E-04, -8.50650E-04, -7.65586E-04, -6.63876E-04, -5.43256E-04, -4.01187E-04, -2.34816E-04, -4.09537E-05,  1.83970E-04,  4.43933E-04,  7.43354E-04,  1.08712E-03,  1.48061E-03,  1.92967E-03,  2.44061E-03,  3.02009E-03,  3.67501E-03,  4.41219E-03,  5.23800E-03,  6.15770E-03,  7.17450E-03,  8.28829E-03,  9.49392E-03,  1.07791E-02,  1.21220E-02,  1.34891E-02,  1.48337E-02,  1.60958E-02,  1.72058E-02,  1.80907E-02,  1.86836E-02,  1.89356E-02,  1.88248E-02,  1.83608E-02,  1.75829E-02,  1.65525E-02,  1.53412E-02,  1.40212E-02,  1.26566E-02,  1.12995E-02,  9.98847E-03,  8.74977E-03,  7.59908E-03,  6.54406E-03,  5.58659E-03,  4.72456E-03,  3.95340E-03,  3.26708E-03,  2.65889E-03,  2.12193E-03,  1.64943E-03,  1.23491E-03,  8.72348E-04,  5.56177E-04,  2.81320E-04,  4.31789E-05, -1.62395E-04, -3.39127E-04, -4.90351E-04, -6.19048E-04, -7.27876E-04, -8.19202E-04, -8.95134E-04, -9.57543E-04, -1.00809E-03, -1.04825E-03,
 -1.21147E-03, -1.18284E-03, -1.14451E-03, -1.09501E-03, -1.03267E-03, -9.55575E-04, -8.61582E-04, -7.48244E-04, -6.12790E-04, -4.52078E-04, -2.62551E-04, -4.01837E-05,  2.19574E-04,  5.21858E-04,  8.72448E-04,  1.27783E-03,  1.74525E-03,  2.28272E-03,  2.89904E-03,  3.60372E-03,  4.40674E-03,  5.31826E-03,  6.34792E-03,  7.50390E-03,  8.79129E-03,  1.02099E-02,  1.17511E-02,  1.33943E-02,  1.51022E-02,  1.68174E-02,  1.84604E-02,  1.99327E-02,  2.11251E-02,  2.19337E-02,  2.22797E-02,  2.21273E-02,  2.14924E-02,  2.04389E-02,  1.90630E-02,  1.74742E-02,  1.57766E-02,  1.40578E-02,  1.23838E-02,  1.07994E-02,  9.33120E-03,  7.99204E-03,  6.78500E-03,  5.70673E-03,  4.75006E-03,  3.90577E-03,  3.16381E-03,  2.51407E-03,  1.94682E-03,  1.45298E-03,  1.02422E-03,  6.52995E-04,  3.32528E-04,  5.67705E-05, -1.79660E-04, -3.81534E-04, -5.53077E-04, -6.98022E-04, -8.19668E-04, -9.20924E-04, -1.00436E-03, -1.07224E-03, -1.12656E-03, -1.16907E-03, -1.20133E-03,
 -1.37059E-03, -1.35092E-03, -1.32183E-03, -1.28180E-03, -1.22909E-03, -1.16169E-03, -1.07734E-03, -9.73403E-04, -8.46912E-04, -6.94445E-04, -5.12093E-04, -2.95379E-04, -3.91810E-05,  2.62368E-04,  6.15979E-04,  1.02932E-03,  1.51115E-03,  2.07141E-03,  2.72134E-03,  3.47353E-03,  4.34188E-03,  5.34137E-03,  6.48764E-03,  7.79592E-03,  9.27948E-03,  1.09468E-02,  1.27975E-02,  1.48167E-02,  1.69671E-02,  1.91817E-02,  2.13569E-02,  2.33523E-02,  2.50016E-02,  2.61375E-02,  2.66280E-02,  2.64116E-02,  2.55159E-02,  2.40487E-02,  2.21682E-02,  2.00449E-02,  1.78312E-02,  1.56457E-02,  1.35693E-02,  1.16498E-02,  9.91000E-03,  8.35515E-03,  6.97965E-03,  5.77171E-03,  4.71663E-03,  3.79879E-03,  3.00285E-03,  2.31447E-03,  1.72052E-03,  1.20925E-03,  7.70203E-04,  3.94181E-04,  7.31028E-05, -2.00104E-04, -4.31624E-04, -6.26860E-04, -7.90529E-04, -9.26756E-04, -1.03914E-03, -1.13083E-03, -1.20458E-03, -1.26279E-03, -1.30756E-03, -1.34074E-03, -1.36392E-03,
 -1.53864E-03, -1.52908E-03, -1.51053E-03, -1.48143E-03, -1.43998E-03, -1.38412E-03, -1.31145E-03, -1.21922E-03, -1.10426E-03, -9.62901E-04, -7.90912E-04, -5.83389E-04, -3.34656E-04, -3.81266E-05,  3.13844E-04,  7.30143E-04,  1.22111E-03,  1.79875E-03,  2.47701E-03,  3.27202E-03,  4.20228E-03,  5.28877E-03,  6.55479E-03,  8.02534E-03,  9.72562E-03,  1.16782E-02,  1.38981E-02,  1.63846E-02,  1.91095E-02,  2.20018E-02,  2.49318E-02,  2.77013E-02,  3.00523E-02,  3.17055E-02,  3.24281E-02,  3.21087E-02,  3.07973E-02,  2.86870E-02,  2.60481E-02,  2.31536E-02,  2.02274E-02,  1.74256E-02,  1.48404E-02,  1.25149E-02,  1.04588E-02,  8.66217E-03,  7.10464E-03,  5.76159E-03,  4.60772E-03,  3.61894E-03,  2.77333E-03,  2.05142E-03,  1.43616E-03,  9.12805E-04,  4.68598E-04,  9.25814E-05, -2.24674E-04, -4.91277E-04, -7.14208E-04, -8.99483E-04, -1.05229E-03, -1.17712E-03, -1.27784E-03, -1.35781E-03, -1.41995E-03, -1.46678E-03, -1.50049E-03, -1.52297E-03, -1.53587E-03,
 -1.71532E-03, -1.71705E-03, -1.71037E-03, -1.69370E-03, -1.66522E-03, -1.62281E-03, -1.56400E-03, -1.48592E-03, -1.38526E-03, -1.25813E-03, -1.10002E-03, -9.05643E-04, -6.68813E-04, -3.82276E-04, -3.74890E-05,  3.75626E-04,  8.68994E-04,  1.45676E-03,  2.15572E-03,  2.98585E-03,  3.97086E-03,  5.13877E-03,  6.52233E-03,  8.15918E-03,  1.00912E-02,  1.23621E-02,  1.50128E-02,  1.80714E-02,  2.15362E-02,  2.53498E-02,  2.93645E-02,  3.33089E-02,  3.67790E-02,  3.92900E-02,  4.04068E-02,  3.99117E-02,  3.79030E-02,  3.47497E-02,  3.09364E-02,  2.69093E-02,  2.29932E-02,  1.93808E-02,  1.61607E-02,  1.33525E-02,  1.09373E-02,  8.87786E-03,  7.13065E-03,  5.65268E-03,  4.40454E-03,  3.35152E-03,  2.46382E-03,  1.71608E-03,  1.08696E-03,  5.58460E-04,  1.15465E-04, -2.54773E-04, -5.63015E-04, -8.18371E-04, -1.02857E-03, -1.20021E-03, -1.33889E-03, -1.44941E-03, -1.53590E-03, -1.60189E-03, -1.65041E-03, -1.68407E-03, -1.70513E-03, -1.71551E-03, -1.71691E-03,
 -1.90023E-03, -1.91443E-03, -1.92096E-03, -1.91827E-03, -1.90450E-03, -1.87752E-03, -1.83482E-03, -1.77347E-03, -1.69003E-03, -1.58047E-03, -1.44003E-03, -1.26312E-03, -1.04313E-03, -7.72197E-04, -4.40986E-04, -3.83162E-05,  4.49242E-04,  1.03790E-03,  1.74730E-03,  2.60140E-03,  3.62945E-03,  4.86724E-03,  6.35852E-03,  8.15638E-03,  1.03243E-02,  1.29360E-02,  1.60723E-02,  1.98124E-02,  2.42131E-02,  2.92707E-02,  3.48557E-02,  4.06264E-02,  4.59580E-02,  4.99777E-02,  5.18121E-02,  5.09952E-02,  4.77399E-02,  4.28099E-02,  3.71202E-02,  3.14072E-02,  2.61181E-02,  2.14546E-02,  1.74605E-02,  1.40966E-02,  1.12894E-02,  8.95704E-03,  7.02248E-03,  5.41807E-03,  4.08676E-03,  2.98128E-03,  2.06291E-03,  1.29998E-03,  6.66618E-04,  1.41592E-04, -2.92566E-04, -6.50303E-04, -9.43621E-04, -1.18254E-03, -1.37546E-03, -1.52946E-03, -1.65050E-03, -1.74365E-03, -1.81321E-03, -1.86283E-03, -1.89564E-03, -1.91431E-03, -1.92110E-03, -1.91798E-03, -1.90661E-03,
 -2.09282E-03, -2.12067E-03, -2.14176E-03, -2.15457E-03, -2.15727E-03, -2.14774E-03, -2.12347E-03, -2.08149E-03, -2.01831E-03, -1.92980E-03, -1.81105E-03, -1.65624E-03, -1.45843E-03, -1.20929E-03, -8.98815E-04, -5.14893E-04, -4.27832E-05,  5.35579E-04,  1.24249E-03,  2.10567E-03,  3.15987E-03,  4.44889E-03,  6.02828E-03,  7.96867E-03,  1.03596E-02,  1.33135E-02,  1.69681E-02,  2.14837E-02,  2.70275E-02,  3.37283E-02,  4.15767E-02,  5.02405E-02,  5.88134E-02,  6.56867E-02,  6.89528E-02,  6.74879E-02,  6.18142E-02,  5.36810E-02,  4.49055E-02,  3.66724E-02,  2.95085E-02,  2.35225E-02,  1.86237E-02,  1.46521E-02,  1.14418E-02,  8.84523E-03,  6.74033E-03,  5.02900E-03,  3.63369E-03,  2.49338E-03,  1.56001E-03,  7.95579E-04,  1.69825E-04, -3.41513E-04, -7.58033E-04, -1.09568E-03, -1.36753E-03, -1.58436E-03, -1.75510E-03, -1.88722E-03, -1.98693E-03, -2.05950E-03, -2.10933E-03, -2.14015E-03, -2.15513E-03, -2.15694E-03, -2.14786E-03, -2.12981E-03, -2.10444E-03,
 -2.29243E-03, -2.33506E-03, -2.37203E-03, -2.40186E-03, -2.42277E-03, -2.43270E-03, -2.42917E-03, -2.40924E-03, -2.36942E-03, -2.30554E-03, -2.21264E-03, -2.08478E-03, -1.91480E-03, -1.69407E-03, -1.41210E-03, -1.05610E-03, -6.10320E-04, -5.52026E-05,  6.33727E-04,  1.48744E-03,  2.54557E-03,  3.85935E-03,  5.49583E-03,  7.54359E-03,  1.01206E-02,  1.33845E-02,  1.75457E-02,  2.28798E-02,  2.97342E-02,  3.85044E-02,  4.95298E-02,  6.27924E-02,  7.72670E-02,  9.00507E-02,  9.65586E-02,  9.36023E-02,  8.27059E-02,  6.84247E-02,  5.44796E-02,  4.25396E-02,  3.29170E-02,  2.53605E-02,  1.94763E-02,  1.48928E-02,  1.13061E-02,  8.48157E-03,  6.24264E-03,  4.45715E-03,  3.02608E-03,  1.87475E-03,  9.46304E-04,  1.96982E-04, -4.07279E-04, -8.93288E-04, -1.28237E-03, -1.59164E-03, -1.83498E-03, -2.02370E-03, -2.16712E-03, -2.27294E-03, -2.34753E-03, -2.39623E-03, -2.42350E-03, -2.43308E-03, -2.42810E-03, -2.41121E-03, -2.38465E-03, -2.35029E-03, -2.30971E-03,
 -2.49823E-03, -2.55675E-03, -2.61086E-03, -2.65916E-03, -2.69998E-03, -2.73134E-03, -2.75083E-03, -2.75559E-03, -2.74221E-03, -2.70658E-03, -2.64375E-03, -2.54777E-03, -2.41143E-03, -2.22598E-03, -1.98071E-03, -1.66242E-03, -1.25476E-03, -7.37226E-04, -8.38461E-05,  7.38673E-04,  1.77362E-03,  3.07814E-03,  4.72885E-03,  6.83025E-03,  9.52713E-03,  1.30233E-02,  1.76093E-02,  2.37023E-02,  3.19010E-02,  4.30447E-02,  5.82272E-02,  7.85644E-02,  1.04083E-01,  1.30542E-01,  1.45897E-01,  1.38738E-01,  1.14813E-01,  8.80255E-02,  6.55269E-02,  4.84399E-02,  3.58569E-02,  2.66203E-02,  1.97864E-02,  1.46689E-02,  1.07867E-02,  7.80527E-03,  5.49079E-03,  3.67801E-03,  2.24842E-03,  1.11569E-03,  2.15834E-04, -4.99304E-04, -1.06657E-03, -1.51453E-03, -1.86564E-03, -2.13777E-03, -2.34524E-03, -2.49965E-03, -2.61049E-03, -2.68553E-03, -2.73117E-03, -2.75273E-03, -2.75462E-03, -2.74053E-03, -2.71351E-03, -2.67613E-03, -2.63054E-03, -2.57853E-03, -2.52158E-03,
 -2.70928E-03, -2.78470E-03, -2.85713E-03, -2.92529E-03, -2.98764E-03, -3.04229E-03, -3.08700E-03, -3.11904E-03, -3.13511E-03, -3.13124E-03, -3.10263E-03, -3.04344E-03, -2.94657E-03, -2.80333E-03, -2.60307E-03, -2.33255E-03, -1.97528E-03, -1.51046E-03, -9.11532E-04, -1.44140E-04,  8.36886E-04,  2.09202E-03,  3.70386E-03,  5.78771E-03,  8.50833E-03,  1.21070E-02,  1.69458E-02,  2.35825E-02,  3.28971E-02,  4.63099E-02,  6.61479E-02,  9.61656E-02,  1.41574E-01,  2.03475E-01,  2.51401E-01,  2.27562E-01,  1.64335E-01,  1.11813E-01,  7.64196E-02,  5.31401E-02,  3.75558E-02,  2.68462E-02,  1.92898E-02,  1.38279E-02,  9.79568E-03,  6.76555E-03,  4.45555E-03,  2.67496E-03,  1.29156E-03,  2.11479E-04, -6.33431E-04, -1.29369E-03, -1.80747E-03, -2.20408E-03, -2.50638E-03, -2.73240E-03, -2.89656E-03, -3.01045E-03, -3.08346E-03, -3.12328E-03, -3.13621E-03, -3.12743E-03, -3.10122E-03, -3.06112E-03, -3.01006E-03, -2.95048E-03, -2.88440E-03, -2.81347E-03, -2.73909E-03,
 -2.92450E-03, -3.01773E-03, -3.10957E-03, -3.19886E-03, -3.28422E-03, -3.36393E-03, -3.43591E-03, -3.49764E-03, -3.54601E-03, -3.57728E-03, -3.58687E-03, -3.56919E-03, -3.51742E-03, -3.42316E-03, -3.27606E-03, -3.06323E-03, -2.76856E-03, -2.37165E-03, -1.84637E-03, -1.15879E-03, -2.64059E-04,  8.98325E-04,  2.41185E-03,  4.39479E-03,  7.01951E-03,  1.05453E-02,  1.53758E-02,  2.21627E-02,  3.20039E-02,  4.68416E-02,  7.03351E-02,  1.10001E-01,  1.83287E-01,  3.35501E-01,  5.87993E-01,  4.33345E-01,  2.29340E-01,  1.33108E-01,  8.33007E-02,  5.47134E-02,  3.70667E-02,  2.55686E-02,  1.77516E-02,  1.22518E-02,  8.27404E-03,  5.33382E-03,  3.12408E-03,  1.44335E-03,  1.55055E-04, -8.36169E-04, -1.59875E-03, -2.18300E-03, -2.62667E-03, -2.95866E-03, -3.20139E-03, -3.37253E-03, -3.48611E-03, -3.55341E-03, -3.58354E-03, -3.58390E-03, -3.56052E-03, -3.51835E-03, -3.46145E-03, -3.39316E-03, -3.31620E-03, -3.23283E-03, -3.14489E-03, -3.05390E-03, -2.96110E-03,
 -3.14266E-03, -3.25452E-03, -3.36671E-03, -3.47826E-03, -3.58797E-03, -3.69432E-03, -3.79545E-03, -3.88907E-03, -3.97237E-03, -4.04188E-03, -4.09337E-03, -4.12162E-03, -4.12022E-03, -4.08128E-03, -3.99501E-03, -3.84923E-03, -3.62870E-03, -3.31411E-03, -2.88079E-03, -2.29673E-03, -1.51967E-03, -4.92680E-04,  8.62879E-04,  2.65880E-03,  5.05924E-03,  8.31420E-03,  1.28199E-02,  1.92328E-02,  2.86957E-02,  4.33194E-02,  6.73147E-02,  1.10097E-01,  1.97281E-01,  4.33383E-01,  2.39836E+00,  6.77689E-01,  2.58861E-01,  1.36368E-01,  8.09857E-02,  5.12464E-02,  3.36380E-02,  2.24861E-02,  1.50541E-02,  9.90013E-03,  6.21380E-03,  3.51498E-03,  1.50577E-03, -6.48586E-06, -1.15121E-03, -2.01831E-03, -2.67219E-03, -3.16022E-03, -3.51799E-03, -3.77278E-03, -3.94580E-03, -4.05376E-03, -4.10994E-03, -4.12500E-03, -4.10752E-03, -4.06445E-03, -4.00144E-03, -3.92308E-03, -3.83313E-03, -3.73464E-03, -3.63009E-03, -3.52150E-03, -3.41051E-03, -3.29844E-03, -3.18635E-03,
 -3.36244E-03, -3.49358E-03, -3.62693E-03, -3.76170E-03, -3.89690E-03, -4.03125E-03, -4.16316E-03, -4.29064E-03, -4.41118E-03, -4.52171E-03, -4.61839E-03, -4.69652E-03, -4.75023E-03, -4.77230E-03, -4.75375E-03, -4.68342E-03, -4.54735E-03, -4.32792E-03, -4.00278E-03, -3.54313E-03, -2.91134E-03, -2.05725E-03, -9.12336E-04,  6.19788E-04,  2.67947E-03,  5.47927E-03,  9.35530E-03,  1.48646E-02,  2.29777E-02,  3.54785E-02,  5.58462E-02,  9.13434E-02,  1.58265E-01,  2.91966E-01,  4.74956E-01,  3.69399E-01,  1.99965E-01,  1.12381E-01,  6.73270E-02,  4.22313E-02,  2.72079E-02,  1.76560E-02,  1.12758E-02,  6.84386E-03,  3.67218E-03,  1.35345E-03, -3.65282E-04, -1.64831E-03, -2.60680E-03, -3.31877E-03, -3.84073E-03, -4.21467E-03, -4.47250E-03, -4.63887E-03, -4.73309E-03, -4.77044E-03, -4.76309E-03, -4.72081E-03, -4.65148E-03, -4.56144E-03, -4.45583E-03, -4.33880E-03, -4.21372E-03, -4.08328E-03, -3.94967E-03, -3.81463E-03, -3.67956E-03, -3.54555E-03, -3.41347E-03,
 -3.58238E-03, -3.73332E-03, -3.88845E-03, -4.04720E-03, -4.20882E-03, -4.37229E-03, -4.53634E-03, -4.69928E-03, -4.85903E-03, -5.01291E-03, -5.15761E-03, -5.28898E-03, -5.40185E-03, -5.48979E-03, -5.54483E-03, -5.55703E-03, -5.51402E-03, -5.40033E-03, -5.19649E-03, -4.87783E-03, -4.41270E-03, -3.75991E-03, -2.86467E-03, -1.65223E-03, -1.71009E-05,  2.19561E-03,  5.22367E-03,  9.44974E-03,  1.55186E-02,  2.45602E-02,  3.85986E-02,  6.11720E-02,  9.74375E-02,  1.48682E-01,  1.88408E-01,  1.68698E-01,  1.16165E-01,  7.34424E-02,  4.61587E-02,  2.93056E-02,  1.86176E-02,  1.15574E-02,  6.70714E-03,  3.26677E-03,  7.69424E-04, -1.06973E-03, -2.43286E-03, -3.44195E-03, -4.18220E-03, -4.71524E-03, -5.08700E-03, -5.33251E-03, -5.47891E-03, -5.54755E-03, -5.55533E-03, -5.51576E-03, -5.43964E-03, -5.33569E-03, -5.21088E-03, -5.07085E-03, -4.92013E-03, -4.76233E-03, -4.60036E-03, -4.43652E-03, -4.27265E-03, -4.11017E-03, -3.95020E-03, -3.79357E-03, -3.64094E-03,
 -3.80097E-03, -3.97203E-03, -4.14937E-03, -4.33264E-03, -4.52134E-03, -4.71478E-03, -4.91198E-03, -5.11166E-03, -5.31213E-03, -5.51123E-03, -5.70619E-03, -5.89350E-03, -6.06876E-03, -6.22646E-03, -6.35971E-03, -6.45997E-03, -6.51663E-03, -6.51653E-03, -6.44339E-03, -6.27699E-03, -5.99216E-03, -5.55741E-03, -4.93290E-03, -4.06751E-03, -2.89408E-03, -1.32158E-03,  7.78543E-04,  3.59635E-03,  7.42536E-03,  1.27309E-02,  2.02369E-02,  3.09210E-02,  4.54269E-02,  6.17103E-02,  7.16966E-02,  6.69940E-02,  5.18842E-02,  3.61563E-02,  2.39840E-02,  1.53569E-02,  9.29290E-03,  4.95373E-03,  1.78272E-03, -5.71157E-04, -2.33216E-03, -3.64927E-03, -4.62614E-03, -5.33809E-03, -5.84183E-03, -6.18119E-03, -6.39063E-03, -6.49762E-03, -6.52417E-03, -6.48801E-03, -6.40342E-03, -6.28196E-03, -6.13293E-03, -5.96382E-03, -5.78064E-03, -5.58821E-03, -5.39037E-03, -5.19014E-03, -4.98993E-03, -4.79159E-03, -4.59654E-03, -4.40589E-03, -4.22042E-03, -4.04072E-03, -3.86717E-03,
 -4.01658E-03, -4.20791E-03, -4.40766E-03, -4.61575E-03, -4.83195E-03, -5.05586E-03, -5.28689E-03, -5.52415E-03, -5.76642E-03, -6.01204E-03, -6.25887E-03, -6.50408E-03, -6.74409E-03, -6.97434E-03, -7.18912E-03, -7.38131E-03, -7.54207E-03, -7.66057E-03, -7.72360E-03, -7.71519E-03, -7.61624E-03, -7.40415E-03, -7.05263E-03, -6.53171E-03, -5.80805E-03, -4.84600E-03, -3.60943E-03, -2.06496E-03, -1.87522E-04,  2.03019E-03,  4.55977E-03,  7.30188E-03,  1.00212E-02,  1.22600E-02,  1.33604E-02,  1.28630E-02,  1.09886E-02,  8.38853E-03,  5.61688E-03,  2.98659E-03,  6.40544E-04, -1.37067E-03, -3.04319E-03, -4.39661E-03, -5.46188E-03, -6.27452E-03, -6.87068E-03, -7.28473E-03, -7.54806E-03, -7.68841E-03, -7.72980E-03, -7.69266E-03, -7.59416E-03, -7.44852E-03, -7.26749E-03, -7.06062E-03, -6.83567E-03, -6.59887E-03, -6.35522E-03, -6.10866E-03, -5.86227E-03, -5.61847E-03, -5.37908E-03, -5.14549E-03, -4.91870E-03, -4.69943E-03, -4.48813E-03, -4.28510E-03, -4.09047E-03,
 -4.22754E-03, -4.43909E-03, -4.66124E-03, -4.89418E-03, -5.13797E-03, -5.39256E-03, -5.65771E-03, -5.93296E-03, -6.21758E-03, -6.51046E-03, -6.81008E-03, -7.11436E-03, -7.42054E-03, -7.72505E-03, -8.02332E-03, -8.30963E-03, -8.57684E-03, -8.81622E-03, -9.01727E-03, -9.16759E-03, -9.25296E-03, -9.25767E-03, -9.16551E-03, -8.96165E-03, -8.63613E-03, -8.18998E-03, -7.64523E-03, -7.06048E-03, -6.55276E-03, -6.32207E-03, -6.65900E-03, -7.87738E-03, -1.00610E-02, -1.26036E-02, -1.40859E-02, -1.33981E-02, -1.10788E-02, -8.63010E-03, -7.01692E-03, -6.36798E-03, -6.41526E-03, -6.84359E-03, -7.41620E-03, -7.98627E-03, -8.47524E-03, -8.84899E-03, -9.09973E-03, -9.23401E-03, -9.26531E-03, -9.20959E-03, -9.08290E-03, -8.90013E-03, -8.67439E-03, -8.41694E-03, -8.13718E-03, -7.84283E-03, -7.54016E-03, -7.23416E-03, -6.92877E-03, -6.62704E-03, -6.33131E-03, -6.04330E-03, -5.76428E-03, -5.49511E-03, -5.23635E-03, -4.98831E-03, -4.75113E-03, -4.52477E-03, -4.30910E-03,
 -4.43215E-03, -4.66364E-03, -4.90795E-03, -5.16550E-03, -5.43668E-03, -5.72178E-03, -6.02093E-03, -6.33413E-03, -6.66113E-03, -7.00141E-03, -7.35407E-03, -7.71777E-03, -8.09060E-03, -8.46996E-03, -8.85240E-03, -9.23348E-03, -9.60759E-03, -9.96781E-03, -1.03058E-02, -1.06117E-02, -1.08746E-02, -1.10831E-02, -1.12264E-02, -1.12972E-02, -1.12958E-02, -1.12377E-02, -1.11650E-02, -1.11626E-02, -1.13775E-02, -1.20322E-02, -1.34028E-02, -1.57030E-02, -1.88061E-02, -2.18944E-02, -2.35511E-02, -2.27929E-02, -2.00883E-02, -1.68490E-02, -1.41879E-02, -1.24681E-02, -1.15667E-02, -1.12103E-02, -1.11492E-02, -1.12075E-02, -1.12782E-02, -1.13048E-02, -1.12630E-02, -1.11475E-02, -1.09634E-02, -1.07204E-02, -1.04299E-02, -1.01033E-02, -9.75068E-03, -9.38110E-03, -9.00201E-03, -8.61951E-03, -8.23848E-03, -7.86275E-03, -7.49521E-03, -7.13804E-03, -6.79278E-03, -6.46051E-03, -6.14186E-03, -5.83720E-03, -5.54661E-03, -5.27001E-03, -5.00716E-03, -4.75772E-03, -4.52127E-03,
 -4.62869E-03, -4.87965E-03, -5.14559E-03, -5.42725E-03, -5.72530E-03, -6.04037E-03, -6.37301E-03, -6.72364E-03, -7.09252E-03, -7.47969E-03, -7.88493E-03, -8.30761E-03, -8.74666E-03, -9.20041E-03, -9.66647E-03, -1.01416E-02, -1.06215E-02, -1.11007E-02, -1.15723E-02, -1.20284E-02, -1.24595E-02, -1.28555E-02, -1.32070E-02, -1.35064E-02, -1.37523E-02, -1.39548E-02, -1.41440E-02, -1.43815E-02, -1.47715E-02, -1.54638E-02, -1.66260E-02, -1.83525E-02, -2.04918E-02, -2.24897E-02, -2.35200E-02, -2.30517E-02, -2.13346E-02, -1.91617E-02, -1.72353E-02, -1.58544E-02, -1.49970E-02, -1.45086E-02, -1.42265E-02, -1.40279E-02, -1.38356E-02, -1.36088E-02, -1.33306E-02, -1.29989E-02, -1.26192E-02, -1.22006E-02, -1.17532E-02, -1.12866E-02, -1.08095E-02, -1.03292E-02, -9.85159E-03, -9.38153E-03, -8.92263E-03, -8.47759E-03, -8.04835E-03, -7.63619E-03, -7.24190E-03, -6.86585E-03, -6.50809E-03, -6.16846E-03, -5.84657E-03, -5.54193E-03, -5.25393E-03, -4.98192E-03, -4.72518E-03,
 -4.81546E-03, -5.08516E-03, -5.37201E-03, -5.67698E-03, -6.00105E-03, -6.34520E-03, -6.71037E-03, -7.09743E-03, -7.50714E-03, -7.94012E-03, -8.39676E-03, -8.87719E-03, -9.38112E-03, -9.90782E-03, -1.04559E-02, -1.10231E-02, -1.16064E-02, -1.22014E-02, -1.28024E-02, -1.34021E-02, -1.39915E-02, -1.45598E-02, -1.50950E-02, -1.55840E-02, -1.60144E-02, -1.63770E-02, -1.66688E-02, -1.68983E-02, -1.70903E-02, -1.72870E-02, -1.75408E-02, -1.78891E-02, -1.83127E-02, -1.87049E-02, -1.89059E-02, -1.88146E-02, -1.84785E-02, -1.80498E-02, -1.76652E-02, -1.73768E-02, -1.71639E-02, -1.69760E-02, -1.67651E-02, -1.64995E-02, -1.61648E-02, -1.57601E-02, -1.52926E-02, -1.47740E-02, -1.42171E-02, -1.36346E-02, -1.30377E-02, -1.24363E-02, -1.18382E-02, -1.12497E-02, -1.06758E-02, -1.01199E-02, -9.58464E-03, -9.07167E-03, -8.58199E-03, -8.11603E-03, -7.67383E-03, -7.25507E-03, -6.85923E-03, -6.48559E-03, -6.13332E-03, -5.80150E-03, -5.48917E-03, -5.19535E-03, -4.91905E-03,
 -4.99077E-03, -5.27831E-03, -5.58505E-03, -5.91225E-03, -6.26118E-03, -6.63315E-03, -7.02950E-03, -7.45152E-03, -7.90047E-03, -8.37753E-03, -8.88373E-03, -9.41989E-03, -9.98654E-03, -1.05838E-02, -1.12112E-02, -1.18676E-02, -1.25509E-02, -1.32576E-02, -1.39830E-02, -1.47201E-02, -1.54595E-02, -1.61885E-02, -1.68906E-02, -1.75443E-02, -1.81216E-02, -1.85870E-02, -1.88949E-02, -1.89880E-02, -1.87965E-02, -1.82438E-02, -1.72681E-02, -1.58767E-02, -1.42407E-02, -1.27739E-02, -1.20343E-02, -1.23692E-02, -1.36160E-02, -1.52482E-02, -1.67683E-02, -1.79143E-02, -1.86273E-02, -1.89511E-02, -1.89605E-02, -1.87292E-02, -1.83194E-02, -1.77811E-02, -1.71536E-02, -1.64676E-02, -1.57469E-02, -1.50099E-02, -1.42706E-02, -1.35397E-02, -1.28249E-02, -1.21320E-02, -1.14648E-02, -1.08258E-02, -1.02167E-02, -9.63805E-03, -9.09000E-03, -8.57215E-03, -8.08380E-03, -7.62398E-03, -7.19156E-03, -6.78532E-03, -6.40396E-03, -6.04617E-03, -5.71062E-03, -5.39602E-03, -5.10111E-03,
 -5.15300E-03, -5.45724E-03, -5.78265E-03, -6.13071E-03, -6.50302E-03, -6.90120E-03, -7.32694E-03, -7.78198E-03, -8.26806E-03, -8.78690E-03, -9.34013E-03, -9.92927E-03, -1.05556E-02, -1.12201E-02, -1.19233E-02, -1.26650E-02, -1.34440E-02, -1.42579E-02, -1.51027E-02, -1.59717E-02, -1.68550E-02, -1.77381E-02, -1.86000E-02, -1.94107E-02, -2.01270E-02, -2.06872E-02, -2.10038E-02, -2.09542E-02, -2.03738E-02, -1.90610E-02, -1.68195E-02, -1.35840E-02, -9.67113E-03, -6.04923E-03, -4.17968E-03, -5.03003E-03, -8.14217E-03, -1.20959E-02, -1.56658E-02, -1.83028E-02, -1.99590E-02, -2.08007E-02, -2.10361E-02, -2.08461E-02, -2.03690E-02, -1.97052E-02, -1.89255E-02, -1.80794E-02, -1.72017E-02, -1.63164E-02, -1.54404E-02, -1.45852E-02, -1.37586E-02, -1.29655E-02, -1.22091E-02, -1.14908E-02, -1.08111E-02, -1.01699E-02, -9.56638E-03, -8.99927E-03, -8.46716E-03, -7.96846E-03, -7.50147E-03, -7.06447E-03, -6.65570E-03, -6.27347E-03, -5.91611E-03, -5.58202E-03, -5.26967E-03,
 -5.30063E-03, -5.62023E-03, -5.96282E-03, -6.33014E-03, -6.72403E-03, -7.14644E-03, -7.59941E-03, -8.08509E-03, -8.60566E-03, -9.16338E-03, -9.76046E-03, -1.03991E-02, -1.10813E-02, -1.18090E-02, -1.25834E-02, -1.34055E-02, -1.42752E-02, -1.51911E-02, -1.61500E-02, -1.71460E-02, -1.81694E-02, -1.92049E-02, -2.02286E-02, -2.12048E-02, -2.20795E-02, -2.27721E-02, -2.31630E-02, -2.30784E-02, -2.22739E-02, -2.04310E-02, -1.71992E-02, -1.23635E-02, -6.24969E-03, -3.18307E-04,  2.85323E-03,  1.40103E-03, -3.77895E-03, -1.00729E-02, -1.54975E-02, -1.93492E-02, -2.16958E-02, -2.28653E-02, -2.31983E-02, -2.29692E-02, -2.23779E-02, -2.15631E-02, -2.06189E-02, -1.96086E-02, -1.85744E-02, -1.75441E-02, -1.65359E-02, -1.55615E-02, -1.46283E-02, -1.37403E-02, -1.28995E-02, -1.21065E-02, -1.13607E-02, -1.06608E-02, -1.00054E-02, -9.39228E-03, -8.81942E-03, -8.28458E-03, -7.78551E-03, -7.31999E-03, -6.88586E-03, -6.48105E-03, -6.10356E-03, -5.75150E-03, -5.42310E-03,
 -5.43222E-03, -5.76565E-03, -6.12373E-03, -6.50842E-03, -6.92181E-03, -7.36615E-03, -7.84381E-03, -8.35730E-03, -8.90925E-03, -9.50238E-03, -1.01395E-02, -1.08234E-02, -1.15569E-02, -1.23427E-02, -1.31830E-02, -1.40797E-02, -1.50340E-02, -1.60457E-02, -1.71130E-02, -1.82313E-02, -1.93922E-02, -2.05811E-02, -2.17747E-02, -2.29362E-02, -2.40085E-02, -2.49041E-02, -2.54904E-02, -2.55694E-02, -2.48540E-02, -2.29519E-02, -1.93917E-02, -1.37910E-02, -6.35444E-03,  1.21408E-03,  5.40637E-03,  3.47394E-03, -3.24412E-03, -1.10488E-02, -1.74523E-02, -2.17821E-02, -2.42759E-02, -2.54033E-02, -2.55954E-02, -2.51797E-02, -2.43862E-02, -2.33705E-02, -2.22358E-02, -2.10494E-02, -1.98553E-02, -1.86813E-02, -1.75450E-02, -1.64570E-02, -1.54232E-02, -1.44464E-02, -1.35272E-02, -1.26650E-02, -1.18582E-02, -1.11045E-02, -1.04015E-02, -9.74638E-03, -9.13636E-03, -8.56862E-03, -8.04040E-03, -7.54902E-03, -7.09193E-03, -6.66669E-03, -6.27103E-03, -5.90277E-03, -5.55992E-03,
 -5.54646E-03, -5.89201E-03, -6.26368E-03, -6.66363E-03, -7.09418E-03, -7.55784E-03, -8.05729E-03, -8.59536E-03, -9.17509E-03, -9.79966E-03, -1.04724E-02, -1.11967E-02, -1.19761E-02, -1.28141E-02, -1.37138E-02, -1.46783E-02, -1.57100E-02, -1.68102E-02, -1.79790E-02, -1.92138E-02, -2.05086E-02, -2.18522E-02, -2.32249E-02, -2.45949E-02, -2.59112E-02, -2.70948E-02, -2.80235E-02, -2.85130E-02, -2.82913E-02, -2.69771E-02, -2.40933E-02, -1.92082E-02, -1.24116E-02, -5.26277E-03, -1.22343E-03, -3.09183E-03, -9.49801E-03, -1.67339E-02, -2.24342E-02, -2.60630E-02, -2.79318E-02, -2.85294E-02, -2.82803E-02, -2.74972E-02, -2.63959E-02, -2.51201E-02, -2.37638E-02, -2.23875E-02, -2.10296E-02, -1.97139E-02, -1.84547E-02, -1.72596E-02, -1.61325E-02, -1.50740E-02, -1.40835E-02, -1.31587E-02, -1.22970E-02, -1.14951E-02, -1.07496E-02, -1.00571E-02, -9.41404E-03, -8.81715E-03, -8.26314E-03, -7.74893E-03, -7.27159E-03, -6.82838E-03, -6.41674E-03, -6.03426E-03, -5.67874E-03,
 -5.64220E-03, -5.99799E-03, -6.38117E-03, -6.79406E-03, -7.23918E-03, -7.71927E-03, -8.23727E-03, -8.79632E-03, -9.39981E-03, -1.00513E-02, -1.07547E-02, -1.15139E-02, -1.23330E-02, -1.32163E-02, -1.41681E-02, -1.51923E-02, -1.62928E-02, -1.74727E-02, -1.87340E-02, -2.00772E-02, -2.14999E-02, -2.29959E-02, -2.45528E-02, -2.61489E-02, -2.77485E-02, -2.92951E-02, -3.07014E-02, -3.18354E-02, -3.25045E-02, -3.24431E-02, -3.13270E-02, -2.88756E-02, -2.51600E-02, -2.11510E-02, -1.88802E-02, -1.99301E-02, -2.35309E-02, -2.75445E-02, -3.05353E-02, -3.21503E-02, -3.25846E-02, -3.21657E-02, -3.11868E-02, -2.98684E-02, -2.83642E-02, -2.67772E-02, -2.51745E-02, -2.35990E-02, -2.20773E-02, -2.06248E-02, -1.92501E-02, -1.79567E-02, -1.67451E-02, -1.56138E-02, -1.45602E-02, -1.35805E-02, -1.26709E-02, -1.18271E-02, -1.10450E-02, -1.03203E-02, -9.64891E-03, -9.02706E-03, -8.45103E-03, -7.91735E-03, -7.42279E-03, -6.96431E-03, -6.53911E-03, -6.14459E-03, -5.77835E-03,
 -5.71844E-03, -6.08247E-03, -6.47491E-03, -6.89823E-03, -7.35512E-03, -7.84850E-03, -8.38153E-03, -8.95763E-03, -9.58047E-03, -1.02540E-02, -1.09825E-02, -1.17703E-02, -1.26223E-02, -1.35434E-02, -1.45386E-02, -1.56133E-02, -1.67724E-02, -1.80210E-02, -1.93635E-02, -2.08036E-02, -2.23435E-02, -2.39833E-02, -2.57200E-02, -2.75460E-02, -2.94469E-02, -3.13994E-02, -3.33677E-02, -3.53017E-02, -3.71379E-02, -3.88120E-02, -4.02966E-02, -4.16741E-02, -4.31778E-02, -4.48971E-02, -4.60355E-02, -4.54908E-02, -4.38424E-02, -4.22326E-02, -4.08385E-02, -3.94145E-02, -3.78154E-02, -3.60359E-02, -3.41321E-02, -3.21704E-02, -3.02068E-02, -2.82822E-02, -2.64247E-02, -2.46518E-02, -2.29735E-02, -2.13944E-02, -1.99155E-02, -1.85351E-02, -1.72502E-02, -1.60566E-02, -1.49495E-02, -1.39238E-02, -1.29743E-02, -1.20959E-02, -1.12835E-02, -1.05324E-02, -9.83785E-03, -9.19565E-03, -8.60171E-03, -8.05224E-03, -7.54373E-03, -7.07292E-03, -6.63679E-03, -6.23257E-03, -5.85770E-03,
 -5.77438E-03, -6.14452E-03, -6.54385E-03, -6.97493E-03, -7.44061E-03, -7.94393E-03, -8.48824E-03, -9.07716E-03, -9.71461E-03, -1.04048E-02, -1.11524E-02, -1.19622E-02, -1.28394E-02, -1.37897E-02, -1.48190E-02, -1.59334E-02, -1.71393E-02, -1.84436E-02, -1.98530E-02, -2.13744E-02, -2.30148E-02, -2.47812E-02, -2.66806E-02, -2.87207E-02, -3.09106E-02, -3.32631E-02, -3.57998E-02, -3.85615E-02, -4.16318E-02, -4.51851E-02, -4.95857E-02, -5.55509E-02, -6.42190E-02, -7.59331E-02, -8.48371E-02, -8.04364E-02, -6.85392E-02, -5.85540E-02, -5.16790E-02, -4.67770E-02, -4.29507E-02, -3.97197E-02, -3.68507E-02, -3.42324E-02, -3.18111E-02, -2.95595E-02, -2.74619E-02, -2.55084E-02, -2.36908E-02, -2.20020E-02, -2.04348E-02, -1.89824E-02, -1.76378E-02, -1.63941E-02, -1.52447E-02, -1.41829E-02, -1.32024E-02, -1.22972E-02, -1.14616E-02, -1.06903E-02, -9.97825E-03, -9.32067E-03, -8.71324E-03, -8.15192E-03, -7.63296E-03, -7.15293E-03, -6.70865E-03, -6.29722E-03, -5.91595E-03,
 -5.80941E-03, -6.18345E-03, -6.58718E-03, -7.02325E-03, -7.49457E-03, -8.00433E-03, -8.55596E-03, -9.15325E-03, -9.80028E-03, -1.05015E-02, -1.12618E-02, -1.20862E-02, -1.29806E-02, -1.39509E-02, -1.50037E-02, -1.61460E-02, -1.73854E-02, -1.87301E-02, -2.01890E-02, -2.17719E-02, -2.34901E-02, -2.53567E-02, -2.73878E-02, -2.96049E-02, -3.20376E-02, -3.47309E-02, -3.77555E-02, -4.12299E-02, -4.53611E-02, -5.05294E-02, -5.74760E-02, -6.77539E-02, -8.49081E-02, -1.16904E-01, -1.60108E-01, -1.35150E-01, -9.50438E-02, -7.33380E-02, -6.09708E-02, -5.29765E-02, -4.72307E-02, -4.27529E-02, -3.90531E-02, -3.58702E-02, -3.30577E-02, -3.05294E-02, -2.82321E-02, -2.61311E-02, -2.42023E-02, -2.24277E-02, -2.07932E-02, -1.92870E-02, -1.78988E-02, -1.66192E-02, -1.54398E-02, -1.43528E-02, -1.33510E-02, -1.24277E-02, -1.15765E-02, -1.07918E-02, -1.00680E-02, -9.40035E-03, -8.78410E-03, -8.21506E-03, -7.68935E-03, -7.20337E-03, -6.75386E-03, -6.33780E-03, -5.95245E-03,
 -5.82313E-03, -6.19879E-03, -6.60437E-03, -7.04256E-03, -7.51631E-03, -8.02886E-03, -8.58372E-03, -9.18475E-03, -9.83615E-03, -1.05425E-02, -1.13087E-02, -1.21403E-02, -1.30432E-02, -1.40236E-02, -1.50887E-02, -1.62461E-02, -1.75041E-02, -1.88720E-02, -2.03604E-02, -2.19813E-02, -2.37490E-02, -2.56811E-02, -2.78007E-02, -3.01387E-02, -3.27392E-02, -3.56682E-02, -3.90273E-02, -4.29801E-02, -4.77988E-02, -5.39620E-02, -6.23798E-02, -7.50314E-02, -9.72681E-02, -1.49786E-01, -3.42069E-01, -1.96263E-01, -1.11745E-01, -8.20585E-02, -6.66527E-02, -5.69144E-02, -5.00143E-02, -4.47428E-02, -4.04919E-02, -3.69245E-02, -3.38420E-02, -3.11223E-02, -2.86878E-02, -2.64870E-02, -2.44846E-02, -2.26548E-02, -2.09783E-02, -1.94397E-02, -1.80259E-02, -1.67260E-02, -1.55303E-02, -1.44301E-02, -1.34173E-02, -1.24849E-02, -1.16262E-02, -1.08350E-02, -1.01058E-02, -9.43349E-03, -8.81326E-03, -8.24080E-03, -7.71213E-03, -7.22359E-03, -6.77185E-03, -6.35384E-03, -5.96678E-03,
 -5.81536E-03, -6.19034E-03, -6.59517E-03, -7.03256E-03, -7.50547E-03, -8.01711E-03, -8.57104E-03, -9.17109E-03, -9.82151E-03, -1.05269E-02, -1.12923E-02, -1.21231E-02, -1.30254E-02, -1.40058E-02, -1.50714E-02, -1.62302E-02, -1.74910E-02, -1.88636E-02, -2.03595E-02, -2.19918E-02, -2.37767E-02, -2.57341E-02, -2.78901E-02, -3.02803E-02, -3.29545E-02, -3.59859E-02, -3.94840E-02, -4.36177E-02, -4.86540E-02, -5.50317E-02, -6.35188E-02, -7.56063E-02, -9.46062E-02, -1.27992E-01, -1.71471E-01, -1.46491E-01, -1.05378E-01, -8.19290E-02, -6.76980E-02, -5.80430E-02, -5.09581E-02, -4.54622E-02, -4.10143E-02, -3.72919E-02, -3.40935E-02, -3.12898E-02, -2.87954E-02, -2.65526E-02, -2.45210E-02, -2.26713E-02, -2.09814E-02, -1.94338E-02, -1.80143E-02, -1.67110E-02, -1.55134E-02, -1.44124E-02, -1.33995E-02, -1.24674E-02, -1.16094E-02, -1.08190E-02, -1.00908E-02, -9.41944E-03, -8.80020E-03, -8.22870E-03, -7.70094E-03, -7.21327E-03, -6.76234E-03, -6.34510E-03, -5.95874E-03,
 -5.78614E-03, -6.15812E-03, -6.55963E-03, -6.99331E-03, -7.46208E-03, -7.96912E-03, -8.51791E-03, -9.11225E-03, -9.75630E-03, -1.04546E-02, -1.12121E-02, -1.20343E-02, -1.29270E-02, -1.38969E-02, -1.49509E-02, -1.60971E-02, -1.73442E-02, -1.87022E-02, -2.01825E-02, -2.17985E-02, -2.35661E-02, -2.55055E-02, -2.76424E-02, -3.00112E-02, -3.26592E-02, -3.56532E-02, -3.90898E-02, -4.31099E-02, -4.79209E-02, -5.38291E-02, -6.12867E-02, -7.09418E-02, -8.35281E-02, -9.85203E-02, -1.08992E-01, -1.03890E-01, -8.92692E-02, -7.54891E-02, -6.47618E-02, -5.65326E-02, -5.00817E-02, -4.48846E-02, -4.05842E-02, -3.69391E-02, -3.37854E-02, -3.10113E-02, -2.85398E-02, -2.63168E-02, -2.43035E-02, -2.24713E-02, -2.07981E-02, -1.92664E-02, -1.78620E-02, -1.65727E-02, -1.53881E-02, -1.42990E-02, -1.32971E-02, -1.23750E-02, -1.15259E-02, -1.07438E-02, -1.00229E-02, -9.35819E-03, -8.74490E-03, -8.17876E-03, -7.65581E-03, -7.17245E-03, -6.72540E-03, -6.31163E-03, -5.92839E-03,
 -5.73573E-03, -6.10245E-03, -6.49807E-03, -6.92516E-03, -7.38656E-03, -7.88533E-03, -8.42484E-03, -9.00878E-03, -9.64115E-03, -1.03263E-02, -1.10691E-02, -1.18747E-02, -1.27488E-02, -1.36976E-02, -1.47280E-02, -1.58476E-02, -1.70647E-02, -1.83887E-02, -1.98303E-02, -2.14020E-02, -2.31182E-02, -2.49970E-02, -2.70605E-02, -2.93373E-02, -3.18654E-02, -3.46955E-02, -3.78967E-02, -4.15630E-02, -4.58190E-02, -5.08215E-02, -5.67396E-02, -6.36707E-02, -7.13663E-02, -7.85772E-02, -8.24990E-02, -8.06917E-02, -7.43688E-02, -6.66291E-02, -5.93332E-02, -5.30204E-02, -4.76787E-02, -4.31507E-02, -3.92703E-02, -3.58998E-02, -3.29339E-02, -3.02945E-02, -2.79244E-02, -2.57813E-02, -2.38332E-02, -2.20556E-02, -2.04293E-02, -1.89384E-02, -1.75697E-02, -1.63119E-02, -1.51552E-02, -1.40908E-02, -1.31109E-02, -1.22083E-02, -1.13766E-02, -1.06099E-02, -9.90280E-03, -9.25031E-03, -8.64791E-03, -8.09146E-03, -7.57716E-03, -7.10152E-03, -6.66135E-03, -6.25373E-03, -5.87599E-03,
 -5.66462E-03, -6.02386E-03, -6.41111E-03, -6.82883E-03, -7.27970E-03, -7.76665E-03, -8.29287E-03, -8.86184E-03, -9.47735E-03, -1.01435E-02, -1.08648E-02, -1.16461E-02, -1.24928E-02, -1.34105E-02, -1.44056E-02, -1.54849E-02, -1.66560E-02, -1.79273E-02, -1.93081E-02, -2.08088E-02, -2.24416E-02, -2.42204E-02, -2.61617E-02, -2.82854E-02, -3.06155E-02, -3.31813E-02, -3.60185E-02, -3.91685E-02, -4.26759E-02, -4.65773E-02, -5.08719E-02, -5.54514E-02, -5.99639E-02, -6.36535E-02, -6.54487E-02, -6.46394E-02, -6.15626E-02, -5.72573E-02, -5.26427E-02, -4.82140E-02, -4.41548E-02, -4.04965E-02, -3.72118E-02, -3.42574E-02, -3.15899E-02, -2.91714E-02, -2.69700E-02, -2.49599E-02, -2.31196E-02, -2.14315E-02, -1.98806E-02, -1.84542E-02, -1.71412E-02, -1.59319E-02, -1.48176E-02, -1.37904E-02, -1.28432E-02, -1.19695E-02, -1.11632E-02, -1.04190E-02, -9.73184E-03, -9.09701E-03, -8.51029E-03, -7.96776E-03, -7.46584E-03, -7.00121E-03, -6.57085E-03, -6.17198E-03, -5.80205E-03,
 -5.57350E-03, -5.92315E-03, -6.29966E-03, -6.70533E-03, -7.14266E-03, -7.61439E-03, -8.12349E-03, -8.67315E-03, -9.26687E-03, -9.90842E-03, -1.06019E-02, -1.13516E-02, -1.21624E-02, -1.30393E-02, -1.39879E-02, -1.50141E-02, -1.61244E-02, -1.73254E-02, -1.86249E-02, -2.00306E-02, -2.15513E-02, -2.31961E-02, -2.49747E-02, -2.68967E-02, -2.89710E-02, -3.12045E-02, -3.35991E-02, -3.61478E-02, -3.88281E-02, -4.15926E-02, -4.43568E-02, -4.69827E-02, -4.92623E-02, -5.09176E-02, -5.16607E-02, -5.13305E-02, -5.00015E-02, -4.79303E-02, -4.54110E-02, -4.26809E-02, -3.99039E-02, -3.71832E-02, -3.45792E-02, -3.21228E-02, -2.98261E-02, -2.76901E-02, -2.57094E-02, -2.38758E-02, -2.21798E-02, -2.06117E-02, -1.91620E-02, -1.78219E-02, -1.65833E-02, -1.54383E-02, -1.43800E-02, -1.34018E-02, -1.24975E-02, -1.16614E-02, -1.08884E-02, -1.01734E-02, -9.51208E-03, -8.90011E-03, -8.33363E-03, -7.80905E-03, -7.32306E-03, -6.87260E-03, -6.45484E-03, -6.06721E-03, -5.70731E-03,
 -5.46329E-03, -5.80136E-03, -6.16488E-03, -6.55599E-03, -6.97697E-03, -7.43030E-03, -7.91867E-03, -8.44497E-03, -9.01229E-03, -9.62398E-03, -1.02836E-02, -1.09950E-02, -1.17621E-02, -1.25894E-02, -1.34813E-02, -1.44426E-02, -1.54782E-02, -1.65934E-02, -1.77932E-02, -1.90828E-02, -2.04671E-02, -2.19501E-02, -2.35345E-02, -2.52201E-02, -2.70018E-02, -2.88659E-02, -3.07857E-02, -3.27135E-02, -3.45734E-02, -3.62566E-02, -3.76286E-02, -3.85648E-02, -3.90222E-02, -3.91153E-02, -3.90860E-02, -3.91046E-02, -3.90901E-02, -3.87985E-02, -3.80521E-02, -3.68384E-02, -3.52604E-02, -3.34549E-02, -3.15428E-02, -2.96129E-02, -2.77227E-02, -2.59066E-02, -2.41824E-02, -2.25582E-02, -2.10357E-02, -1.96131E-02, -1.82870E-02, -1.70526E-02, -1.59050E-02, -1.48388E-02, -1.38490E-02, -1.29306E-02, -1.20786E-02, -1.12884E-02, -1.05557E-02, -9.87627E-03, -9.24625E-03, -8.66197E-03, -8.12000E-03, -7.61714E-03, -7.15042E-03, -6.71708E-03, -6.31457E-03, -5.94051E-03, -5.59271E-03,
 -5.33506E-03, -5.65971E-03, -6.00819E-03, -6.38242E-03, -6.78445E-03, -7.21647E-03, -7.68083E-03, -8.18004E-03, -8.71678E-03, -9.29386E-03, -9.91426E-03, -1.05811E-02, -1.12976E-02, -1.20672E-02, -1.28932E-02, -1.37791E-02, -1.47281E-02, -1.57435E-02, -1.68280E-02, -1.79837E-02, -1.92117E-02, -2.05112E-02, -2.18786E-02, -2.33052E-02, -2.47749E-02, -2.62586E-02, -2.77082E-02, -2.90465E-02, -3.01573E-02, -3.08807E-02, -3.10305E-02, -3.04663E-02, -2.92517E-02, -2.78464E-02, -2.70498E-02, -2.74173E-02, -2.86840E-02, -3.00532E-02, -3.08980E-02, -3.10177E-02, -3.04967E-02, -2.95163E-02, -2.82508E-02, -2.68336E-02, -2.53561E-02, -2.38766E-02, -2.24306E-02, -2.10387E-02, -1.97120E-02, -1.84557E-02, -1.72718E-02, -1.61596E-02, -1.51175E-02, -1.41428E-02, -1.32327E-02, -1.23836E-02, -1.15924E-02, -1.08555E-02, -1.01696E-02, -9.53137E-03, -8.93770E-03, -8.38552E-03, -7.87194E-03, -7.39425E-03, -6.94986E-03, -6.53636E-03, -6.15150E-03, -5.79317E-03, -5.45942E-03,
 -5.19010E-03, -5.49964E-03, -5.83122E-03, -6.18650E-03, -6.56725E-03, -6.97534E-03, -7.41276E-03, -7.88159E-03, -8.38401E-03, -8.92228E-03, -9.49872E-03, -1.01157E-02, -1.07754E-02, -1.14804E-02, -1.22325E-02, -1.30339E-02, -1.38861E-02, -1.47901E-02, -1.57461E-02, -1.67533E-02, -1.78092E-02, -1.89086E-02, -2.00427E-02, -2.11968E-02, -2.23472E-02, -2.34562E-02, -2.44643E-02, -2.52792E-02, -2.57619E-02, -2.57162E-02, -2.49006E-02, -2.31115E-02, -2.04192E-02, -1.75502E-02, -1.59436E-02, -1.66847E-02, -1.92485E-02, -2.21438E-02, -2.43222E-02, -2.55024E-02, -2.58197E-02, -2.55172E-02, -2.48128E-02, -2.38671E-02, -2.27889E-02, -2.16492E-02, -2.04931E-02, -1.93490E-02, -1.82347E-02, -1.71611E-02, -1.61344E-02, -1.51581E-02, -1.42337E-02, -1.33614E-02, -1.25403E-02, -1.17690E-02, -1.10459E-02, -1.03687E-02, -9.73525E-03, -9.14324E-03, -8.59031E-03, -8.07413E-03, -7.59241E-03, -7.14295E-03, -6.72362E-03, -6.33240E-03, -5.96737E-03, -5.62672E-03, -5.30874E-03,
 -5.02981E-03, -5.32278E-03, -5.63581E-03, -5.97031E-03, -6.32775E-03, -6.70964E-03, -7.11759E-03, -7.55320E-03, -8.01814E-03, -8.51402E-03, -9.04246E-03, -9.60496E-03, -1.02029E-02, -1.08373E-02, -1.15091E-02, -1.22186E-02, -1.29655E-02, -1.37487E-02, -1.45658E-02, -1.54129E-02, -1.62841E-02, -1.71706E-02, -1.80593E-02, -1.89316E-02, -1.97602E-02, -2.05052E-02, -2.11071E-02, -2.14761E-02, -2.14772E-02, -2.09124E-02, -1.95184E-02, -1.70336E-02, -1.34619E-02, -9.62392E-03, -7.43096E-03, -8.44712E-03, -1.19055E-02, -1.57449E-02, -1.86860E-02, -2.04815E-02, -2.13368E-02, -2.15297E-02, -2.12855E-02, -2.07620E-02, -2.00646E-02, -1.92630E-02, -1.84040E-02, -1.75191E-02, -1.66299E-02, -1.57515E-02, -1.48941E-02, -1.40646E-02, -1.32679E-02, -1.25066E-02, -1.17824E-02, -1.10958E-02, -1.04468E-02, -9.83471E-03, -9.25851E-03, -8.71691E-03, -8.20847E-03, -7.73161E-03, -7.28472E-03, -6.86613E-03, -6.47423E-03, -6.10741E-03, -5.76411E-03, -5.44285E-03, -5.14218E-03,
 -4.85573E-03, -5.13087E-03, -5.42396E-03, -5.73614E-03, -6.06855E-03, -6.42236E-03, -6.79874E-03, -7.19880E-03, -7.62365E-03, -8.07426E-03, -8.55148E-03, -9.05592E-03, -9.58792E-03, -1.01474E-02, -1.07337E-02, -1.13456E-02, -1.19808E-02, -1.26359E-02, -1.33060E-02, -1.39841E-02, -1.46610E-02, -1.53242E-02, -1.59572E-02, -1.65385E-02, -1.70396E-02, -1.74231E-02, -1.76384E-02, -1.76155E-02, -1.72541E-02, -1.64085E-02, -1.48764E-02, -1.24377E-02, -9.06897E-03, -5.46929E-03, -3.40195E-03, -4.36127E-03, -7.61060E-03, -1.12145E-02, -1.40395E-02, -1.59033E-02, -1.69907E-02, -1.75212E-02, -1.76625E-02, -1.75308E-02, -1.72062E-02, -1.67460E-02, -1.61923E-02, -1.55767E-02, -1.49231E-02, -1.42499E-02, -1.35709E-02, -1.28968E-02, -1.22351E-02, -1.15917E-02, -1.09703E-02, -1.03738E-02, -9.80366E-03, -9.26087E-03, -8.74567E-03, -8.25785E-03, -7.79692E-03, -7.36210E-03, -6.95245E-03, -6.56694E-03, -6.20443E-03, -5.86378E-03, -5.54382E-03, -5.24339E-03, -4.96136E-03,
 -4.66952E-03, -4.92578E-03, -5.19780E-03, -5.48641E-03, -5.79244E-03, -6.11667E-03, -6.45983E-03, -6.82255E-03, -7.20534E-03, -7.60851E-03, -8.03211E-03, -8.47587E-03, -8.93905E-03, -9.42034E-03, -9.91767E-03, -1.04280E-02, -1.09471E-02, -1.14693E-02, -1.19867E-02, -1.24895E-02, -1.29648E-02, -1.33961E-02, -1.37632E-02, -1.40412E-02, -1.42001E-02, -1.42048E-02, -1.40156E-02, -1.35889E-02, -1.28777E-02, -1.18323E-02, -1.03989E-02, -8.53585E-03, -6.30497E-03, -4.12210E-03, -2.92180E-03, -3.47498E-03, -5.40303E-03, -7.69489E-03, -9.72156E-03, -1.13204E-02, -1.25112E-02, -1.33471E-02, -1.38794E-02, -1.41562E-02, -1.42224E-02, -1.41194E-02, -1.38842E-02, -1.35487E-02, -1.31399E-02, -1.26796E-02, -1.21859E-02, -1.16729E-02, -1.11515E-02, -1.06305E-02, -1.01161E-02, -9.61325E-03, -9.12538E-03, -8.65492E-03, -8.20344E-03, -7.77189E-03, -7.36071E-03, -6.96997E-03, -6.59945E-03, -6.24870E-03, -5.91714E-03, -5.60408E-03, -5.30875E-03, -5.03033E-03, -4.76800E-03,
 -4.47289E-03, -4.70947E-03, -4.95954E-03, -5.22365E-03, -5.50228E-03, -5.79585E-03, -6.10463E-03, -6.42877E-03, -6.76816E-03, -7.12246E-03, -7.49094E-03, -7.87240E-03, -8.26505E-03, -8.66632E-03, -9.07269E-03, -9.47938E-03, -9.88013E-03, -1.02667E-02, -1.06286E-02, -1.09524E-02, -1.12212E-02, -1.14140E-02, -1.15052E-02, -1.14640E-02, -1.12551E-02, -1.08392E-02, -1.01774E-02, -9.23769E-03, -8.00917E-03, -6.52339E-03, -4.88250E-03, -3.27748E-03, -1.95725E-03, -1.11663E-03, -7.89775E-04, -9.30452E-04, -1.56534E-03, -2.71322E-03, -4.23669E-03, -5.89100E-03, -7.45445E-03, -8.79070E-03, -9.84390E-03, -1.06115E-02, -1.11191E-02, -1.14043E-02, -1.15067E-02, -1.14634E-02, -1.13070E-02, -1.10653E-02, -1.07608E-02, -1.04120E-02, -1.00337E-02, -9.63736E-03, -9.23215E-03, -8.82501E-03, -8.42127E-03, -8.02489E-03, -7.63879E-03, -7.26506E-03, -6.90510E-03, -6.55981E-03, -6.22968E-03, -5.91489E-03, -5.61540E-03, -5.33096E-03, -5.06122E-03, -4.80571E-03, -4.56392E-03,
 -4.26762E-03, -4.48394E-03, -4.71146E-03, -4.95045E-03, -5.20104E-03, -5.46328E-03, -5.73701E-03, -6.02186E-03, -6.31718E-03, -6.62194E-03, -6.93465E-03, -7.25322E-03, -7.57482E-03, -7.89564E-03, -8.21071E-03, -8.51355E-03, -8.79582E-03, -9.04685E-03, -9.25306E-03, -9.39732E-03, -9.45812E-03, -9.40865E-03, -9.21580E-03, -8.83924E-03, -8.23073E-03, -7.33437E-03, -6.08879E-03, -4.43348E-03, -2.32328E-03,  2.42773E-04,  3.17132E-03,  6.20892E-03,  8.91420E-03,  1.07897E-02,  1.15661E-02,  1.12280E-02,  9.76983E-03,  7.33650E-03,  4.36790E-03,  1.35568E-03, -1.37075E-03, -3.66312E-03, -5.49271E-03, -6.89187E-03, -7.91746E-03, -8.63160E-03, -9.09277E-03, -9.35230E-03, -9.45357E-03, -9.43242E-03, -9.31799E-03, -9.13376E-03, -8.89848E-03, -8.62703E-03, -8.33112E-03, -8.01997E-03, -7.70073E-03, -7.37893E-03, -7.05879E-03, -6.74350E-03, -6.43542E-03, -6.13625E-03, -5.84721E-03, -5.56907E-03, -5.30231E-03, -5.04715E-03, -4.80363E-03, -4.57165E-03, -4.35098E-03,
 -4.05550E-03, -4.25123E-03, -4.45588E-03, -4.66942E-03, -4.89168E-03, -5.12233E-03, -5.36079E-03, -5.60623E-03, -5.85742E-03, -6.11272E-03, -6.36989E-03, -6.62600E-03, -6.87720E-03, -7.11853E-03, -7.34362E-03, -7.54433E-03, -7.71030E-03, -7.82838E-03, -7.88192E-03, -7.84981E-03, -7.70539E-03, -7.41486E-03, -6.93544E-03, -6.21280E-03, -5.17781E-03, -3.74209E-03, -1.79204E-03,  8.19516E-04,  4.28478E-03,  8.85482E-03,  1.48441E-02,  2.25636E-02,  3.19515E-02,  4.14523E-02,  4.68653E-02,  4.43515E-02,  3.58304E-02,  2.60747E-02,  1.76474E-02,  1.10112E-02,  5.92598E-03,  2.06184E-03, -8.58055E-04, -3.04731E-03, -4.66919E-03, -5.84927E-03, -6.68499E-03, -7.25241E-03, -7.61121E-03, -7.80835E-03, -7.88089E-03, -7.85808E-03, -7.76306E-03, -7.61409E-03, -7.42560E-03, -7.20897E-03, -6.97315E-03, -6.72516E-03, -6.47046E-03, -6.21331E-03, -5.95697E-03, -5.70395E-03, -5.45609E-03, -5.21478E-03, -4.98099E-03, -4.75539E-03, -4.53841E-03, -4.33027E-03, -4.13106E-03,
 -3.83831E-03, -4.01334E-03, -4.19505E-03, -4.38314E-03, -4.57712E-03, -4.77632E-03, -4.97978E-03, -5.18619E-03, -5.39383E-03, -5.60045E-03, -5.80315E-03, -5.99818E-03, -6.18079E-03, -6.34494E-03, -6.48296E-03, -6.58517E-03, -6.63932E-03, -6.62988E-03, -6.53718E-03, -6.33615E-03, -5.99472E-03, -5.47148E-03, -4.71250E-03, -3.64643E-03, -2.17708E-03, -1.71303E-04,  2.56168E-03,  6.30737E-03,  1.15155E-02,  1.89327E-02,  2.98448E-02,  4.64127E-02,  7.14799E-02,  1.04431E-01,  1.28012E-01,  1.16535E-01,  8.38439E-02,  5.50749E-02,  3.55026E-02,  2.26913E-02,  1.41001E-02,  8.13911E-03,  3.88708E-03,  7.98734E-04, -1.46481E-03, -3.12568E-03, -4.33645E-03, -5.20596E-03, -5.81422E-03, -6.22128E-03, -6.47299E-03, -6.60476E-03, -6.64418E-03, -6.61287E-03, -6.52785E-03, -6.40256E-03, -6.24763E-03, -6.07144E-03, -5.88064E-03, -5.68045E-03, -5.47497E-03, -5.26743E-03, -5.06031E-03, -4.85552E-03, -4.65452E-03, -4.45840E-03, -4.26794E-03, -4.08369E-03, -3.90602E-03,
 -3.61781E-03, -3.77226E-03, -3.93121E-03, -4.09412E-03, -4.26021E-03, -4.42848E-03, -4.59762E-03, -4.76590E-03, -4.93113E-03, -5.09054E-03, -5.24059E-03, -5.37687E-03, -5.49377E-03, -5.58432E-03, -5.63970E-03, -5.64887E-03, -5.59789E-03, -5.46914E-03, -5.24019E-03, -4.88232E-03, -4.35835E-03, -3.61953E-03, -2.60086E-03, -1.21367E-03,  6.66375E-04,  3.22007E-03,  6.72197E-03,  1.16115E-02,  1.86348E-02,  2.91448E-02,  4.57652E-02,  7.39160E-02,  1.25188E-01,  2.20317E-01,  3.31575E-01,  2.70209E-01,  1.55980E-01,  9.02703E-02,  5.49592E-02,  3.47100E-02,  2.22273E-02,  1.40499E-02,  8.43837E-03,  4.45834E-03,  1.57320E-03, -5.44902E-04, -2.10767E-03, -3.25840E-03, -4.09791E-03, -4.69940E-03, -5.11730E-03, -5.39288E-03, -5.55787E-03, -5.63696E-03, -5.64949E-03, -5.61074E-03, -5.53280E-03, -5.42528E-03, -5.29586E-03, -5.15061E-03, -4.99440E-03, -4.83108E-03, -4.66370E-03, -4.49467E-03, -4.32588E-03, -4.15880E-03, -3.99455E-03, -3.83397E-03, -3.67771E-03,
 -3.39570E-03, -3.52989E-03, -3.66650E-03, -3.80476E-03, -3.94365E-03, -4.08187E-03, -4.21776E-03, -4.34926E-03, -4.47376E-03, -4.58802E-03, -4.68799E-03, -4.76863E-03, -4.82368E-03, -4.84534E-03, -4.82388E-03, -4.74714E-03, -4.59980E-03, -4.36254E-03, -4.01072E-03, -3.51263E-03, -2.82694E-03, -1.89887E-03, -6.54341E-04,  1.00949E-03,  3.23984E-03,  6.25563E-03,  1.03971E-02,  1.62205E-02,  2.46904E-02,  3.75953E-02,  5.85342E-02,  9.56135E-02,  1.70799E-01,  3.69269E-01,  1.25450E+00,  5.57758E-01,  2.23513E-01,  1.18318E-01,  7.04036E-02,  4.45346E-02,  2.90713E-02,  1.91467E-02,  1.24349E-02,  7.71814E-03,  4.31140E-03,  1.80493E-03, -5.99328E-05, -1.45433E-03, -2.49612E-03, -3.26925E-03, -3.83521E-03, -4.24005E-03, -4.51887E-03, -4.69884E-03, -4.80119E-03, -4.84269E-03, -4.83662E-03, -4.79362E-03, -4.72217E-03, -4.62911E-03, -4.51991E-03, -4.39899E-03, -4.26989E-03, -4.13544E-03, -3.99792E-03, -3.85912E-03, -3.72048E-03, -3.58311E-03, -3.44789E-03,
 -3.17358E-03, -3.28802E-03, -3.40294E-03, -3.51734E-03, -3.62999E-03, -3.73933E-03, -3.84343E-03, -3.93990E-03, -4.02580E-03, -4.09751E-03, -4.15054E-03, -4.17939E-03, -4.17725E-03, -4.13573E-03, -4.04440E-03, -3.89028E-03, -3.65711E-03, -3.32437E-03, -2.86595E-03, -2.24819E-03, -1.42711E-03, -3.44199E-04,  1.08007E-03,  2.95663E-03,  5.44496E-03,  8.78258E-03,  1.33375E-02,  1.97060E-02,  2.89030E-02,  4.27571E-02,  6.47940E-02,  1.02462E-01,  1.73786E-01,  3.31010E-01,  6.40105E-01,  4.41450E-01,  2.19894E-01,  1.24700E-01,  7.70382E-02,  5.01221E-02,  3.36285E-02,  2.28923E-02,  1.55704E-02,  1.03941E-02,  6.63359E-03,  3.84681E-03,  1.75325E-03,  1.67360E-04, -1.03825E-03, -1.95386E-03, -2.64528E-03, -3.16157E-03, -3.54002E-03, -3.80945E-03, -3.99237E-03, -4.10657E-03, -4.16622E-03, -4.18267E-03, -4.16506E-03, -4.12077E-03, -4.05579E-03, -3.97497E-03, -3.88225E-03, -3.78082E-03, -3.67328E-03, -3.56172E-03, -3.44784E-03, -3.33300E-03, -3.21826E-03,
 -2.95298E-03, -3.04835E-03, -3.14240E-03, -3.23395E-03, -3.32156E-03, -3.40347E-03, -3.47751E-03, -3.54106E-03, -3.59089E-03, -3.62308E-03, -3.63284E-03, -3.61431E-03, -3.56033E-03, -3.46209E-03, -3.30875E-03, -3.08687E-03, -2.77969E-03, -2.36615E-03, -1.81952E-03, -1.10546E-03, -1.79198E-04,  1.01864E-03,  2.56844E-03,  4.58166E-03,  7.21703E-03,  1.07074E-02,  1.54055E-02,  2.18643E-02,  3.09804E-02,  4.42591E-02,  6.43021E-02,  9.56541E-02,  1.45636E-01,  2.19490E-01,  2.82304E-01,  2.50356E-01,  1.71960E-01,  1.12517E-01,  7.48873E-02,  5.11024E-02,  3.55700E-02,  2.50503E-02,  1.76842E-02,  1.23776E-02,  8.46526E-03,  5.52829E-03,  3.29379E-03,  1.57803E-03,  2.53440E-04, -7.71064E-04, -1.56216E-03, -2.16974E-03, -2.63182E-03, -2.97785E-03, -3.23091E-03, -3.40931E-03, -3.52770E-03, -3.59785E-03, -3.62932E-03, -3.62987E-03, -3.60584E-03, -3.56240E-03, -3.50380E-03, -3.43352E-03, -3.35441E-03, -3.26880E-03, -3.17861E-03, -3.08538E-03, -2.99041E-03,
 -2.73530E-03, -2.81244E-03, -2.88660E-03, -2.95647E-03, -3.02046E-03, -3.07661E-03, -3.12260E-03, -3.15560E-03, -3.17220E-03, -3.16825E-03, -3.13878E-03, -3.07771E-03, -2.97769E-03, -2.82974E-03, -2.62286E-03, -2.34353E-03, -1.97497E-03, -1.49624E-03, -8.80920E-04, -9.52942E-05,  9.04245E-04,  2.17501E-03,  3.79367E-03,  5.86490E-03,  8.53468E-03,  1.20112E-02,  1.65981E-02,  2.27469E-02,  3.11400E-02,  4.28123E-02,  5.93058E-02,  8.27420E-02,  1.15302E-01,  1.56315E-01,  1.89216E-01,  1.72344E-01,  1.30640E-01,  9.43156E-02,  6.75202E-02,  4.85891E-02,  3.52460E-02,  2.57172E-02,  1.87874E-02,  1.36535E-02,  9.78522E-03,  6.82881E-03,  4.54355E-03,  2.76212E-03,  1.36563E-03,  2.67668E-04, -5.95840E-04, -1.27333E-03, -1.80202E-03, -2.21094E-03, -2.52300E-03, -2.75646E-03, -2.92604E-03, -3.04365E-03, -3.11901E-03, -3.16007E-03, -3.17335E-03, -3.16426E-03, -3.13724E-03, -3.09597E-03, -3.04349E-03, -2.98232E-03, -2.91455E-03, -2.84189E-03, -2.76577E-03,
 -2.52180E-03, -2.58167E-03, -2.63708E-03, -2.68661E-03, -2.72853E-03, -2.76079E-03, -2.78092E-03, -2.78595E-03, -2.77237E-03, -2.73591E-03, -2.67150E-03, -2.57300E-03, -2.43303E-03, -2.24265E-03, -1.99099E-03, -1.66479E-03, -1.24773E-03, -7.19608E-04, -5.51764E-05,  7.77438E-04,  1.81895E-03,  3.12208E-03,  4.75604E-03,  6.81308E-03,  9.41804E-03,  1.27421E-02,  1.70221E-02,  2.25876E-02,  2.98923E-02,  3.95415E-02,  5.22808E-02,  6.88544E-02,  8.95354E-02,  1.12699E-01,  1.28977E-01,  1.20938E-01,  9.85350E-02,  7.64813E-02,  5.82779E-02,  4.41160E-02,  3.33513E-02,  2.52099E-02,  1.90256E-02,  1.42877E-02,  1.06221E-02,  7.75924E-03,  5.50479E-03,  3.71776E-03,  2.29448E-03,  1.15763E-03,  2.48680E-04, -4.77357E-04, -1.05550E-03, -1.51338E-03, -1.87301E-03, -2.15211E-03, -2.36506E-03, -2.52360E-03, -2.63738E-03, -2.71434E-03, -2.76108E-03, -2.78307E-03, -2.78487E-03, -2.77026E-03, -2.74244E-03, -2.70403E-03, -2.65726E-03, -2.60396E-03, -2.54569E-03,
 -2.31364E-03, -2.35728E-03, -2.39518E-03, -2.42581E-03, -2.44737E-03, -2.45771E-03, -2.45430E-03, -2.43410E-03, -2.39353E-03, -2.32832E-03, -2.23339E-03, -2.10268E-03, -1.92894E-03, -1.70346E-03, -1.41576E-03, -1.05314E-03, -6.00168E-04, -3.79086E-05,  6.56985E-04,  1.51358E-03,  2.56838E-03,  3.86770E-03,  5.47084E-03,  7.45444E-03,  9.91822E-03,  1.29922E-02,  1.68452E-02,  2.16925E-02,  2.77968E-02,  3.54506E-02,  4.49092E-02,  5.62234E-02,  6.88633E-02,  8.08828E-02,  8.76595E-02,  8.45033E-02,  7.38279E-02,  6.10760E-02,  4.91275E-02,  3.89280E-02,  3.05921E-02,  2.39163E-02,  1.86107E-02,  1.43968E-02,  1.10404E-02,  8.35523E-03,  6.19704E-03,  4.45524E-03,  3.04490E-03,  1.90054E-03,  9.71195E-04,  2.16835E-04, -3.94277E-04, -8.87556E-04, -1.28353E-03, -1.59891E-03, -1.84738E-03, -2.04025E-03, -2.18686E-03, -2.29501E-03, -2.37120E-03, -2.42086E-03, -2.44857E-03, -2.45817E-03, -2.45289E-03, -2.43544E-03, -2.40813E-03, -2.37288E-03, -2.33132E-03,
 -2.11178E-03, -2.14034E-03, -2.16204E-03, -2.17531E-03, -2.17828E-03, -2.16877E-03, -2.14422E-03, -2.10157E-03, -2.03728E-03, -1.94712E-03, -1.82611E-03, -1.66839E-03, -1.46696E-03, -1.21353E-03, -8.98210E-04, -5.09142E-04, -3.20794E-05,  5.50206E-04,  1.25865E-03,  2.11886E-03,  3.16232E-03,  4.42798E-03,  5.96419E-03,  7.83112E-03,  1.01033E-02,  1.28724E-02,  1.62476E-02,  2.03534E-02,  2.53168E-02,  3.12358E-02,  3.81127E-02,  4.57289E-02,  5.34353E-02,  5.98882E-02,  6.30963E-02,  6.16433E-02,  5.62118E-02,  4.87909E-02,  4.10294E-02,  3.38189E-02,  2.75166E-02,  2.21875E-02,  1.77606E-02,  1.41147E-02,  1.11224E-02,  8.66761E-03,  6.65180E-03,  4.99404E-03,  3.62884E-03,  2.50351E-03,  1.57570E-03,  8.11190E-04,  1.82248E-04, -3.33764E-04, -7.55428E-04, -1.09808E-03, -1.37446E-03, -1.59517E-03, -1.76911E-03, -1.90373E-03, -2.00532E-03, -2.07920E-03, -2.12986E-03, -2.16111E-03, -2.17618E-03, -2.17781E-03, -2.16834E-03, -2.14973E-03, -2.12369E-03,
 -1.91709E-03, -1.93175E-03, -1.93862E-03, -1.93610E-03, -1.92230E-03, -1.89505E-03, -1.85178E-03, -1.78950E-03, -1.70472E-03, -1.59335E-03, -1.45061E-03, -1.27090E-03, -1.04762E-03, -7.73019E-04, -4.37961E-04, -3.16294E-05,  4.58803E-04,  1.04860E-03,  1.75599E-03,  2.60277E-03,  3.61512E-03,  4.82443E-03,  6.26829E-03,  7.99132E-03,  1.00457E-02,  1.24907E-02,  1.53897E-02,  1.88030E-02,  2.27726E-02,  2.72936E-02,  3.22664E-02,  3.74268E-02,  4.22651E-02,  4.59968E-02,  4.77347E-02,  4.69576E-02,  4.39081E-02,  3.93967E-02,  3.42860E-02,  2.91964E-02,  2.44794E-02,  2.02894E-02,  1.66616E-02,  1.35679E-02,  1.09528E-02,  8.75288E-03,  6.90677E-03,  5.35937E-03,  4.06310E-03,  2.97771E-03,  2.06950E-03,  1.31037E-03,  6.76900E-04,  1.49541E-04, -2.88058E-04, -6.49624E-04, -9.46713E-04, -1.18909E-03, -1.38501E-03, -1.54150E-03, -1.66454E-03, -1.75920E-03, -1.82984E-03, -1.88017E-03, -1.91337E-03, -1.93215E-03, -1.93885E-03, -1.93545E-03, -1.92366E-03,
 -1.73024E-03, -1.73222E-03, -1.72566E-03, -1.70894E-03, -1.68022E-03, -1.63731E-03, -1.57773E-03, -1.49857E-03, -1.39646E-03, -1.26751E-03, -1.10719E-03, -9.10244E-04, -6.70569E-04, -3.81057E-04, -3.34306E-05,  3.81966E-04,  8.76406E-04,  1.46307E-03,  2.15736E-03,  2.97727E-03,  3.94377E-03,  5.08112E-03,  6.41713E-03,  7.98302E-03,  9.81263E-03,  1.19405E-02,  1.43975E-02,  1.72033E-02,  2.03532E-02,  2.37976E-02,  2.74144E-02,  3.09778E-02,  3.41387E-02,  3.64523E-02,  3.74910E-02,  3.70297E-02,  3.51711E-02,  3.22862E-02,  2.88321E-02,  2.52027E-02,  2.16712E-02,  1.83968E-02,  1.54538E-02,  1.28616E-02,  1.06082E-02,  8.66585E-03,  7.00087E-03,  5.57877E-03,  4.36716E-03,  3.33687E-03,  2.46225E-03,  1.72108E-03,  1.09426E-03,  5.65409E-04,  1.20513E-04, -2.52407E-04, -5.63610E-04, -8.21886E-04, -1.03478E-03, -1.20876E-03, -1.34942E-03, -1.46154E-03, -1.54925E-03, -1.61613E-03, -1.66524E-03, -1.69924E-03, -1.72042E-03, -1.73075E-03, -1.73194E-03,
 -1.55180E-03, -1.54233E-03, -1.52372E-03, -1.49441E-03, -1.45255E-03, -1.39606E-03, -1.32250E-03, -1.22911E-03, -1.11270E-03, -9.69592E-04, -7.95577E-04, -5.85810E-04, -3.34726E-04, -3.59270E-05,  3.17937E-04,  7.35308E-04,  1.22587E-03,  1.80072E-03,  2.47251E-03,  3.25562E-03,  4.16623E-03,  5.22231E-03,  6.44335E-03,  7.84970E-03,  9.46122E-03,  1.12949E-02,  1.33605E-02,  1.56545E-02,  1.81502E-02,  2.07855E-02,  2.34490E-02,  2.59692E-02,  2.81173E-02,  2.96360E-02,  3.03028E-02,  3.00079E-02,  2.88007E-02,  2.68685E-02,  2.44641E-02,  2.18328E-02,  1.91701E-02,  1.66099E-02,  1.42321E-02,  1.20756E-02,  1.01518E-02,  8.45502E-03,  6.97064E-03,  5.67950E-03,  4.56124E-03,  3.59592E-03,  2.76493E-03,  2.05138E-03,  1.44018E-03,  9.18033E-04,  4.73240E-04,  9.55878E-05, -2.23833E-04, -4.92783E-04, -7.18016E-04, -9.05411E-04, -1.06008E-03, -1.18648E-03, -1.28848E-03, -1.36944E-03, -1.43231E-03, -1.47963E-03, -1.51362E-03, -1.53621E-03, -1.54909E-03,
 -1.38219E-03, -1.36247E-03, -1.33320E-03, -1.29284E-03, -1.23961E-03, -1.17151E-03, -1.08622E-03, -9.81122E-04, -8.53237E-04, -6.99160E-04, -5.15023E-04, -2.96430E-04, -3.83881E-05,  2.64762E-04,  6.19426E-04,  1.03284E-03,  1.51312E-03,  2.06940E-03,  2.71177E-03,  3.45135E-03,  4.30015E-03,  5.27083E-03,  6.37617E-03,  7.62823E-03,  9.03684E-03,  1.06073E-02,  1.23369E-02,  1.42104E-02,  1.61936E-02,  1.82269E-02,  2.02191E-02,  2.20461E-02,  2.35585E-02,  2.46026E-02,  2.50543E-02,  2.48550E-02,  2.40309E-02,  2.26843E-02,  2.09618E-02,  1.90178E-02,  1.69879E-02,  1.49763E-02,  1.30545E-02,  1.12659E-02,  9.63221E-03,  8.16054E-03,  6.84818E-03,  5.68676E-03,  4.66488E-03,  3.76990E-03,  2.98904E-03,  2.31000E-03,  1.72128E-03,  1.21239E-03,  7.73822E-04,  3.97073E-04,  7.45656E-05, -2.00419E-04, -4.33824E-04, -6.30894E-04, -7.96249E-04, -9.33956E-04, -1.04759E-03, -1.14030E-03, -1.21485E-03, -1.27364E-03, -1.31882E-03, -1.35223E-03, -1.37551E-03,
 -1.22167E-03, -1.19290E-03, -1.15431E-03, -1.10440E-03, -1.04149E-03, -9.63652E-04, -8.68734E-04, -7.54288E-04, -6.17552E-04, -4.55415E-04, -2.64378E-04, -4.05056E-05,  2.20608E-04,  5.23886E-04,  8.74811E-04,  1.27946E-03,  1.74450E-03,  2.27723E-03,  2.88548E-03,  3.57754E-03,  4.36193E-03,  5.24703E-03,  6.24049E-03,  7.34832E-03,  8.57352E-03,  9.91423E-03,  1.13611E-02,  1.28942E-02,  1.44793E-02,  1.60648E-02,  1.75797E-02,  1.89357E-02,  2.00339E-02,  2.07791E-02,  2.10983E-02,  2.09577E-02,  2.03724E-02,  1.94017E-02,  1.81348E-02,  1.66707E-02,  1.51034E-02,  1.35109E-02,  1.19525E-02,  1.04688E-02,  9.08488E-03,  7.81389E-03,  6.66026E-03,  5.62262E-03,  4.69595E-03,  3.87311E-03,  3.14592E-03,  2.50587E-03,  1.94454E-03,  1.45391E-03,  1.02645E-03,  6.55253E-04,  3.34008E-04,  5.70069E-05, -1.80890E-04, -3.84287E-04, -5.57296E-04, -7.03583E-04, -8.26407E-04, -9.28661E-04, -1.01291E-03, -1.08142E-03, -1.13621E-03, -1.17905E-03, -1.21150E-03,
 -1.07043E-03, -1.03376E-03, -9.87124E-04, -9.29096E-04, -8.58081E-04, -7.72286E-04, -6.69696E-04, -5.48059E-04, -4.04853E-04, -2.37270E-04, -4.21806E-05,  1.83882E-04,  4.44750E-04,  7.44638E-04,  1.08815E-03,  1.48029E-03,  1.92641E-03,  2.43219E-03,  3.00350E-03,  3.64628E-03,  4.36622E-03,  5.16839E-03,  6.05666E-03,  7.03285E-03,  8.09563E-03,  9.23908E-03,  1.04509E-02,  1.17105E-02,  1.29868E-02,  1.42374E-02,  1.54083E-02,  1.64365E-02,  1.72555E-02,  1.78043E-02,  1.80375E-02,  1.79349E-02,  1.75055E-02,  1.67856E-02,  1.58315E-02,  1.47086E-02,  1.34821E-02,  1.22101E-02,  1.09397E-02,  9.70622E-03,  8.53412E-03,  7.43875E-03,  6.42829E-03,  5.50568E-03,  4.67018E-03,  3.91860E-03,  3.24627E-03,  2.64768E-03,  2.11696E-03,  1.64818E-03,  1.23557E-03,  8.73637E-04,  5.57243E-04,  2.81624E-04,  4.24151E-05, -1.64365E-04, -3.42325E-04, -4.94721E-04, -6.24485E-04, -7.34248E-04, -8.26365E-04, -9.02940E-04, -9.65851E-04, -1.01677E-03, -1.05718E-03,
 -9.28523E-04, -8.85048E-04, -8.31579E-04, -7.66776E-04, -6.89145E-04, -5.97020E-04, -4.88551E-04, -3.61681E-04, -2.14137E-04, -4.34119E-05,  1.53253E-04,  3.78873E-04,  6.36731E-04,  9.30377E-04,  1.26361E-03,  1.64046E-03,  2.06511E-03,  2.54187E-03,  3.07496E-03,  3.66840E-03,  4.32570E-03,  5.04944E-03,  5.84081E-03,  6.69889E-03,  7.61981E-03,  8.59566E-03,  9.61340E-03,  1.06537E-02,  1.16899E-02,  1.26879E-02,  1.36070E-02,  1.44018E-02,  1.50268E-02,  1.54415E-02,  1.56168E-02,  1.55398E-02,  1.52161E-02,  1.46691E-02,  1.39354E-02,  1.30595E-02,  1.20872E-02,  1.10615E-02,  1.00192E-02,  8.98997E-03,  7.99584E-03,  7.05222E-03,  6.16888E-03,  5.35114E-03,  4.60097E-03,  3.91792E-03,  3.29986E-03,  2.74360E-03,  2.24529E-03,  1.80075E-03,  1.40570E-03,  1.05588E-03,  7.47207E-04,  4.75777E-04,  2.37943E-04,  3.03187E-05, -1.50218E-04, -3.06523E-04, -4.41202E-04, -5.56617E-04, -6.54909E-04, -7.38004E-04, -8.07642E-04, -8.65380E-04, -9.12616E-04,
 -7.95903E-04, -7.46659E-04, -6.87498E-04, -6.17170E-04, -5.34290E-04, -4.37327E-04, -3.24596E-04, -1.94243E-04, -4.42397E-05,  1.27626E-04,  3.23756E-04,  5.46737E-04,  7.99341E-04,  1.08450E-03,  1.40531E-03,  1.76491E-03,  2.16653E-03,  2.61327E-03,  3.10804E-03,  3.65336E-03,  4.25104E-03,  4.90191E-03,  5.60535E-03,  6.35876E-03,  7.15690E-03,  7.99123E-03,  8.84914E-03,  9.71340E-03,  1.05618E-02,  1.13673E-02,  1.20990E-02,  1.27241E-02,  1.32107E-02,  1.35311E-02,  1.36660E-02,  1.36068E-02,  1.33572E-02,  1.29328E-02,  1.23582E-02,  1.16643E-02,  1.08838E-02,  1.00488E-02,  9.18780E-03,  8.32508E-03,  7.47977E-03,  6.66624E-03,  5.89453E-03,  5.17109E-03,  4.49947E-03,  3.88100E-03,  3.31536E-03,  2.80107E-03,  2.33585E-03,  1.91694E-03,  1.54127E-03,  1.20566E-03,  9.06918E-04,  6.41927E-04,  4.07691E-04,  2.01369E-04,  2.03019E-05, -1.37985E-04, -2.75778E-04, -3.95177E-04, -4.98102E-04, -5.86304E-04, -6.61373E-04, -7.24749E-04, -7.77734E-04,
 -6.72449E-04, -6.18404E-04, -5.54607E-04, -4.79903E-04, -3.93019E-04, -2.92563E-04, -1.77014E-04, -4.47181E-05,  1.06115E-04,  2.77415E-04,  4.71246E-04,  6.89798E-04,  9.35375E-04,  1.21037E-03,  1.51721E-03,  1.85834E-03,  2.23612E-03,  2.65271E-03,  3.10995E-03,  3.60920E-03,  4.15107E-03,  4.73515E-03,  5.35965E-03,  6.02105E-03,  6.71356E-03,  7.42874E-03,  8.15504E-03,  8.87757E-03,  9.57803E-03,  1.02351E-02,  1.08253E-02,  1.13245E-02,  1.17099E-02,  1.19622E-02,  1.20680E-02,  1.20216E-02,  1.18254E-02,  1.14901E-02,  1.10329E-02,  1.04754E-02,  9.84166E-03,  9.15550E-03,  8.43925E-03,  7.71246E-03,  6.99137E-03,  6.28882E-03,  5.61442E-03,  4.97494E-03,  4.37473E-03,  3.81623E-03,  3.30032E-03,  2.82676E-03,  2.39445E-03,  2.00173E-03,  1.64653E-03,  1.32655E-03,  1.03938E-03,  7.82576E-04,  5.53725E-04,  3.50485E-04,  1.70619E-04,  1.20116E-05, -1.27319E-04, -2.49219E-04, -3.55395E-04, -4.47418E-04, -5.26732E-04, -5.94655E-04, -6.52386E-04,
 -5.57966E-04, -5.00014E-04, -4.32551E-04, -3.54515E-04, -2.64749E-04, -1.61997E-04, -4.49016E-05,  8.80000E-05,  2.38272E-04,  4.07576E-04,  5.97665E-04,  8.10369E-04,  1.04757E-03,  1.31117E-03,  1.60307E-03,  1.92508E-03,  2.27885E-03,  2.66579E-03,  3.08692E-03,  3.54273E-03,  4.03296E-03,  4.55640E-03,  5.11059E-03,  5.69156E-03,  6.29348E-03,  6.90843E-03,  7.52615E-03,  8.13399E-03,  8.71700E-03,  9.25834E-03,  9.74007E-03,  1.01442E-02,  1.04541E-02,  1.06559E-02,  1.07404E-02,  1.07033E-02,  1.05466E-02,  1.02775E-02,  9.90847E-03,  9.45502E-03,  8.93484E-03,  8.36605E-03,  7.76604E-03,  7.15054E-03,  6.53315E-03,  5.92506E-03,  5.33509E-03,  4.76985E-03,  4.23400E-03,  3.73056E-03,  3.26120E-03,  2.82652E-03,  2.42629E-03,  2.05969E-03,  1.72544E-03,  1.42196E-03,  1.14750E-03,  9.00194E-04,  6.78128E-04,  4.79408E-04,  3.02181E-04,  1.44663E-04,  5.15366E-06, -1.17949E-04, -2.26148E-04, -3.20842E-04, -4.03326E-04, -4.74796E-04, -5.36351E-04,
 -4.52197E-04, -3.91158E-04, -3.20908E-04, -2.40481E-04, -1.48833E-04, -4.48406E-05,  7.26982E-05,  2.05062E-04,  3.53604E-04,  5.19739E-04,  7.04937E-04,  9.10701E-04,  1.13855E-03,  1.38996E-03,  1.66636E-03,  1.96905E-03,  2.29913E-03,  2.65739E-03,  3.04424E-03,  3.45953E-03,  3.90244E-03,  4.37124E-03,  4.86313E-03,  5.37402E-03,  5.89836E-03,  6.42893E-03,  6.95679E-03,  7.47130E-03,  7.96027E-03,  8.41038E-03,  8.80777E-03,  9.13886E-03,  9.39135E-03,  9.55519E-03,  9.62357E-03,  9.59358E-03,  9.46649E-03,  9.24767E-03,  8.94598E-03,  8.57297E-03,  8.14184E-03,  7.66645E-03,  7.16042E-03,  6.63643E-03,  6.10576E-03,  5.57803E-03,  5.06112E-03,  4.56122E-03,  4.08299E-03,  3.62969E-03,  3.20344E-03,  2.80540E-03,  2.43597E-03,  2.09494E-03,  1.78165E-03,  1.49510E-03,  1.23407E-03,  9.97174E-04,  7.82946E-04,  5.89879E-04,  4.16459E-04,  2.61203E-04,  1.22671E-04, -5.14506E-07, -1.09662E-04, -2.06004E-04, -2.90695E-04, -3.64809E-04, -4.29343E-04,
 -3.54835E-04, -2.91454E-04, -2.19210E-04, -1.37229E-04, -4.45788E-05,  5.97377E-05,  1.76774E-04,  3.07639E-04,  4.53487E-04,  6.15512E-04,  7.94928E-04,  9.92951E-04,  1.21077E-03,  1.44953E-03,  1.71025E-03,  1.99381E-03,  2.30085E-03,  2.63172E-03,  2.98637E-03,  3.36421E-03,  3.76403E-03,  4.18384E-03,  4.62073E-03,  5.07070E-03,  5.52860E-03,  5.98800E-03,  6.44119E-03,  6.87927E-03,  7.29231E-03,  7.66972E-03,  8.00071E-03,  8.27490E-03,  8.48303E-03,  8.61765E-03,  8.67373E-03,  8.64914E-03,  8.54482E-03,  8.36470E-03,  8.11535E-03,  7.80540E-03,  7.44489E-03,  7.04451E-03,  6.61500E-03,  6.16660E-03,  5.70864E-03,  5.24932E-03,  4.79556E-03,  4.35302E-03,  3.92612E-03,  3.51819E-03,  3.13155E-03,  2.76773E-03,  2.42752E-03,  2.11117E-03,  1.81848E-03,  1.54892E-03,  1.30168E-03,  1.07579E-03,  8.70158E-04,  6.83602E-04,  5.14915E-04,  3.62879E-04,  2.26289E-04,  1.03974E-04, -5.19232E-06, -1.02287E-04, -1.88330E-04, -2.64278E-04, -3.31028E-04,
 -2.65536E-04, -2.00482E-04, -1.26949E-04, -4.41533E-05,  4.87336E-05,  1.52587E-04,  2.68322E-04,  3.96891E-04,  5.39270E-04,  6.96451E-04,  8.69423E-04,  1.05915E-03,  1.26655E-03,  1.49246E-03,  1.73759E-03,  2.00246E-03,  2.28739E-03,  2.59237E-03,  2.91702E-03,  3.26046E-03,  3.62127E-03,  3.99733E-03,  4.38575E-03,  4.78278E-03,  5.18373E-03,  5.58294E-03,  5.97382E-03,  6.34892E-03,  6.70017E-03,  7.01906E-03,  7.29715E-03,  7.52639E-03,  7.69973E-03,  7.81153E-03,  7.85804E-03,  7.83765E-03,  7.75107E-03,  7.60125E-03,  7.39311E-03,  7.13323E-03,  6.82932E-03,  6.48972E-03,  6.12296E-03,  5.73733E-03,  5.34054E-03,  4.93955E-03,  4.54037E-03,  4.14808E-03,  3.76680E-03,  3.39973E-03,  3.04928E-03,  2.71714E-03,  2.40440E-03,  2.11160E-03,  1.83889E-03,  1.58609E-03,  1.35273E-03,  1.13818E-03,  9.41640E-04,  7.62223E-04,  5.98978E-04,  4.50924E-04,  3.17066E-04,  1.96422E-04,  8.80293E-05, -9.04366E-06, -9.56879E-05, -1.72751E-04, -2.41034E-04,
 -1.83926E-04, -1.17796E-04, -4.35957E-05,  3.93713E-05,  1.31836E-04,  2.34559E-04,  3.48331E-04,  4.73959E-04,  6.12259E-04,  7.64043E-04,  9.30104E-04,  1.11119E-03,  1.30799E-03,  1.52109E-03,  1.75092E-03,  1.99778E-03,  2.26168E-03,  2.54237E-03,  2.83925E-03,  3.15126E-03,  3.47687E-03,  3.81395E-03,  4.15973E-03,  4.51074E-03,  4.86279E-03,  5.21094E-03,  5.54957E-03,  5.87246E-03,  6.17300E-03,  6.44436E-03,  6.67983E-03,  6.87314E-03,  7.01883E-03,  7.11257E-03,  7.15152E-03,  7.13445E-03,  7.06190E-03,  6.93611E-03,  6.76084E-03,  6.54117E-03,  6.28307E-03,  5.99314E-03,  5.67819E-03,  5.34496E-03,  4.99983E-03,  4.64868E-03,  4.29672E-03,  3.94844E-03,  3.60758E-03,  3.27720E-03,  2.95965E-03,  2.65670E-03,  2.36958E-03,  2.09905E-03,  1.84552E-03,  1.60904E-03,  1.38943E-03,  1.18632E-03,  9.99159E-04,  8.27302E-04,  6.70022E-04,  5.26540E-04,  3.96049E-04,  2.77733E-04,  1.70780E-04,  7.43922E-05, -1.22034E-05, -8.97507E-05, -1.58959E-04,
