 -3.13531E-04, -2.49276E-04, -1.76600E-04, -9.47222E-05, -2.81182E-06,  1.00009E-04,  2.14660E-04,  3.42099E-04,  4.83312E-04,  6.39300E-04,  8.11064E-04,  9.99582E-04,  1.20578E-03,  1.43051E-03,  1.67449E-03,  1.93825E-03,  2.22209E-03,  2.52602E-03,  2.84962E-03,  3.19201E-03,  3.55173E-03,  3.92663E-03,  4.31378E-03,  4.70940E-03,  5.10876E-03,  5.50617E-03,  5.89505E-03,  6.26796E-03,  6.61687E-03,  6.93340E-03,  7.20919E-03,  7.43637E-03,  7.60804E-03,  7.71871E-03,  7.76473E-03,  7.74456E-03,  7.65886E-03,  7.51051E-03,  7.30430E-03,  7.04664E-03,  6.74508E-03,  6.40784E-03,  6.04334E-03,  5.65979E-03,  5.26488E-03,  4.86555E-03,  4.46786E-03,  4.07689E-03,  3.69680E-03,  3.33084E-03,  2.98146E-03,  2.65037E-03,  2.33867E-03,  2.04694E-03,  1.77534E-03,  1.52368E-03,  1.29149E-03,  1.07813E-03,  8.82801E-04,  7.04595E-04,  5.42551E-04,  3.95674E-04,  2.62963E-04,  1.43422E-04,  3.60826E-05, -5.99911E-05, -1.45694E-04, -2.21876E-04, -2.89337E-04,
 -4.03380E-04, -3.40787E-04, -2.69397E-04, -1.88341E-04, -9.66831E-05,  6.57301E-06,  1.22485E-04,  2.52168E-04,  3.96786E-04,  5.57542E-04,  7.35661E-04,  9.32375E-04,  1.14889E-03,  1.38635E-03,  1.64579E-03,  1.92811E-03,  2.23393E-03,  2.56362E-03,  2.91708E-03,  3.29374E-03,  3.69234E-03,  4.11085E-03,  4.54633E-03,  4.99474E-03,  5.45089E-03,  5.90830E-03,  6.35925E-03,  6.79483E-03,  7.20517E-03,  7.57977E-03,  7.90798E-03,  8.17963E-03,  8.38566E-03,  8.51885E-03,  8.57431E-03,  8.54999E-03,  8.44680E-03,  8.26853E-03,  8.02157E-03,  7.71433E-03,  7.35664E-03,  6.95902E-03,  6.53209E-03,  6.08604E-03,  5.63017E-03,  5.17269E-03,  4.72056E-03,  4.27948E-03,  3.85391E-03,  3.44723E-03,  3.06179E-03,  2.69915E-03,  2.36012E-03,  2.04498E-03,  1.75353E-03,  1.48522E-03,  1.23928E-03,  1.01470E-03,  8.10373E-04,  6.25121E-04,  4.57716E-04,  3.06927E-04,  1.71540E-04,  5.03732E-05, -5.77074E-05, -1.53783E-04, -2.38874E-04, -3.13940E-04, -3.79876E-04,
 -5.01149E-04, -4.40873E-04, -3.71462E-04, -2.91953E-04, -2.01303E-04, -9.83894E-05,  1.79921E-05,  1.49126E-04,  2.96372E-04,  4.61157E-04,  6.44962E-04,  8.49305E-04,  1.07571E-03,  1.32569E-03,  1.60068E-03,  1.90197E-03,  2.23067E-03,  2.58758E-03,  2.97310E-03,  3.38707E-03,  3.82865E-03,  4.29608E-03,  4.78655E-03,  5.29592E-03,  5.81857E-03,  6.34724E-03,  6.87293E-03,  7.38495E-03,  7.87114E-03,  8.31823E-03,  8.71254E-03,  9.04071E-03,  9.29073E-03,  9.45284E-03,  9.52048E-03,  9.49081E-03,  9.36509E-03,  9.14847E-03,  8.84956E-03,  8.47960E-03,  8.05154E-03,  7.57903E-03,  7.07560E-03,  6.55390E-03,  6.02523E-03,  5.49926E-03,  4.98394E-03,  4.48550E-03,  4.00865E-03,  3.55669E-03,  3.13177E-03,  2.73506E-03,  2.36697E-03,  2.02730E-03,  1.71540E-03,  1.43027E-03,  1.17067E-03,  9.35209E-04,  7.22411E-04,  5.30749E-04,  3.58699E-04,  2.04762E-04,  6.74872E-05, -5.45112E-05, -1.62548E-04, -2.57860E-04, -3.41601E-04, -4.14845E-04, -4.78586E-04,
 -6.07154E-04, -5.49922E-04, -4.83264E-04, -4.06124E-04, -3.17348E-04, -2.15681E-04, -9.97663E-05,  3.18626E-05,  1.80776E-04,  3.48647E-04,  5.37238E-04,  7.48395E-04,  9.84015E-04,  1.24602E-03,  1.53632E-03,  1.85674E-03,  2.20894E-03,  2.59435E-03,  3.01400E-03,  3.46839E-03,  3.95729E-03,  4.47947E-03,  5.03249E-03,  5.61235E-03,  6.21317E-03,  6.82694E-03,  7.44328E-03,  8.04941E-03,  8.63029E-03,  9.16906E-03,  9.64790E-03,  1.00491E-02,  1.03563E-02,  1.05563E-02,  1.06399E-02,  1.06032E-02,  1.04479E-02,  1.01813E-02,  9.81511E-03,  9.36461E-03,  8.84715E-03,  8.28067E-03,  7.68252E-03,  7.06852E-03,  6.45237E-03,  5.84540E-03,  5.25653E-03,  4.69243E-03,  4.15781E-03,  3.65568E-03,  3.18771E-03,  2.75448E-03,  2.35577E-03,  1.99072E-03,  1.65805E-03,  1.35617E-03,  1.08332E-03,  8.37597E-04,  6.17093E-04,  4.19893E-04,  2.44127E-04,  8.79983E-05, -5.02030E-05, -1.72088E-04, -2.79163E-04, -3.72830E-04, -4.54382E-04, -5.25012E-04, -5.85813E-04,
 -7.21673E-04, -6.68283E-04, -6.05236E-04, -5.31383E-04, -4.45459E-04, -3.46077E-04, -2.31718E-04, -1.00726E-04,  4.86922E-05,  2.18475E-04,  4.10697E-04,  6.27562E-04,  8.71391E-04,  1.14459E-03,  1.44962E-03,  1.78894E-03,  2.16493E-03,  2.57980E-03,  3.03545E-03,  3.53328E-03,  4.07400E-03,  4.65727E-03,  5.28141E-03,  5.94288E-03,  6.63590E-03,  7.35187E-03,  8.07904E-03,  8.80218E-03,  9.50269E-03,  1.01590E-02,  1.07477E-02,  1.12447E-02,  1.16278E-02,  1.18783E-02,  1.19832E-02,  1.19372E-02,  1.17425E-02,  1.14094E-02,  1.09544E-02,  1.03988E-02,  9.76611E-03,  9.08019E-03,  8.36351E-03,  7.63591E-03,  6.91397E-03,  6.21078E-03,  5.53612E-03,  4.89684E-03,  4.29728E-03,  3.73980E-03,  3.22522E-03,  2.75319E-03,  2.32257E-03,  1.93161E-03,  1.57821E-03,  1.26005E-03,  9.74688E-04,  7.19654E-04,  4.92516E-04,  2.90918E-04,  1.12608E-04, -4.45429E-05, -1.82525E-04, -3.03189E-04, -4.08245E-04, -4.99264E-04, -5.77684E-04, -6.44817E-04, -7.01857E-04,
 -8.44927E-04, -7.96246E-04, -7.37751E-04, -6.68202E-04, -5.86227E-04, -4.90302E-04, -3.78748E-04, -2.49715E-04, -1.01171E-04,  6.90987E-05,  2.63504E-04,  4.84646E-04,  7.35312E-04,  1.01846E-03,  1.33720E-03,  1.69473E-03,  2.09432E-03,  2.53917E-03,  3.03231E-03,  3.57641E-03,  4.17352E-03,  4.82469E-03,  5.52953E-03,  6.28559E-03,  7.08768E-03,  7.92708E-03,  8.79079E-03,  9.66093E-03,  1.05145E-02,  1.13239E-02,  1.20577E-02,  1.26832E-02,  1.31690E-02,  1.34883E-02,  1.36225E-02,  1.35636E-02,  1.33150E-02,  1.28916E-02,  1.23172E-02,  1.16219E-02,  1.08383E-02,  9.99844E-03,  9.13175E-03,  8.26312E-03,  7.41239E-03,  6.59444E-03,  5.81956E-03,  5.09425E-03,  4.42193E-03,  3.80372E-03,  3.23907E-03,  2.72627E-03,  2.26287E-03,  1.84594E-03,  1.47233E-03,  1.13880E-03,  8.42099E-04,  5.79080E-04,  3.46724E-04,  1.42175E-04, -3.72444E-05, -1.94017E-04, -3.30435E-04, -4.48600E-04, -5.50433E-04, -6.37678E-04, -7.11919E-04, -7.74585E-04, -8.26969E-04,
 -9.77078E-04, -9.34037E-04, -8.81114E-04, -8.16983E-04, -7.40166E-04, -6.49011E-04, -5.41676E-04, -4.16114E-04, -2.70056E-04, -1.00995E-04,  9.38327E-05,  3.17452E-04,  5.73163E-04,  8.64538E-04,  1.19542E-03,  1.56990E-03,  1.99229E-03,  2.46704E-03,  2.99865E-03,  3.59146E-03,  4.24941E-03,  4.97563E-03,  5.77181E-03,  6.63748E-03,  7.56895E-03,  8.55817E-03,  9.59143E-03,  1.06482E-02,  1.17004E-02,  1.27122E-02,  1.36416E-02,  1.44429E-02,  1.50710E-02,  1.54866E-02,  1.56620E-02,  1.55849E-02,  1.52608E-02,  1.47117E-02,  1.39731E-02,  1.30883E-02,  1.21034E-02,  1.10624E-02,  1.00036E-02,  8.95832E-03,  7.94987E-03,  6.99455E-03,  6.10248E-03,  5.27889E-03,  4.52539E-03,  3.84103E-03,  3.22315E-03,  2.66809E-03,  2.17162E-03,  1.72928E-03,  1.33657E-03,  9.89118E-04,  6.82752E-04,  4.13523E-04,  1.77752E-04, -2.79695E-05, -2.06773E-04, -3.61522E-04, -4.94822E-04, -6.09035E-04, -7.06293E-04, -7.88515E-04, -8.57426E-04, -9.14570E-04, -9.61330E-04,
 -1.11821E-03, -1.08180E-03, -1.03554E-03, -9.78034E-04, -9.07697E-04, -8.22757E-04, -7.21218E-04, -6.00841E-04, -4.59117E-04, -2.93242E-04, -1.00092E-04,  1.23807E-04,  3.82302E-04,  6.79642E-04,  1.02049E-03,  1.40997E-03,  1.85361E-03,  2.35741E-03,  2.92769E-03,  3.57103E-03,  4.29395E-03,  5.10252E-03,  6.00166E-03,  6.99415E-03,  8.07930E-03,  9.25115E-03,  1.04965E-02,  1.17928E-02,  1.31061E-02,  1.43907E-02,  1.55894E-02,  1.66374E-02,  1.74683E-02,  1.80227E-02,  1.82578E-02,  1.81544E-02,  1.77210E-02,  1.69920E-02,  1.60213E-02,  1.48736E-02,  1.36153E-02,  1.23071E-02,  1.09994E-02,  9.73085E-03,  8.52818E-03,  7.40803E-03,  6.37894E-03,  5.44344E-03,  4.59991E-03,  3.84415E-03,  3.17043E-03,  2.57234E-03,  2.04329E-03,  1.57684E-03,  1.16685E-03,  8.07596E-04,  4.93806E-04,  2.20636E-04, -1.63246E-05, -2.21076E-04, -3.97235E-04, -5.48061E-04, -6.76479E-04, -7.85110E-04, -8.76296E-04, -9.52126E-04, -1.01446E-03, -1.06494E-03, -1.10505E-03,
 -1.26831E-03, -1.23958E-03, -1.20115E-03, -1.15155E-03, -1.08912E-03, -1.01197E-03, -9.17962E-04, -8.04675E-04, -6.69369E-04, -5.08950E-04, -3.19927E-04, -9.83691E-05,  1.60147E-04,  4.60589E-04,  8.08535E-04,  1.21024E-03,  1.67270E-03,  2.20371E-03,  2.81190E-03,  3.50667E-03,  4.29801E-03,  5.19608E-03,  6.21054E-03,  7.34932E-03,  8.61696E-03,  1.00121E-02,  1.15246E-02,  1.31315E-02,  1.47936E-02,  1.64529E-02,  1.80314E-02,  1.94356E-02,  2.05651E-02,  2.13269E-02,  2.16518E-02,  2.15088E-02,  2.09116E-02,  1.99159E-02,  1.86073E-02,  1.70852E-02,  1.54473E-02,  1.37782E-02,  1.21440E-02,  1.05911E-02,  9.14817E-03,  7.83004E-03,  6.64110E-03,  5.57878E-03,  4.63624E-03,  3.80434E-03,  3.07298E-03,  2.43206E-03,  1.87191E-03,  1.38359E-03,  9.58989E-04,  5.90787E-04,  2.72452E-04, -1.84981E-06, -2.37318E-04, -4.38581E-04, -6.09756E-04, -7.54502E-04, -8.76061E-04, -9.77310E-04, -1.06079E-03, -1.12874E-03, -1.18316E-03, -1.22577E-03, -1.25814E-03,
 -1.42729E-03, -1.40732E-03, -1.37793E-03, -1.33760E-03, -1.28459E-03, -1.21692E-03, -1.13232E-03, -1.02822E-03, -9.01644E-04, -7.49235E-04, -5.67141E-04, -3.50976E-04, -9.57329E-05,  2.04312E-04,  5.55711E-04,  9.65981E-04,  1.44377E-03,  1.99901E-03,  2.64309E-03,  3.38896E-03,  4.25109E-03,  5.24520E-03,  6.38767E-03,  7.69424E-03,  9.17808E-03,  1.08466E-02,  1.26973E-02,  1.47112E-02,  1.68466E-02,  1.90318E-02,  2.11611E-02,  2.30971E-02,  2.46833E-02,  2.57677E-02,  2.62339E-02,  2.60284E-02,  2.51750E-02,  2.37684E-02,  2.19503E-02,  1.98788E-02,  1.77010E-02,  1.55357E-02,  1.34678E-02,  1.15499E-02,  9.80902E-03,  8.25332E-03,  6.87870E-03,  5.67379E-03,  4.62356E-03,  3.71170E-03,  2.92213E-03,  2.23984E-03,  1.65127E-03,  1.14443E-03,  7.08827E-04,  3.35340E-04,  1.60260E-05, -2.56028E-04, -4.86855E-04, -6.81729E-04, -8.45270E-04, -9.81529E-04, -1.09405E-03, -1.18596E-03, -1.25997E-03, -1.31846E-03, -1.36354E-03, -1.39702E-03, -1.42051E-03,
 -1.59492E-03, -1.58484E-03, -1.56574E-03, -1.53609E-03, -1.49409E-03, -1.43768E-03, -1.36451E-03, -1.27184E-03, -1.15653E-03, -1.01495E-03, -8.42928E-04, -6.35637E-04, -3.87491E-04, -9.20014E-05,  2.58404E-04,  6.72606E-04,  1.16108E-03,  1.73621E-03,  2.41265E-03,  3.20768E-03,  4.14142E-03,  5.23691E-03,  6.51972E-03,  8.01704E-03,  9.75569E-03,  1.17586E-02,  1.40389E-02,  1.65912E-02,  1.93790E-02,  2.23198E-02,  2.52721E-02,  2.80318E-02,  3.03467E-02,  3.19575E-02,  3.26570E-02,  3.23482E-02,  3.10743E-02,  2.90055E-02,  2.63884E-02,  2.34839E-02,  2.05181E-02,  1.76577E-02,  1.50067E-02,  1.26178E-02,  1.05071E-02,  8.66740E-03,  7.07870E-03,  5.71520E-03,  4.54957E-03,  3.55542E-03,  2.70866E-03,  1.98801E-03,  1.37511E-03,  8.54310E-04,  4.12383E-04,  3.81470E-05, -2.77868E-04, -5.43716E-04, -7.66285E-04, -9.51498E-04, -1.10446E-03, -1.22959E-03, -1.33073E-03, -1.41118E-03, -1.47385E-03, -1.52123E-03, -1.55549E-03, -1.57852E-03, -1.59196E-03,
 -1.77089E-03, -1.77181E-03, -1.76429E-03, -1.74676E-03, -1.71741E-03, -1.67414E-03, -1.61450E-03, -1.53565E-03, -1.43430E-03, -1.30662E-03, -1.14812E-03, -9.53582E-04, -7.16868E-04, -4.30737E-04, -8.65808E-05,  3.25917E-04,  8.19210E-04,  1.40842E-03,  2.11198E-03,  2.95227E-03,  3.95636E-03,  5.15655E-03,  6.59073E-03,  8.30219E-03,  1.03384E-02,  1.27482E-02,  1.55749E-02,  1.88445E-02,  2.25446E-02,  2.65954E-02,  3.08161E-02,  3.49013E-02,  3.84328E-02,  4.09466E-02,  4.20526E-02,  4.15632E-02,  3.95626E-02,  3.63752E-02,  3.24522E-02,  2.82412E-02,  2.40957E-02,  2.02439E-02,  1.68014E-02,  1.38029E-02,  1.12345E-02,  9.05777E-03,  7.22502E-03,  5.68774E-03,  4.40079E-03,  3.32410E-03,  2.42319E-03,  1.66903E-03,  1.03746E-03,  5.08598E-04,  6.60952E-05, -3.03474E-04, -6.11205E-04, -8.66329E-04, -1.07659E-03, -1.24852E-03, -1.38770E-03, -1.49886E-03, -1.58609E-03, -1.65289E-03, -1.70226E-03, -1.73679E-03, -1.75871E-03, -1.76995E-03, -1.77216E-03,
 -1.95472E-03, -1.96777E-03, -1.97310E-03, -1.96916E-03, -1.95413E-03, -1.92589E-03, -1.88196E-03, -1.81943E-03, -1.73490E-03, -1.62436E-03, -1.48310E-03, -1.30553E-03, -1.08504E-03, -8.13669E-04, -4.81778E-04, -7.75931E-05,  4.13434E-04,  1.00941E-03,  1.73296E-03,  2.61240E-03,  3.68300E-03,  4.98846E-03,  6.58244E-03,  8.53008E-03,  1.09091E-02,  1.38093E-02,  1.73278E-02,  2.15551E-02,  2.65442E-02,  3.22567E-02,  3.84860E-02,  4.47832E-02,  5.04375E-02,  5.45804E-02,  5.64341E-02,  5.56115E-02,  5.22873E-02,  4.71194E-02,  4.09765E-02,  3.46520E-02,  2.87007E-02,  2.34165E-02,  1.88938E-02,  1.51075E-02,  1.19769E-02,  9.40513E-03,  7.29861E-03,  5.57465E-03,  4.16325E-03,  3.00645E-03,  2.05683E-03,  1.27599E-03,  6.33059E-04,  1.03339E-04, -3.32926E-04, -6.91572E-04, -9.85379E-04, -1.22476E-03, -1.41826E-03, -1.57301E-03, -1.69498E-03, -1.78918E-03, -1.85988E-03, -1.91072E-03, -1.94478E-03, -1.96471E-03, -1.97275E-03, -1.97085E-03, -1.96065E-03,
 -2.14582E-03, -2.17210E-03, -2.19154E-03, -2.20263E-03, -2.20359E-03, -2.19230E-03, -2.16628E-03, -2.12261E-03, -2.05783E-03, -1.96781E-03, -1.84768E-03, -1.69159E-03, -1.49249E-03, -1.24176E-03, -9.28809E-04, -5.40407E-04, -5.98509E-05,  5.34128E-04,  1.26875E-03,  2.17890E-03,  3.30927E-03,  4.71703E-03,  6.47523E-03,  8.67742E-03,  1.14433E-02,  1.49248E-02,  1.93087E-02,  2.48074E-02,  3.16204E-02,  3.98451E-02,  4.93190E-02,  5.94203E-02,  6.89319E-02,  7.61644E-02,  7.94725E-02,  7.79990E-02,  7.21338E-02,  6.32998E-02,  5.32516E-02,  4.34264E-02,  3.46725E-02,  2.73084E-02,  2.13161E-02,  1.65218E-02,  1.27112E-02,  9.68522E-03,  7.27832E-03,  5.35879E-03,  3.82359E-03,  2.59225E-03,  1.60185E-03,  8.03170E-04,  1.57768E-04, -3.64355E-04, -7.86611E-04, -1.12735E-03, -1.40103E-03, -1.61922E-03, -1.79123E-03, -1.92468E-03, -2.02585E-03, -2.09998E-03, -2.15147E-03, -2.18402E-03, -2.20076E-03, -2.20432E-03, -2.19697E-03, -2.18060E-03, -2.15683E-03,
 -2.34347E-03, -2.38403E-03, -2.41880E-03, -2.44632E-03, -2.46488E-03, -2.47242E-03, -2.46650E-03, -2.44423E-03, -2.40213E-03, -2.33608E-03, -2.24109E-03, -2.11113E-03, -1.93880E-03, -1.71496E-03, -1.42812E-03, -1.06364E-03, -6.02659E-04, -2.06241E-05,  7.14546E-04,  1.64487E-03,  2.82544E-03,  4.32863E-03,  6.25026E-03,  8.71881E-03,  1.19091E-02,  1.60615E-02,  2.15027E-02,  2.86574E-02,  3.80191E-02,  5.00267E-02,  6.47787E-02,  8.15613E-02,  9.83475E-02,  1.11754E-01,  1.18073E-01,  1.15243E-01,  1.04214E-01,  8.82927E-02,  7.11842E-02,  5.54893E-02,  4.23865E-02,  3.20311E-02,  2.40725E-02,  1.80163E-02,  1.34038E-02,  9.86994E-03,  7.14286E-03,  5.02467E-03,  3.37067E-03,  2.07358E-03,  1.05272E-03,  2.46810E-04, -3.90851E-04, -8.95922E-04, -1.29565E-03, -1.61093E-03, -1.85790E-03, -2.04918E-03, -2.19476E-03, -2.30266E-03, -2.37939E-03, -2.43033E-03, -2.45991E-03, -2.47186E-03, -2.46927E-03, -2.45476E-03, -2.43052E-03, -2.39840E-03, -2.35995E-03,
 -2.54680E-03, -2.60261E-03, -2.65385E-03, -2.69914E-03, -2.73685E-03, -2.76502E-03, -2.78130E-03, -2.78289E-03, -2.76638E-03, -2.72769E-03, -2.66182E-03, -2.56267E-03, -2.42261E-03, -2.23207E-03, -1.97876E-03, -1.64674E-03, -1.21498E-03, -6.55601E-04,  6.85398E-05,  1.00699E-03,  2.22591E-03,  3.81417E-03,  5.89279E-03,  8.63051E-03,  1.22696E-02,  1.71666E-02,  2.38498E-02,  3.30823E-02,  4.58901E-02,  6.34563E-02,  8.67024E-02,  1.15332E-01,  1.46331E-01,  1.72860E-01,  1.85937E-01,  1.80036E-01,  1.57740E-01,  1.27474E-01,  9.73554E-02,  7.18535E-02,  5.21348E-02,  3.76050E-02,  2.71087E-02,  1.95333E-02,  1.40118E-02,  9.93086E-03,  6.87443E-03,  4.56129E-03,  2.79772E-03,  1.44634E-03,  4.07090E-04, -3.94220E-04, -1.01305E-03, -1.49099E-03, -1.85922E-03, -2.14119E-03, -2.35465E-03, -2.51320E-03, -2.62736E-03, -2.70546E-03, -2.75414E-03, -2.77879E-03, -2.78385E-03, -2.77295E-03, -2.74913E-03, -2.71490E-03, -2.67237E-03, -2.62328E-03, -2.56911E-03,
 -2.75481E-03, -2.82677E-03, -2.89551E-03, -2.95978E-03, -3.01806E-03, -3.06854E-03, -3.10901E-03, -3.13678E-03, -3.14862E-03, -3.14054E-03, -3.10765E-03, -3.04386E-03, -2.94146E-03, -2.79055E-03, -2.57819E-03, -2.28718E-03, -1.89439E-03, -1.36857E-03, -6.67312E-04,  2.66736E-04,  1.51126E-03,  3.17223E-03,  5.39693E-03,  8.39708E-03,  1.24902E-02,  1.81715E-02,  2.62299E-02,  3.79123E-02,  5.51053E-02,  8.04159E-02,  1.16838E-01,  1.66298E-01,  2.25963E-01,  2.82644E-01,  3.12704E-01,  2.98955E-01,  2.49665E-01,  1.88877E-01,  1.34638E-01,  9.31917E-02,  6.38801E-02,  4.38567E-02,  3.02825E-02,  2.09857E-02,  1.44892E-02,  9.84654E-03,  6.46423E-03,  3.96590E-03,  2.10473E-03,  7.11745E-04, -3.33226E-04, -1.11778E-03, -1.70649E-03, -2.14708E-03, -2.47478E-03, -2.71559E-03, -2.88881E-03, -3.00887E-03, -3.08675E-03, -3.13093E-03, -3.14807E-03, -3.14351E-03, -3.12155E-03, -3.08571E-03, -3.03886E-03, -2.98340E-03, -2.92127E-03, -2.85412E-03, -2.78329E-03,
 -2.96637E-03, -3.05526E-03, -3.14241E-03, -3.22673E-03, -3.30687E-03, -3.38116E-03, -3.44758E-03, -3.50366E-03, -3.54636E-03, -3.57190E-03, -3.57557E-03, -3.55143E-03, -3.49177E-03, -3.38652E-03, -3.22218E-03, -2.98037E-03, -2.63589E-03, -2.15397E-03, -1.48675E-03, -5.68687E-04,  6.89826E-04,  2.41203E-03,  4.77118E-03,  8.02104E-03,  1.25541E-02,  1.90109E-02,  2.84741E-02,  4.27886E-02,  6.50377E-02,  1.00157E-01,  1.55449E-01,  2.39878E-01,  3.58052E-01,  4.90633E-01,  5.70918E-01,  5.33232E-01,  4.10794E-01,  2.82330E-01,  1.84548E-01,  1.18913E-01,  7.69023E-02,  5.03273E-02,  3.33622E-02,  2.22760E-02,  1.48049E-02,  9.61415E-03,  5.91934E-03,  3.24775E-03,  1.30044E-03, -1.22584E-04, -1.16163E-03, -1.91806E-03, -2.46595E-03, -2.85945E-03, -3.13798E-03, -3.33013E-03, -3.45667E-03, -3.53280E-03, -3.56982E-03, -3.57624E-03, -3.55863E-03, -3.52216E-03, -3.47092E-03, -3.40822E-03, -3.33674E-03, -3.25868E-03, -3.17582E-03, -3.08963E-03, -3.00131E-03,
 -3.18025E-03, -3.28669E-03, -3.39302E-03, -3.49830E-03, -3.60136E-03, -3.70074E-03, -3.79465E-03, -3.88087E-03, -3.95663E-03, -4.01844E-03, -4.06187E-03, -4.08119E-03, -4.06886E-03, -4.01472E-03, -3.90481E-03, -3.71964E-03, -3.43184E-03, -3.00293E-03, -2.37917E-03, -1.48616E-03, -2.21670E-04,  1.55524E-03,  4.04293E-03,  7.53332E-03,  1.24846E-02,  1.96655E-02,  3.04320E-02,  4.72313E-02,  7.44900E-02,  1.20174E-01,  1.98547E-01,  3.34489E-01,  5.65103E-01,  9.04664E-01,  1.17567E+00,  1.04046E+00,  6.87671E-01,  4.11272E-01,  2.43069E-01,  1.45870E-01,  8.95673E-02,  5.63154E-02,  3.61007E-02,  2.33487E-02,  1.49718E-02,  9.26383E-03,  5.26912E-03,  2.43076E-03,  4.03372E-04, -1.04227E-03, -2.06665E-03, -2.78559E-03, -3.28335E-03, -3.62106E-03, -3.84260E-03, -3.97928E-03, -4.05332E-03, -4.08063E-03, -4.07267E-03, -4.03791E-03, -3.98271E-03, -3.91195E-03, -3.82945E-03, -3.73826E-03, -3.64078E-03, -3.53897E-03, -3.43441E-03, -3.32837E-03, -3.22187E-03,
 -3.39509E-03, -3.51958E-03, -3.64567E-03, -3.77260E-03, -3.89942E-03, -4.02491E-03, -4.14754E-03, -4.26539E-03, -4.37601E-03, -4.47627E-03, -4.56210E-03, -4.62811E-03, -4.66699E-03, -4.66860E-03, -4.61859E-03, -4.49635E-03, -4.27222E-03, -3.90361E-03, -3.33017E-03, -2.46750E-03, -1.19913E-03,  6.35167E-04,  3.25933E-03,  6.99987E-03,  1.23666E-02,  2.02195E-02,  3.21046E-02,  5.09070E-02,  8.21156E-02,  1.36405E-01,  2.35462E-01,  4.26496E-01,  8.21185E-01,  1.69087E+00,  3.05498E+00,  2.24022E+00,  1.08201E+00,  5.46719E-01,  2.95212E-01,  1.68047E-01,  9.97567E-02,  6.12099E-02,  3.84135E-02,  2.42711E-02,  1.50789E-02,  8.86952E-03,  4.56756E-03,  1.55302E-03, -5.59260E-04, -2.02710E-03, -3.03259E-03, -3.70762E-03, -4.14803E-03, -4.42278E-03, -4.58075E-03, -4.65615E-03, -4.67274E-03, -4.64704E-03, -4.59065E-03, -4.51185E-03, -4.41669E-03, -4.30971E-03, -4.19436E-03, -4.07335E-03, -3.94877E-03, -3.82231E-03, -3.69530E-03, -3.56878E-03, -3.44358E-03,
 -3.60947E-03, -3.75232E-03, -3.89855E-03, -4.04761E-03, -4.19878E-03, -4.35109E-03, -4.50332E-03, -4.65387E-03, -4.80068E-03, -4.94102E-03, -5.07125E-03, -5.18640E-03, -5.27949E-03, -5.34048E-03, -5.35465E-03, -5.30025E-03, -5.14506E-03, -4.84191E-03, -4.32273E-03, -3.49135E-03, -2.21423E-03, -3.07948E-04,  2.48128E-03,  6.51667E-03,  1.23519E-02,  2.09016E-02,  3.37901E-02,  5.40471E-02,  8.74964E-02,  1.45723E-01,  2.53262E-01,  4.67710E-01,  9.48465E-01,  2.30737E+00,  8.24560E+00,  3.61692E+00,  1.30250E+00,  6.08266E-01,  3.19253E-01,  1.79851E-01,  1.06388E-01,  6.51030E-02,  4.06025E-02,  2.53036E-02,  1.53062E-02,  8.54631E-03,  3.88720E-03,  6.61550E-04, -1.55521E-03, -3.05343E-03, -4.04095E-03, -4.66903E-03, -5.04726E-03, -5.25373E-03, -5.34303E-03, -5.35261E-03, -5.30787E-03, -5.22594E-03, -5.11845E-03, -4.99343E-03, -4.85656E-03, -4.71191E-03, -4.56255E-03, -4.41076E-03, -4.25832E-03, -4.10657E-03, -3.95659E-03, -3.80917E-03, -3.66495E-03,
 -3.82189E-03, -3.98323E-03, -4.14978E-03, -4.32120E-03, -4.49701E-03, -4.67653E-03, -4.85884E-03, -5.04272E-03, -5.22650E-03, -5.40791E-03, -5.58381E-03, -5.74969E-03, -5.89897E-03, -6.02177E-03, -6.10305E-03, -6.11981E-03, -6.03708E-03, -5.80241E-03, -5.33883E-03, -4.53597E-03, -3.23922E-03, -1.23537E-03,  1.76916E-03,  6.18729E-03,  1.26288E-02,  2.20589E-02,  3.61146E-02,  5.77179E-02,  9.22456E-02,  1.49884E-01,  2.50905E-01,  4.38565E-01,  8.11025E-01,  1.57606E+00,  2.61210E+00,  2.01825E+00,  1.04846E+00,  5.53835E-01,  3.10355E-01,  1.82592E-01,  1.11243E-01,  6.92731E-02,  4.34461E-02,  2.68855E-02,  1.58930E-02,  8.42449E-03,  3.30191E-03, -1.98169E-04, -2.55327E-03, -4.09754E-03, -5.07242E-03, -5.65348E-03, -5.96695E-03, -6.10172E-03, -6.11891E-03, -6.05958E-03, -5.95088E-03, -5.81055E-03, -5.65023E-03, -5.47763E-03, -5.29793E-03, -5.11477E-03, -4.93070E-03, -4.74761E-03, -4.56687E-03, -4.38952E-03, -4.21632E-03, -4.04781E-03, -3.88440E-03,
 -4.03084E-03, -4.21059E-03, -4.39741E-03, -4.59116E-03, -4.79161E-03, -4.99836E-03, -5.21083E-03, -5.42816E-03, -5.64912E-03, -5.87192E-03, -6.09393E-03, -6.31117E-03, -6.51750E-03, -6.70325E-03, -6.85309E-03, -6.94273E-03, -6.93422E-03, -6.76933E-03, -6.36092E-03, -5.58206E-03, -4.25238E-03, -2.12032E-03,  1.16250E-03,  6.08409E-03,  1.33500E-02,  2.40297E-02,  3.98258E-02,  6.35383E-02,  9.98211E-02,  1.56379E-01,  2.45922E-01,  3.88946E-01,  6.12704E-01,  9.16542E-01,  1.14226E+00,  1.03138E+00,  7.25354E-01,  4.65500E-01,  2.94091E-01,  1.86569E-01,  1.18979E-01,  7.59007E-02,  4.79582E-02,  2.94791E-02,  1.70473E-02,  8.59988E-03,  2.86063E-03, -9.95737E-04, -3.53021E-03, -5.13932E-03, -6.10881E-03, -6.64448E-03, -6.89238E-03, -6.95378E-03, -6.89708E-03, -6.76728E-03, -6.59335E-03, -6.39367E-03, -6.17981E-03, -5.95909E-03, -5.73623E-03, -5.51430E-03, -5.29537E-03, -5.08088E-03, -4.87181E-03, -4.66884E-03, -4.47243E-03, -4.28287E-03, -4.10035E-03,
 -4.23474E-03, -4.43266E-03, -4.63947E-03, -4.85526E-03, -5.08004E-03, -5.31369E-03, -5.55597E-03, -5.80637E-03, -6.06412E-03, -6.32790E-03, -6.59562E-03, -6.86384E-03, -7.12690E-03, -7.37538E-03, -7.59369E-03, -7.75632E-03, -7.82224E-03, -7.72717E-03, -7.37308E-03, -6.61463E-03, -5.24176E-03, -2.95643E-03,  6.61074E-04,  6.20579E-03,  1.45389E-02,  2.69419E-02,  4.53646E-02,  7.27774E-02,  1.13561E-01,  1.73703E-01,  2.60285E-01,  3.79097E-01,  5.27372E-01,  6.77087E-01,  7.61512E-01,  7.22391E-01,  5.88681E-01,  4.34369E-01,  3.02786E-01,  2.04049E-01,  1.34416E-01,  8.68520E-02,  5.48162E-02,  3.32984E-02,  1.88191E-02,  9.07593E-03,  2.56134E-03, -1.72744E-03, -4.47600E-03, -6.16469E-03, -7.13434E-03, -7.62625E-03, -7.80874E-03, -7.79657E-03, -7.66582E-03, -7.46556E-03, -7.22658E-03, -6.96783E-03, -6.70079E-03, -6.43237E-03, -6.16674E-03, -5.90644E-03, -5.65304E-03, -5.40751E-03, -5.17044E-03, -4.94217E-03, -4.72286E-03, -4.51254E-03, -4.31116E-03,
 -4.43207E-03, -4.64770E-03, -4.87400E-03, -5.11128E-03, -5.35977E-03, -5.61964E-03, -5.89094E-03, -6.17355E-03, -6.46709E-03, -6.77073E-03, -7.08289E-03, -7.40069E-03, -7.71895E-03, -8.02855E-03, -8.31374E-03, -8.54785E-03, -8.68700E-03, -8.66102E-03, -8.36106E-03, -7.62301E-03, -6.20555E-03, -3.75958E-03,  2.17291E-04,  6.45335E-03,  1.60224E-02,  3.05364E-02,  5.24296E-02,  8.53045E-02,  1.34168E-01,  2.05104E-01,  3.03514E-01,  4.29738E-01,  5.71477E-01,  6.96701E-01,  7.59788E-01,  7.31203E-01,  6.24887E-01,  4.84662E-01,  3.49908E-01,  2.40151E-01,  1.58958E-01,  1.02204E-01,  6.37440E-02,  3.80571E-02,  2.10016E-02,  9.72720E-03,  2.33900E-03, -2.41958E-03, -5.39444E-03, -7.16563E-03, -8.13570E-03, -8.58389E-03, -8.70150E-03, -8.61680E-03, -8.41341E-03, -8.14426E-03, -7.84185E-03, -7.52560E-03, -7.20683E-03, -6.89202E-03, -6.58480E-03, -6.28717E-03, -6.00022E-03, -5.72447E-03, -5.46012E-03, -5.20719E-03, -4.96555E-03, -4.73498E-03, -4.51521E-03,
 -4.62131E-03, -4.85400E-03, -5.09909E-03, -5.35705E-03, -5.62836E-03, -5.91341E-03, -6.21256E-03, -6.52602E-03, -6.85379E-03, -7.19548E-03, -7.55001E-03, -7.91500E-03, -8.28577E-03, -8.65352E-03, -9.00242E-03, -9.30492E-03, -9.51469E-03, -9.55639E-03, -9.31146E-03, -8.59868E-03, -7.14759E-03, -4.56010E-03, -2.51568E-04,  6.64538E-03,  1.74403E-02,  3.41404E-02,  5.98249E-02,  9.90956E-02,  1.58388E-01,  2.45576E-01,  3.67765E-01,  5.25629E-01,  7.03517E-01,  8.60565E-01,  9.39464E-01,  9.03740E-01,  7.70548E-01,  5.94529E-01,  4.25682E-01,  2.88965E-01,  1.88741E-01,  1.19503E-01,  7.32634E-02,  4.29076E-02,  2.31317E-02,  1.03143E-02,  2.07928E-03, -3.11903E-03, -6.29755E-03, -8.13732E-03, -9.10082E-03, -9.50304E-03, -9.55644E-03, -9.40146E-03, -9.12840E-03, -8.79352E-03, -8.43074E-03, -8.05980E-03, -7.69181E-03, -7.33281E-03, -6.98591E-03, -6.65261E-03, -6.33353E-03, -6.02880E-03, -5.73827E-03, -5.46163E-03, -5.19850E-03, -4.94843E-03, -4.71094E-03,
 -4.80101E-03, -5.04996E-03, -5.31291E-03, -5.59052E-03, -5.88346E-03, -6.19236E-03, -6.51781E-03, -6.86033E-03, -7.22024E-03, -7.59756E-03, -7.99162E-03, -8.40051E-03, -8.82000E-03, -9.24163E-03, -9.64961E-03, -1.00158E-02, -1.02920E-02, -1.03989E-02, -1.02103E-02, -9.53160E-03, -8.06923E-03, -5.38607E-03, -8.30916E-04,  6.57886E-03,  1.83549E-02,  3.68588E-02,  6.57810E-02,  1.10744E-01,  1.79810E-01,  2.83296E-01,  4.31570E-01,  6.28432E-01,  8.57548E-01,  1.06658E+00,  1.17413E+00,  1.12522E+00,  9.45968E-01,  7.16238E-01,  5.03102E-01,  3.35531E-01,  2.15600E-01,  1.34376E-01,  8.10809E-02,  4.66770E-02,  2.46277E-02,  1.05607E-02,  1.66025E-03, -3.87143E-03, -7.19469E-03, -9.07293E-03, -1.00167E-02, -1.03692E-02, -1.03597E-02, -1.01381E-02, -9.80003E-03, -9.40416E-03, -8.98544E-03, -8.56379E-03, -8.15006E-03, -7.74987E-03, -7.36587E-03, -6.99911E-03, -6.64981E-03, -6.31774E-03, -6.00243E-03, -5.70332E-03, -5.41978E-03, -5.15117E-03, -4.89682E-03,
 -4.96980E-03, -5.23401E-03, -5.51373E-03, -5.80976E-03, -6.12292E-03, -6.45404E-03, -6.80393E-03, -7.17335E-03, -7.56289E-03, -7.97287E-03, -8.40299E-03, -8.85172E-03, -9.31519E-03, -9.78526E-03, -1.02463E-02, -1.06697E-02, -1.10062E-02, -1.11739E-02, -1.10417E-02, -1.04064E-02, -8.96035E-03, -6.24330E-03, -1.56614E-03,  6.11817E-03,  1.84339E-02,  3.79432E-02,  6.86908E-02,  1.16910E-01,  1.91680E-01,  3.04927E-01,  4.69359E-01,  6.91404E-01,  9.55194E-01,  1.20106E+00,  1.32957E+00,  1.27095E+00,  1.05858E+00,  7.91810E-01,  5.49553E-01,  3.62574E-01,  2.30695E-01,  1.42409E-01,  8.50496E-02,  4.83515E-02,  2.50295E-02,  1.02711E-02,  1.00948E-03, -4.69420E-03, -8.08020E-03, -9.95841E-03, -1.08673E-02, -1.11672E-02, -1.10979E-02, -1.08154E-02, -1.04186E-02, -9.96799E-03, -9.49904E-03, -9.03169E-03, -8.57655E-03, -8.13887E-03, -7.72092E-03, -7.32339E-03, -6.94616E-03, -6.58871E-03, -6.25034E-03, -5.93024E-03, -5.62761E-03, -5.34160E-03, -5.07142E-03,
 -5.12638E-03, -5.40475E-03, -5.69998E-03, -6.01299E-03, -6.34477E-03, -6.69627E-03, -7.06848E-03, -7.46233E-03, -7.87863E-03, -8.31792E-03, -8.78013E-03, -9.26401E-03, -9.76597E-03, -1.02781E-02, -1.07848E-02, -1.12574E-02, -1.16461E-02, -1.18674E-02, -1.17880E-02, -1.12010E-02, -9.79377E-03, -7.10070E-03, -2.42754E-03,  5.27524E-03,  1.76288E-02,  3.71816E-02,  6.79465E-02,  1.16089E-01,  1.90552E-01,  3.02991E-01,  4.65654E-01,  6.84361E-01,  9.42942E-01,  1.18284E+00,  1.30781E+00,  1.25084E+00,  1.04394E+00,  7.82935E-01,  5.44760E-01,  3.60092E-01,  2.29330E-01,  1.41507E-01,  8.42921E-02,  4.76026E-02,  2.42420E-02,  9.44111E-03,  1.52637E-04, -5.55577E-03, -8.92509E-03, -1.07696E-02, -1.16332E-02, -1.18817E-02, -1.17587E-02, -1.14233E-02, -1.09760E-02, -1.04783E-02, -9.96585E-03, -9.45864E-03, -8.96707E-03, -8.49613E-03, -8.04781E-03, -7.62256E-03, -7.22001E-03, -6.83944E-03, -6.47994E-03, -6.14056E-03, -5.82032E-03, -5.51824E-03, -5.23338E-03,
 -5.26959E-03, -5.56087E-03, -5.87021E-03, -6.19866E-03, -6.54727E-03, -6.91714E-03, -7.30935E-03, -7.72496E-03, -8.16491E-03, -8.62987E-03, -9.11990E-03, -9.63388E-03, -1.01683E-02, -1.07155E-02, -1.12596E-02, -1.17721E-02, -1.22024E-02, -1.24668E-02, -1.24309E-02, -1.18878E-02, -1.05266E-02, -7.88909E-03, -3.30125E-03,  4.24008E-03,  1.62583E-02,  3.51084E-02,  6.44357E-02,  1.09735E-01,  1.78760E-01,  2.81173E-01,  4.26179E-01,  6.16085E-01,  8.33919E-01,  1.03003E+00,  1.13002E+00,  1.08462E+00,  9.17163E-01,  6.99946E-01,  4.95503E-01,  3.32471E-01,  2.14305E-01,  1.33422E-01,  7.98870E-02,  4.50827E-02,  2.26556E-02,  8.30335E-03, -7.71291E-04, -6.37223E-03, -9.67779E-03, -1.14739E-02, -1.22932E-02, -1.24981E-02, -1.23318E-02, -1.19540E-02, -1.14662E-02, -1.09300E-02, -1.03816E-02, -9.84094E-03, -9.31834E-03, -8.81871E-03, -8.34390E-03, -7.89422E-03, -7.46918E-03, -7.06793E-03, -6.68944E-03, -6.33264E-03, -5.99643E-03, -5.67974E-03, -5.38151E-03,
 -5.39837E-03, -5.70122E-03, -6.02318E-03, -6.36537E-03, -6.72893E-03, -7.11502E-03, -7.52480E-03, -7.95938E-03, -8.41976E-03, -8.90663E-03, -9.42008E-03, -9.95898E-03, -1.05198E-02, -1.10946E-02, -1.16675E-02, -1.22094E-02, -1.26694E-02, -1.29629E-02, -1.29552E-02, -1.24398E-02, -1.11095E-02, -8.51695E-03, -4.01526E-03,  3.33833E-03,  1.49416E-02,  3.29006E-02,  6.03879E-02,  1.02034E-01,  1.64079E-01,  2.53689E-01,  3.76429E-01,  5.30798E-01,  6.99909E-01,  8.45524E-01,  9.17506E-01,  8.85006E-01,  7.62456E-01,  5.96864E-01,  4.33576E-01,  2.97630E-01,  1.95484E-01,  1.23498E-01,  7.46911E-02,  4.23046E-02,  2.10665E-02,  7.27643E-03, -1.54166E-03, -7.02656E-03, -1.02756E-02, -1.20373E-02, -1.28284E-02, -1.30053E-02, -1.28102E-02, -1.24030E-02, -1.18855E-02, -1.13203E-02, -1.07437E-02, -1.01762E-02, -9.62810E-03, -9.10445E-03, -8.60714E-03, -8.13645E-03, -7.69188E-03, -7.27252E-03, -6.87730E-03, -6.50506E-03, -6.15464E-03, -5.82490E-03, -5.51470E-03,
 -5.51179E-03, -5.82479E-03, -6.15779E-03, -6.51196E-03, -6.88850E-03, -7.28860E-03, -7.71346E-03, -8.16418E-03, -8.64175E-03, -9.14681E-03, -9.67936E-03, -1.02381E-02, -1.08193E-02, -1.14146E-02, -1.20077E-02, -1.25686E-02, -1.30455E-02, -1.33523E-02, -1.33527E-02, -1.28384E-02, -1.15021E-02, -8.89959E-03, -4.39549E-03,  2.92341E-03,  1.43896E-02,  3.19753E-02,  5.85933E-02,  9.83898E-02,  1.56740E-01,  2.39348E-01,  3.49639E-01,  4.83926E-01,  6.25597E-01,  7.43176E-01,  7.99834E-01,  7.74372E-01,  6.76593E-01,  5.39938E-01,  3.99916E-01,  2.79201E-01,  1.85902E-01,  1.18692E-01,  7.23267E-02,  4.11185E-02,  2.04073E-02,  6.82545E-03, -1.92849E-03, -7.40626E-03, -1.06644E-02, -1.24343E-02, -1.32271E-02, -1.33986E-02, -1.31921E-02, -1.27691E-02, -1.22333E-02, -1.16483E-02, -1.10513E-02, -1.04632E-02, -9.89507E-03, -9.35201E-03, -8.83613E-03, -8.34786E-03, -7.88673E-03, -7.45188E-03, -7.04223E-03, -6.65661E-03, -6.29382E-03, -5.95268E-03, -5.63199E-03,
 -5.60907E-03, -5.93072E-03, -6.27312E-03, -6.63746E-03, -7.02497E-03, -7.43685E-03, -7.87428E-03, -8.33835E-03, -8.82996E-03, -9.34966E-03, -9.89724E-03, -1.04712E-02, -1.10672E-02, -1.16766E-02, -1.22821E-02, -1.28526E-02, -1.33343E-02, -1.36387E-02, -1.36255E-02, -1.30810E-02, -1.16889E-02, -8.99189E-03, -4.33244E-03,  3.24105E-03,  1.51310E-02,  3.34390E-02,  6.13142E-02,  1.03314E-01,  1.65472E-01,  2.54420E-01,  3.74606E-01,  5.22886E-01,  6.81484E-01,  8.14765E-01,  8.79524E-01,  8.50378E-01,  7.39106E-01,  5.85329E-01,  4.29882E-01,  2.97672E-01,  1.96757E-01,  1.24870E-01,  7.57671E-02,  4.29925E-02,  2.13858E-02,  7.28336E-03, -1.78056E-03, -7.44664E-03, -1.08198E-02, -1.26587E-02, -1.34905E-02, -1.36813E-02, -1.34810E-02, -1.30557E-02, -1.25119E-02, -1.19154E-02, -1.13049E-02, -1.07022E-02, -1.01189E-02, -9.56070E-03, -9.03002E-03, -8.52745E-03, -8.05269E-03, -7.60495E-03, -7.18321E-03, -6.78630E-03, -6.41304E-03, -6.06220E-03, -5.73257E-03,
 -5.68954E-03, -6.01831E-03, -6.36842E-03, -6.74109E-03, -7.13754E-03, -7.55897E-03, -8.00654E-03, -8.48126E-03, -8.98394E-03, -9.51496E-03, -1.00739E-02, -1.06588E-02, -1.12651E-02, -1.18832E-02, -1.24947E-02, -1.30671E-02, -1.35441E-02, -1.38333E-02, -1.37884E-02, -1.31852E-02, -1.16898E-02, -8.81205E-03, -3.83306E-03,  4.31834E-03,  1.72785E-02,  3.76046E-02,  6.93112E-02,  1.18542E-01,  1.94094E-01,  3.07071E-01,  4.68283E-01,  6.81029E-01,  9.26961E-01,  1.15005E+00,  1.26442E+00,  1.21243E+00,  1.02146E+00,  7.75475E-01,  5.45754E-01,  3.63959E-01,  2.33203E-01,  1.44403E-01,  8.60687E-02,  4.83742E-02,  2.41743E-02,  8.70223E-03, -1.09530E-03, -7.16316E-03, -1.07617E-02, -1.27291E-02, -1.36344E-02, -1.38659E-02, -1.36863E-02, -1.32693E-02, -1.27259E-02, -1.21247E-02, -1.15064E-02, -1.08940E-02, -1.02999E-02, -9.73046E-03, -9.18840E-03, -8.67464E-03, -8.18906E-03, -7.73097E-03, -7.29945E-03, -6.89336E-03, -6.51153E-03, -6.15274E-03, -5.81576E-03,
 -5.75265E-03, -6.08699E-03, -6.44312E-03, -6.82225E-03, -7.22562E-03, -7.65442E-03, -8.10973E-03, -8.59254E-03, -9.10351E-03, -9.64287E-03, -1.02099E-02, -1.08025E-02, -1.14152E-02, -1.20379E-02, -1.26511E-02, -1.32204E-02, -1.36868E-02, -1.39534E-02, -1.38662E-02, -1.31879E-02, -1.15600E-02, -8.44592E-03, -3.03549E-03,  5.92395E-03,  2.04318E-02,  4.37647E-02,  8.13374E-02,  1.41949E-01,  2.39301E-01,  3.93276E-01,  6.29444E-01,  9.71801E-01,  1.41631E+00,  1.87307E+00,  2.13073E+00,  2.01145E+00,  1.60296E+00,  1.13590E+00,  7.49929E-01,  4.74409E-01,  2.91509E-01,  1.74725E-01,  1.01685E-01,  5.63791E-02,  2.82731E-02,  1.07963E-02, -4.09851E-05, -6.65872E-03, -1.05555E-02, -1.26888E-02, -1.36878E-02, -1.39723E-02, -1.38219E-02, -1.34195E-02, -1.28818E-02, -1.22806E-02, -1.16586E-02, -1.10403E-02, -1.04390E-02, -9.86160E-03, -9.31125E-03, -8.78915E-03, -8.29538E-03, -7.82941E-03, -7.39036E-03, -6.97718E-03, -6.58870E-03, -6.22372E-03, -5.88100E-03,
 -5.79801E-03, -6.13633E-03, -6.49675E-03, -6.88050E-03, -7.28879E-03, -7.72280E-03, -8.18358E-03, -8.67203E-03, -9.18873E-03, -9.73376E-03, -1.03062E-02, -1.09035E-02, -1.15201E-02, -1.21448E-02, -1.27572E-02, -1.33214E-02, -1.37757E-02, -1.40191E-02, -1.38901E-02, -1.31379E-02, -1.13789E-02, -8.02780E-03, -2.17708E-03,  7.62225E-03,  2.37672E-02,  5.03345E-02,  9.43292E-02,  1.67677E-01,  2.90219E-01,  4.94040E-01,  8.29007E-01,  1.36484E+00,  2.16513E+00,  3.15248E+00,  3.81316E+00,  3.49604E+00,  2.54477E+00,  1.64511E+00,  1.01051E+00,  6.06069E-01,  3.58015E-01,  2.08336E-01,  1.18660E-01,  6.49553E-02,  3.26196E-02,  1.30081E-02,  1.08261E-03, -6.10036E-03, -1.02982E-02, -1.25962E-02, -1.36876E-02, -1.40245E-02, -1.39034E-02, -1.35168E-02, -1.29865E-02, -1.23875E-02, -1.17645E-02, -1.11430E-02, -1.05373E-02, -9.95465E-03, -9.39871E-03, -8.87088E-03, -8.37142E-03, -7.89990E-03, -7.45554E-03, -7.03732E-03, -6.64410E-03, -6.27470E-03, -5.92787E-03,
 -5.82531E-03, -6.16603E-03, -6.52902E-03, -6.91553E-03, -7.32677E-03, -7.76388E-03, -8.22789E-03, -8.71968E-03, -9.23974E-03, -9.78805E-03, -1.03636E-02, -1.09635E-02, -1.15819E-02, -1.22072E-02, -1.28184E-02, -1.33782E-02, -1.38233E-02, -1.40495E-02, -1.38899E-02, -1.30838E-02, -1.12288E-02, -7.70251E-03, -1.52315E-03,  8.90958E-03,  2.63017E-02,  5.53589E-02,  1.04359E-01,  1.87807E-01,  3.30880E-01,  5.77238E-01,  1.00327E+00,  1.74210E+00,  3.00807E+00,  4.98841E+00,  6.77020E+00,  5.85189E+00,  3.70043E+00,  2.16041E+00,  1.24529E+00,  7.16811E-01,  4.11715E-01,  2.34815E-01,  1.31826E-01,  7.15360E-02,  3.59295E-02,  1.46853E-02,  1.93581E-03, -5.67076E-03, -1.00919E-02, -1.25111E-02, -1.36698E-02, -1.40449E-02, -1.39455E-02, -1.35707E-02, -1.30464E-02, -1.24497E-02, -1.18267E-02, -1.12038E-02, -1.05957E-02, -1.00102E-02, -9.45101E-03, -8.91985E-03, -8.41703E-03, -7.94223E-03, -7.49471E-03, -7.07348E-03, -6.67744E-03, -6.30538E-03, -5.95609E-03,
 -5.83439E-03, -6.17590E-03, -6.53976E-03, -6.92718E-03, -7.33939E-03, -7.77752E-03, -8.24261E-03, -8.73549E-03, -9.25665E-03, -9.80603E-03, -1.03825E-02, -1.09833E-02, -1.16022E-02, -1.22277E-02, -1.28383E-02, -1.33964E-02, -1.38381E-02, -1.40580E-02, -1.38872E-02, -1.30615E-02, -1.11714E-02, -7.58086E-03, -1.28036E-03,  9.38696E-03,  2.72432E-02,  5.72320E-02,  1.08117E-01,  1.95406E-01,  3.46413E-01,  6.09671E-01,  1.07368E+00,  1.90483E+00,  3.42176E+00,  6.14581E+00,  9.20983E+00,  7.53587E+00,  4.31546E+00,  2.39177E+00,  1.34213E+00,  7.60485E-01,  4.32366E-01,  2.44851E-01,  1.36772E-01,  7.39936E-02,  3.71605E-02,  1.53075E-02,  2.25228E-03, -5.51072E-03, -1.00140E-02, -1.24774E-02, -1.36608E-02, -1.40497E-02, -1.39582E-02, -1.35878E-02, -1.30658E-02, -1.24701E-02, -1.18472E-02, -1.12239E-02, -1.06150E-02, -1.00285E-02, -9.46835E-03, -8.93609E-03, -8.43218E-03, -7.95630E-03, -7.50773E-03, -7.08550E-03, -6.68852E-03, -6.31558E-03, -5.96548E-03,
 -5.82519E-03, -6.16590E-03, -6.52888E-03, -6.91538E-03, -7.32660E-03, -7.76370E-03, -8.22770E-03, -8.71947E-03, -9.23952E-03, -9.78782E-03, -1.03633E-02, -1.09632E-02, -1.15816E-02, -1.22070E-02, -1.28181E-02, -1.33780E-02, -1.38231E-02, -1.40494E-02, -1.38899E-02, -1.30841E-02, -1.12296E-02, -7.70407E-03, -1.52623E-03,  8.90357E-03,  2.62899E-02,  5.53356E-02,  1.04312E-01,  1.87713E-01,  3.30689E-01,  5.76841E-01,  1.00242E+00,  1.74017E+00,  3.00337E+00,  4.97646E+00,  6.74792E+00,  5.83543E+00,  3.69364E+00,  2.15770E+00,  1.24412E+00,  7.16278E-01,  4.11461E-01,  2.34692E-01,  1.31765E-01,  7.15055E-02,  3.59141E-02,  1.46774E-02,  1.93181E-03, -5.67280E-03, -1.00929E-02, -1.25115E-02, -1.36700E-02, -1.40448E-02, -1.39453E-02, -1.35705E-02, -1.30462E-02, -1.24495E-02, -1.18265E-02, -1.12036E-02, -1.05955E-02, -1.00099E-02, -9.45079E-03, -8.91964E-03, -8.41684E-03, -7.94205E-03, -7.49454E-03, -7.07332E-03, -6.67729E-03, -6.30525E-03, -5.95597E-03,
 -5.79777E-03, -6.13608E-03, -6.49647E-03, -6.88020E-03, -7.28847E-03, -7.72244E-03, -8.18319E-03, -8.67162E-03, -9.18830E-03, -9.73330E-03, -1.03057E-02, -1.09030E-02, -1.15196E-02, -1.21443E-02, -1.27567E-02, -1.33209E-02, -1.37753E-02, -1.40189E-02, -1.38901E-02, -1.31383E-02, -1.13802E-02, -8.03041E-03, -2.18227E-03,  7.61211E-03,  2.37474E-02,  5.02954E-02,  9.42517E-02,  1.67523E-01,  2.89911E-01,  4.93419E-01,  8.27739E-01,  1.36222E+00,  2.15974E+00,  3.14233E+00,  3.79888E+00,  3.48385E+00,  2.53775E+00,  1.64162E+00,  1.00883E+00,  6.05249E-01,  3.57610E-01,  2.08134E-01,  1.18559E-01,  6.49043E-02,  3.25937E-02,  1.29949E-02,  1.07585E-03, -6.10378E-03, -1.02999E-02, -1.25969E-02, -1.36877E-02, -1.40243E-02, -1.39031E-02, -1.35164E-02, -1.29860E-02, -1.23870E-02, -1.17640E-02, -1.11425E-02, -1.05368E-02, -9.95418E-03, -9.39826E-03, -8.87046E-03, -8.37103E-03, -7.89954E-03, -7.45520E-03, -7.03700E-03, -6.64382E-03, -6.27443E-03, -5.92763E-03,
 -5.75230E-03, -6.08661E-03, -6.44270E-03, -6.82180E-03, -7.22513E-03, -7.65389E-03, -8.10916E-03, -8.59192E-03, -9.10286E-03, -9.64217E-03, -1.02092E-02, -1.08017E-02, -1.14144E-02, -1.20371E-02, -1.26503E-02, -1.32196E-02, -1.36861E-02, -1.39528E-02, -1.38660E-02, -1.31882E-02, -1.15612E-02, -8.44871E-03, -3.04121E-03,  5.91273E-03,  2.04100E-02,  4.37221E-02,  8.12538E-02,  1.41786E-01,  2.38981E-01,  3.92656E-01,  6.28254E-01,  9.69569E-01,  1.41236E+00,  1.86693E+00,  2.12315E+00,  2.00455E+00,  1.59817E+00,  1.13308E+00,  7.48401E-01,  4.73607E-01,  2.91094E-01,  1.74512E-01,  1.01577E-01,  5.63237E-02,  2.82447E-02,  1.07817E-02, -4.84462E-05, -6.66245E-03, -1.05572E-02, -1.26894E-02, -1.36877E-02, -1.39719E-02, -1.38213E-02, -1.34188E-02, -1.28810E-02, -1.22797E-02, -1.16578E-02, -1.10395E-02, -1.04383E-02, -9.86088E-03, -9.31057E-03, -8.78852E-03, -8.29480E-03, -7.82886E-03, -7.38986E-03, -6.97671E-03, -6.58827E-03, -6.22332E-03, -5.88063E-03,
 -5.68907E-03, -6.01781E-03, -6.36787E-03, -6.74049E-03, -7.13689E-03, -7.55827E-03, -8.00578E-03, -8.48044E-03, -8.98306E-03, -9.51402E-03, -1.00729E-02, -1.06578E-02, -1.12640E-02, -1.18820E-02, -1.24936E-02, -1.30660E-02, -1.35430E-02, -1.38324E-02, -1.37877E-02, -1.31850E-02, -1.16904E-02, -8.81408E-03, -3.83759E-03,  4.30921E-03,  1.72608E-02,  3.75703E-02,  6.92451E-02,  1.18415E-01,  1.93853E-01,  3.06620E-01,  4.67465E-01,  6.79611E-01,  9.24693E-01,  1.14686E+00,  1.26072E+00,  1.20897E+00,  1.01882E+00,  7.73750E-01,  5.44732E-01,  3.63388E-01,  2.32894E-01,  1.44240E-01,  8.59833E-02,  4.83299E-02,  2.41512E-02,  8.69035E-03, -1.10130E-03, -7.16599E-03, -1.07628E-02, -1.27292E-02, -1.36339E-02, -1.38650E-02, -1.36853E-02, -1.32682E-02, -1.27248E-02, -1.21236E-02, -1.15053E-02, -1.08929E-02, -1.02989E-02, -9.72950E-03, -9.18750E-03, -8.67380E-03, -8.18827E-03, -7.73025E-03, -7.29878E-03, -6.89274E-03, -6.51096E-03, -6.15221E-03, -5.81527E-03,
 -5.60849E-03, -5.93009E-03, -6.27243E-03, -6.63672E-03, -7.02416E-03, -7.43597E-03, -7.87333E-03, -8.33733E-03, -8.82887E-03, -9.34848E-03, -9.89598E-03, -1.04698E-02, -1.10658E-02, -1.16751E-02, -1.22806E-02, -1.28510E-02, -1.33328E-02, -1.36373E-02, -1.36243E-02, -1.30800E-02, -1.16885E-02, -8.99241E-03, -4.33452E-03,  3.23626E-03,  1.51214E-02,  3.34207E-02,  6.12799E-02,  1.03250E-01,  1.65356E-01,  2.54211E-01,  3.74244E-01,  5.22296E-01,  6.80601E-01,  8.13596E-01,  8.78203E-01,  8.49126E-01,  7.38104E-01,  5.84629E-01,  4.29440E-01,  2.97411E-01,  1.96609E-01,  1.24789E-01,  7.57233E-02,  4.29691E-02,  2.13734E-02,  7.27703E-03, -1.78353E-03, -7.44768E-03, -1.08197E-02, -1.26579E-02, -1.34894E-02, -1.36799E-02, -1.34795E-02, -1.30541E-02, -1.25104E-02, -1.19139E-02, -1.13034E-02, -1.07008E-02, -1.01176E-02, -9.55949E-03, -9.02889E-03, -8.52640E-03, -8.05171E-03, -7.60405E-03, -7.18237E-03, -6.78553E-03, -6.41233E-03, -6.06155E-03, -5.73197E-03,
 -5.51111E-03, -5.82404E-03, -6.15697E-03, -6.51108E-03, -6.88754E-03, -7.28756E-03, -7.71233E-03, -8.16296E-03, -8.64043E-03, -9.14539E-03, -9.67784E-03, -1.02365E-02, -1.08176E-02, -1.14128E-02, -1.20058E-02, -1.25666E-02, -1.30435E-02, -1.33503E-02, -1.33506E-02, -1.28365E-02, -1.15004E-02, -8.89826E-03, -4.39464E-03,  2.92365E-03,  1.43892E-02,  3.19744E-02,  5.85924E-02,  9.83902E-02,  1.56744E-01,  2.39364E-01,  3.49677E-01,  4.84007E-01,  6.25739E-01,  7.43385E-01,  8.00081E-01,  7.74601E-01,  6.76762E-01,  5.40040E-01,  3.99968E-01,  2.79224E-01,  1.85910E-01,  1.18694E-01,  7.23261E-02,  4.11174E-02,  2.04066E-02,  6.82543E-03, -1.92787E-03, -7.40510E-03, -1.06629E-02, -1.24325E-02, -1.32251E-02, -1.33965E-02, -1.31900E-02, -1.27671E-02, -1.22314E-02, -1.16464E-02, -1.10495E-02, -1.04616E-02, -9.89351E-03, -9.35055E-03, -8.83477E-03, -8.34660E-03, -7.88557E-03, -7.45080E-03, -7.04124E-03, -6.65569E-03, -6.29298E-03, -5.95190E-03, -5.63128E-03,
 -5.39758E-03, -5.70036E-03, -6.02224E-03, -6.36435E-03, -6.72782E-03, -7.11382E-03, -7.52350E-03, -7.95797E-03, -8.41823E-03, -8.90497E-03, -9.41829E-03, -9.95705E-03, -1.05177E-02, -1.10924E-02, -1.16651E-02, -1.22069E-02, -1.26668E-02, -1.29602E-02, -1.29524E-02, -1.24369E-02, -1.11065E-02, -8.51386E-03, -4.01182E-03,  3.34267E-03,  1.49482E-02,  3.29122E-02,  6.04100E-02,  1.02077E-01,  1.64163E-01,  2.53848E-01,  3.76719E-01,  5.31295E-01,  7.00685E-01,  8.46583E-01,  9.18720E-01,  8.86149E-01,  7.63348E-01,  5.97462E-01,  4.33937E-01,  2.97832E-01,  1.95593E-01,  1.23554E-01,  7.47198E-02,  4.23194E-02,  2.10746E-02,  7.28143E-03, -1.53796E-03, -7.02337E-03, -1.02726E-02, -1.20343E-02, -1.28255E-02, -1.30026E-02, -1.28076E-02, -1.24004E-02, -1.18831E-02, -1.13180E-02, -1.07416E-02, -1.01742E-02, -9.62626E-03, -9.10275E-03, -8.60556E-03, -8.13499E-03, -7.69054E-03, -7.27128E-03, -6.87615E-03, -6.50401E-03, -6.15367E-03, -5.82401E-03, -5.51388E-03,
 -5.26870E-03, -5.55990E-03, -5.86916E-03, -6.19751E-03, -6.54602E-03, -6.91578E-03, -7.30788E-03, -7.72336E-03, -8.16317E-03, -8.62798E-03, -9.11785E-03, -9.63167E-03, -1.01659E-02, -1.07129E-02, -1.12568E-02, -1.17691E-02, -1.21992E-02, -1.24634E-02, -1.24273E-02, -1.18839E-02, -1.05225E-02, -7.88466E-03, -3.29616E-03,  4.24652E-03,  1.62677E-02,  3.51239E-02,  6.44638E-02,  1.09787E-01,  1.78860E-01,  2.81359E-01,  4.26515E-01,  6.16662E-01,  8.34832E-01,  1.03130E+00,  1.13149E+00,  1.08600E+00,  9.18220E-01,  7.00645E-01,  4.95921E-01,  3.32707E-01,  2.14433E-01,  1.33490E-01,  7.99228E-02,  4.51021E-02,  2.26668E-02,  8.31068E-03, -7.65795E-04, -6.36760E-03, -9.67359E-03, -1.14700E-02, -1.22895E-02, -1.24946E-02, -1.23285E-02, -1.19509E-02, -1.14633E-02, -1.09274E-02, -1.03791E-02, -9.83865E-03, -9.31623E-03, -8.81676E-03, -8.34210E-03, -7.89256E-03, -7.46766E-03, -7.06653E-03, -6.68816E-03, -6.33146E-03, -5.99534E-03, -5.67874E-03, -5.38059E-03,
 -5.12540E-03, -5.40368E-03, -5.69881E-03, -6.01173E-03, -6.34339E-03, -6.69477E-03, -7.06685E-03, -7.46055E-03, -7.87669E-03, -8.31581E-03, -8.77783E-03, -9.26151E-03, -9.76325E-03, -1.02751E-02, -1.07816E-02, -1.12540E-02, -1.16423E-02, -1.18634E-02, -1.17837E-02, -1.11964E-02, -9.78888E-03, -7.09552E-03, -2.42197E-03,  5.28150E-03,  1.76365E-02,  3.71924E-02,  6.79636E-02,  1.16119E-01,  1.90606E-01,  3.03091E-01,  4.65835E-01,  6.84675E-01,  9.43450E-01,  1.18356E+00,  1.30865E+00,  1.25162E+00,  1.04453E+00,  7.83319E-01,  5.44986E-01,  3.60218E-01,  2.29399E-01,  1.41544E-01,  8.43132E-02,  4.76153E-02,  2.42506E-02,  9.44780E-03,  1.58424E-04, -5.55046E-03, -8.92009E-03, -1.07648E-02, -1.16288E-02, -1.18775E-02, -1.17548E-02, -1.14197E-02, -1.09727E-02, -1.04752E-02, -9.96304E-03, -9.45605E-03, -8.96470E-03, -8.49395E-03, -8.04581E-03, -7.62072E-03, -7.21832E-03, -6.83788E-03, -6.47852E-03, -6.13926E-03, -5.81912E-03, -5.51714E-03, -5.23237E-03,
 -4.96873E-03, -5.23286E-03, -5.51247E-03, -5.80838E-03, -6.12142E-03, -6.45241E-03, -6.80215E-03, -7.17140E-03, -7.56077E-03, -7.97056E-03, -8.40046E-03, -8.84895E-03, -9.31217E-03, -9.78196E-03, -1.02427E-02, -1.06658E-02, -1.10019E-02, -1.11693E-02, -1.10368E-02, -1.04012E-02, -8.95495E-03, -6.23790E-03, -1.56103E-03,  6.12253E-03,  1.84368E-02,  3.79434E-02,  6.86863E-02,  1.16898E-01,  1.91654E-01,  3.04879E-01,  4.69274E-01,  6.91264E-01,  9.54978E-01,  1.20076E+00,  1.32922E+00,  1.27063E+00,  1.05833E+00,  7.91641E-01,  5.49449E-01,  3.62513E-01,  2.30661E-01,  1.42392E-01,  8.50425E-02,  4.83502E-02,  2.50315E-02,  1.02750E-02,  1.01436E-03, -4.68887E-03, -8.07477E-03, -9.95309E-03, -1.08622E-02, -1.11625E-02, -1.10935E-02, -1.08113E-02, -1.04149E-02, -9.96458E-03, -9.49591E-03, -9.02883E-03, -8.57393E-03, -8.13647E-03, -7.71872E-03, -7.32138E-03, -6.94431E-03, -6.58702E-03, -6.24879E-03, -5.92882E-03, -5.62630E-03, -5.34041E-03, -5.07032E-03,
 -4.79987E-03, -5.04872E-03, -5.31155E-03, -5.58905E-03, -5.88185E-03, -6.19060E-03, -6.51589E-03, -6.85823E-03, -7.21795E-03, -7.59506E-03, -7.98888E-03, -8.39751E-03, -8.81671E-03, -9.23802E-03, -9.64566E-03, -1.00115E-02, -1.02873E-02, -1.03938E-02, -1.02048E-02, -9.52592E-03, -8.06353E-03, -5.38077E-03, -8.26733E-04,  6.58065E-03,  1.83520E-02,  3.68474E-02,  6.57540E-02,  1.10689E-01,  1.79708E-01,  2.83112E-01,  4.31253E-01,  6.27909E-01,  8.56746E-01,  1.06549E+00,  1.17288E+00,  1.12404E+00,  9.45047E-01,  7.15613E-01,  5.02713E-01,  3.35302E-01,  2.15471E-01,  1.34305E-01,  8.10450E-02,  4.66606E-02,  2.46221E-02,  1.05610E-02,  1.66369E-03, -3.86646E-03, -7.18909E-03, -9.06721E-03, -1.00111E-02, -1.03640E-02, -1.03548E-02, -1.01337E-02, -9.79593E-03, -9.40041E-03, -8.98203E-03, -8.56067E-03, -8.14722E-03, -7.74728E-03, -7.36350E-03, -6.99695E-03, -6.64783E-03, -6.31592E-03, -6.00076E-03, -5.70179E-03, -5.41838E-03, -5.14989E-03, -4.89564E-03,
 -4.62010E-03, -4.85269E-03, -5.09766E-03, -5.35549E-03, -5.62665E-03, -5.91155E-03, -6.21052E-03, -6.52379E-03, -6.85135E-03, -7.19281E-03, -7.54708E-03, -7.91179E-03, -8.28224E-03, -8.64964E-03, -8.99816E-03, -9.30026E-03, -9.50960E-03, -9.55090E-03, -9.30562E-03, -8.59267E-03, -7.14172E-03, -4.55498E-03, -2.48248E-04,  6.64504E-03,  1.74330E-02,  3.41207E-02,  5.97831E-02,  9.90156E-02,  1.58244E-01,  2.45328E-01,  3.67357E-01,  5.24991E-01,  7.02590E-01,  8.59357E-01,  9.38106E-01,  9.02450E-01,  7.69504E-01,  5.93782E-01,  4.25192E-01,  2.88662E-01,  1.88562E-01,  1.19402E-01,  7.32090E-02,  4.28807E-02,  2.31204E-02,  1.03117E-02,  2.08145E-03, -3.11445E-03, -6.29188E-03, -8.13131E-03, -9.09489E-03, -9.49740E-03, -9.55119E-03, -9.39663E-03, -9.12398E-03, -8.78950E-03, -8.42708E-03, -8.05647E-03, -7.68878E-03, -7.33004E-03, -6.98338E-03, -6.65031E-03, -6.33143E-03, -6.02688E-03, -5.73650E-03, -5.46001E-03, -5.19701E-03, -4.94707E-03, -4.70969E-03,
 -4.43080E-03, -4.64632E-03, -4.87250E-03, -5.10964E-03, -5.35798E-03, -5.61769E-03, -5.88881E-03, -6.17122E-03, -6.46453E-03, -6.76793E-03, -7.07982E-03, -7.39731E-03, -7.71523E-03, -8.02446E-03, -8.30924E-03, -8.54291E-03, -8.68162E-03, -8.65522E-03, -8.35492E-03, -7.61674E-03, -6.19953E-03, -3.75451E-03,  2.20191E-04,  6.45201E-03,  1.60134E-02,  3.05139E-02,  5.23842E-02,  8.52219E-02,  1.34027E-01,  2.04878E-01,  3.03175E-01,  4.29272E-01,  5.70900E-01,  6.96066E-01,  7.59140E-01,  7.30559E-01,  6.24280E-01,  4.84147E-01,  3.49520E-01,  2.39884E-01,  1.58788E-01,  1.02101E-01,  6.36861E-02,  3.80270E-02,  2.09881E-02,  9.72336E-03,  2.34055E-03, -2.41518E-03, -5.38868E-03, -7.15940E-03, -8.12948E-03, -8.57794E-03, -8.69595E-03, -8.61169E-03, -8.40874E-03, -8.14001E-03, -7.83799E-03, -7.52209E-03, -7.20364E-03, -6.88911E-03, -6.58215E-03, -6.28476E-03, -5.99801E-03, -5.72245E-03, -5.45827E-03, -5.20550E-03, -4.96399E-03, -4.73355E-03, -4.51390E-03,
 -4.23342E-03, -4.43123E-03, -4.63791E-03, -4.85356E-03, -5.07818E-03, -5.31167E-03, -5.55375E-03, -5.80395E-03, -6.06147E-03, -6.32499E-03, -6.59243E-03, -6.86033E-03, -7.12303E-03, -7.37112E-03, -7.58901E-03, -7.75119E-03, -7.81665E-03, -7.72115E-03, -7.36673E-03, -6.60815E-03, -5.23556E-03, -2.95121E-03,  6.64119E-04,  6.20473E-03,  1.45307E-02,  2.69217E-02,  4.53255E-02,  7.27102E-02,  1.13456E-01,  1.73556E-01,  2.60114E-01,  3.78983E-01,  5.27494E-01,  6.77657E-01,  7.62436E-01,  7.23142E-01,  5.88960E-01,  4.34320E-01,  3.02623E-01,  2.03888E-01,  1.34294E-01,  8.67710E-02,  5.47674E-02,  3.32718E-02,  1.88069E-02,  9.07250E-03,  2.56307E-03, -1.72290E-03, -4.47008E-03, -6.15826E-03, -7.12790E-03, -7.62008E-03, -7.80298E-03, -7.79126E-03, -7.66097E-03, -7.46114E-03, -7.22257E-03, -6.96419E-03, -6.69748E-03, -6.42935E-03, -6.16399E-03, -5.90393E-03, -5.65075E-03, -5.40542E-03, -5.16852E-03, -4.94041E-03, -4.72124E-03, -4.51106E-03, -4.30979E-03,
 -4.02948E-03, -4.20912E-03, -4.39580E-03, -4.58941E-03, -4.78970E-03, -4.99628E-03, -5.20856E-03, -5.42568E-03, -5.64640E-03, -5.86894E-03, -6.09066E-03, -6.30758E-03, -6.51355E-03, -6.69890E-03, -6.84831E-03, -6.93749E-03, -6.92852E-03, -6.76319E-03, -6.35444E-03, -5.57544E-03, -4.24599E-03, -2.11481E-03,  1.16612E-03,  6.08423E-03,  1.33443E-02,  2.40150E-02,  3.97978E-02,  6.34934E-02,  9.97591E-02,  1.56315E-01,  2.45917E-01,  3.89184E-01,  6.13676E-01,  9.19200E-01,  1.14672E+00,  1.03489E+00,  7.26857E-01,  4.65942E-01,  2.94147E-01,  1.86516E-01,  1.18913E-01,  7.58486E-02,  4.79240E-02,  2.94597E-02,  1.70385E-02,  8.59807E-03,  2.86311E-03, -9.90816E-04, -3.52406E-03, -5.13273E-03, -6.10224E-03, -6.63819E-03, -6.88649E-03, -6.94835E-03, -6.89212E-03, -6.76276E-03, -6.58924E-03, -6.38993E-03, -6.17641E-03, -5.95600E-03, -5.73341E-03, -5.51172E-03, -5.29302E-03, -5.07873E-03, -4.86984E-03, -4.66703E-03, -4.47077E-03, -4.28135E-03, -4.09894E-03,
 -3.82051E-03, -3.98172E-03, -4.14814E-03, -4.31942E-03, -4.49507E-03, -4.67441E-03, -4.85653E-03, -5.04019E-03, -5.22374E-03, -5.40489E-03, -5.58049E-03, -5.74605E-03, -5.89497E-03, -6.01738E-03, -6.09823E-03, -6.11454E-03, -6.03134E-03, -5.79624E-03, -5.33230E-03, -4.52928E-03, -3.23269E-03, -1.22953E-03,  1.77349E-03,  6.18892E-03,  1.26261E-02,  2.20498E-02,  3.60971E-02,  5.76907E-02,  9.22122E-02,  1.49862E-01,  2.50955E-01,  4.38887E-01,  8.12358E-01,  1.58160E+00,  2.62931E+00,  2.02782E+00,  1.05077E+00,  5.54403E-01,  3.10472E-01,  1.82586E-01,  1.11210E-01,  6.92427E-02,  4.34247E-02,  2.68734E-02,  1.58881E-02,  8.42465E-03,  3.30535E-03, -1.92796E-04, -2.54692E-03, -4.09086E-03, -5.06581E-03, -5.64716E-03, -5.96104E-03, -6.09627E-03, -6.11391E-03, -6.05503E-03, -5.94673E-03, -5.80678E-03, -5.64680E-03, -5.47449E-03, -5.29507E-03, -5.11216E-03, -4.92831E-03, -4.74542E-03, -4.56487E-03, -4.38768E-03, -4.21462E-03, -4.04625E-03, -3.88297E-03,
 -3.60806E-03, -3.75079E-03, -3.89689E-03, -4.04581E-03, -4.19682E-03, -4.34896E-03, -4.50099E-03, -4.65134E-03, -4.79791E-03, -4.93799E-03, -5.06793E-03, -5.18276E-03, -5.27550E-03, -5.33610E-03, -5.34986E-03, -5.29502E-03, -5.13939E-03, -4.83581E-03, -4.31628E-03, -3.48470E-03, -2.20765E-03, -3.01881E-04,  2.48620E-03,  6.51954E-03,  1.23516E-02,  2.08965E-02,  3.37787E-02,  5.40278E-02,  8.74679E-02,  1.45686E-01,  2.53222E-01,  4.67685E-01,  9.48528E-01,  2.30808E+00,  8.26305E+00,  3.61902E+00,  1.30267E+00,  6.08260E-01,  3.19215E-01,  1.79812E-01,  1.06356E-01,  6.50802E-02,  4.05882E-02,  2.52963E-02,  1.53043E-02,  8.54808E-03,  3.89144E-03,  6.67257E-04, -1.54877E-03, -3.04677E-03, -4.03440E-03, -4.66278E-03, -5.04141E-03, -5.24832E-03, -5.33807E-03, -5.34808E-03, -5.30374E-03, -5.22217E-03, -5.11501E-03, -4.99029E-03, -4.85368E-03, -4.70929E-03, -4.56014E-03, -4.40855E-03, -4.25629E-03, -4.10471E-03, -3.95488E-03, -3.80760E-03, -3.66349E-03,
 -3.39367E-03, -3.51804E-03, -3.64400E-03, -3.77079E-03, -3.89746E-03, -4.02278E-03, -4.14522E-03, -4.26286E-03, -4.37326E-03, -4.47326E-03, -4.55881E-03, -4.62451E-03, -4.66306E-03, -4.66430E-03, -4.61390E-03, -4.49124E-03, -4.26669E-03, -3.89768E-03, -3.32390E-03, -2.46103E-03, -1.19268E-03,  6.41236E-04,  3.26450E-03,  7.00340E-03,  1.23674E-02,  2.02162E-02,  3.20949E-02,  5.08864E-02,  8.20752E-02,  1.36323E-01,  2.35277E-01,  4.26018E-01,  8.19686E-01,  1.68476E+00,  3.03267E+00,  2.22910E+00,  1.07950E+00,  5.45991E-01,  2.94949E-01,  1.67936E-01,  9.97038E-02,  6.11831E-02,  3.84002E-02,  2.42656E-02,  1.50784E-02,  8.87214E-03,  4.57218E-03,  1.55881E-03, -5.52910E-04, -2.02061E-03, -3.02622E-03, -3.70154E-03, -4.14234E-03, -4.41751E-03, -4.57590E-03, -4.65170E-03, -4.66867E-03, -4.64332E-03, -4.58724E-03, -4.50873E-03, -4.41384E-03, -4.30709E-03, -4.19196E-03, -4.07114E-03, -3.94674E-03, -3.82045E-03, -3.69358E-03, -3.56719E-03, -3.44212E-03,
 -3.17883E-03, -3.28516E-03, -3.39136E-03, -3.49650E-03, -3.59940E-03, -3.69862E-03, -3.79235E-03, -3.87838E-03, -3.95391E-03, -4.01548E-03, -4.05864E-03, -4.07768E-03, -4.06503E-03, -4.01055E-03, -3.90027E-03, -3.71472E-03, -3.42654E-03, -2.99727E-03, -2.37320E-03, -1.48001E-03, -2.15529E-04,  1.56106E-03,  4.04795E-03,  7.53684E-03,  1.24855E-02,  1.96621E-02,  3.04210E-02,  4.72058E-02,  7.44350E-02,  1.20055E-01,  1.98279E-01,  3.33856E-01,  5.63551E-01,  9.01029E-01,  1.16968E+00,  1.03573E+00,  6.85471E-01,  4.10376E-01,  2.42696E-01,  1.45708E-01,  8.94931E-02,  5.62808E-02,  3.60851E-02,  2.33429E-02,  1.49713E-02,  9.26650E-03,  5.27365E-03,  2.43633E-03,  4.09429E-04, -1.03609E-03, -2.06059E-03, -2.77979E-03, -3.27790E-03, -3.61599E-03, -3.83792E-03, -3.97497E-03, -4.04937E-03, -4.07699E-03, -4.06934E-03, -4.03485E-03, -3.97990E-03, -3.90936E-03, -3.82708E-03, -3.73607E-03, -3.63877E-03, -3.53712E-03, -3.43270E-03, -3.32679E-03, -3.22041E-03,
 -2.96496E-03, -3.05373E-03, -3.14077E-03, -3.22495E-03, -3.30494E-03, -3.37907E-03, -3.44532E-03, -3.50121E-03, -3.54370E-03, -3.56902E-03, -3.57245E-03, -3.54803E-03, -3.48809E-03, -3.38253E-03, -3.21785E-03, -2.97571E-03, -2.63089E-03, -2.14865E-03, -1.48118E-03, -5.62977E-04,  6.95488E-04,  2.41734E-03,  4.77569E-03,  8.02403E-03,  1.25544E-02,  1.90065E-02,  2.84610E-02,  4.27589E-02,  6.49752E-02,  1.00028E-01,  1.55183E-01,  2.39338E-01,  3.57000E-01,  4.88831E-01,  5.68571E-01,  5.31150E-01,  4.09466E-01,  2.81622E-01,  1.84197E-01,  1.18742E-01,  7.68192E-02,  5.02874E-02,  3.33439E-02,  2.22688E-02,  1.48037E-02,  9.61627E-03,  5.92337E-03,  3.25282E-03,  1.30601E-03, -1.16866E-04, -1.15599E-03, -1.91264E-03, -2.46082E-03, -2.85465E-03, -3.13352E-03, -3.32600E-03, -3.45286E-03, -3.52930E-03, -3.56659E-03, -3.57326E-03, -3.55589E-03, -3.51963E-03, -3.46858E-03, -3.40606E-03, -3.33475E-03, -3.25684E-03, -3.17412E-03, -3.08806E-03, -2.99985E-03,
 -2.75341E-03, -2.82527E-03, -2.89389E-03, -2.95803E-03, -3.01618E-03, -3.06650E-03, -3.10680E-03, -3.13440E-03, -3.14604E-03, -3.13776E-03, -3.10464E-03, -3.04061E-03, -2.93795E-03, -2.78677E-03, -2.57412E-03, -2.28281E-03, -1.88975E-03, -1.36367E-03, -6.62225E-04,  2.71899E-04,  1.51632E-03,  3.17688E-03,  5.40071E-03,  8.39926E-03,  1.24895E-02,  1.81659E-02,  2.62154E-02,  3.78815E-02,  5.50441E-02,  8.02987E-02,  1.16620E-01,  1.65910E-01,  2.25323E-01,  2.81717E-01,  3.11607E-01,  2.97937E-01,  2.48910E-01,  1.88399E-01,  1.34363E-01,  9.30418E-02,  6.38010E-02,  4.38162E-02,  3.02628E-02,  2.09772E-02,  1.44869E-02,  9.84779E-03,  6.46749E-03,  3.97027E-03,  2.10967E-03,  7.16893E-04, -3.28091E-04, -1.11280E-03, -1.70174E-03, -2.14261E-03, -2.47060E-03, -2.71170E-03, -2.88519E-03, -3.00552E-03, -3.08365E-03, -3.12806E-03, -3.14542E-03, -3.14106E-03, -3.11928E-03, -3.08361E-03, -3.03692E-03, -2.98159E-03, -2.91960E-03, -2.85257E-03, -2.78185E-03,
 -2.54543E-03, -2.60114E-03, -2.65226E-03, -2.69743E-03, -2.73501E-03, -2.76304E-03, -2.77917E-03, -2.78059E-03, -2.76391E-03, -2.72503E-03, -2.65896E-03, -2.55959E-03, -2.41930E-03, -2.22852E-03, -1.97498E-03, -1.64271E-03, -1.21073E-03, -6.51166E-04,  7.30914E-05,  1.01154E-03,  2.23027E-03,  3.81805E-03,  5.89572E-03,  8.63177E-03,  1.22680E-02,  1.71602E-02,  2.38350E-02,  3.30531E-02,  4.58362E-02,  6.33607E-02,  8.65401E-02,  1.15072E-01,  1.45947E-01,  1.72356E-01,  1.85370E-01,  1.79497E-01,  1.57306E-01,  1.27168E-01,  9.71586E-02,  7.17352E-02,  5.20670E-02,  3.75677E-02,  2.70892E-02,  1.95242E-02,  1.40086E-02,  9.93119E-03,  6.87681E-03,  4.56487E-03,  2.80194E-03,  1.45085E-03,  4.11659E-04, -3.89729E-04, -1.00873E-03, -1.48688E-03, -1.85534E-03, -2.13755E-03, -2.35126E-03, -2.51003E-03, -2.62442E-03, -2.70272E-03, -2.75159E-03, -2.77643E-03, -2.78165E-03, -2.77091E-03, -2.74724E-03, -2.71314E-03, -2.67073E-03, -2.62176E-03, -2.56770E-03,
 -2.34213E-03, -2.38259E-03, -2.41725E-03, -2.44466E-03, -2.46310E-03, -2.47051E-03, -2.46446E-03, -2.44203E-03, -2.39978E-03, -2.33356E-03, -2.23839E-03, -2.10824E-03, -1.93572E-03, -1.71168E-03, -1.42465E-03, -1.05998E-03, -5.98834E-04, -1.66796E-05,  7.18534E-04,  1.64878E-03,  2.82908E-03,  4.33171E-03,  6.25235E-03,  8.71921E-03,  1.19068E-02,  1.60546E-02,  2.14886E-02,  2.86316E-02,  3.79745E-02,  4.99533E-02,  6.46634E-02,  8.13907E-02,  9.81144E-02,  1.11466E-01,  1.17758E-01,  1.14941E-01,  1.03957E-01,  8.80978E-02,  7.10487E-02,  5.54011E-02,  4.23320E-02,  3.19989E-02,  2.40545E-02,  1.80071E-02,  1.34000E-02,  9.86942E-03,  7.14438E-03,  5.02742E-03,  3.37413E-03,  2.07741E-03,  1.05669E-03,  2.50783E-04, -3.86972E-04, -8.92192E-04, -1.29210E-03, -1.60757E-03, -1.85474E-03, -2.04622E-03, -2.19199E-03, -2.30007E-03, -2.37697E-03, -2.42807E-03, -2.45781E-03, -2.46989E-03, -2.46744E-03, -2.45306E-03, -2.42893E-03, -2.39692E-03, -2.35857E-03,
 -2.14452E-03, -2.17070E-03, -2.19005E-03, -2.20104E-03, -2.20188E-03, -2.19047E-03, -2.16433E-03, -2.12053E-03, -2.05560E-03, -1.96544E-03, -1.84516E-03, -1.68891E-03, -1.48964E-03, -1.23875E-03, -9.25653E-04, -5.37118E-04, -5.64565E-05,  5.37577E-04,  1.27217E-03,  2.18217E-03,  3.31221E-03,  4.71935E-03,  6.47654E-03,  8.67709E-03,  1.14404E-02,  1.49180E-02,  1.92958E-02,  2.47854E-02,  3.15849E-02,  3.97902E-02,  4.92384E-02,  5.93084E-02,  6.87875E-02,  7.59932E-02,  7.92886E-02,  7.78208E-02,  7.19777E-02,  6.31750E-02,  5.31592E-02,  4.33622E-02,  3.46302E-02,  2.72817E-02,  2.13001E-02,  1.65129E-02,  1.27069E-02,  9.68402E-03,  7.27907E-03,  5.36077E-03,  3.82633E-03,  2.59542E-03,  1.60523E-03,  8.06620E-04,  1.61191E-04, -3.61019E-04, -7.83401E-04, -1.12428E-03, -1.39813E-03, -1.61648E-03, -1.78865E-03, -1.92225E-03, -2.02357E-03, -2.09784E-03, -2.14947E-03, -2.18214E-03, -2.19900E-03, -2.20268E-03, -2.19544E-03, -2.17917E-03, -2.15549E-03,
 -1.95345E-03, -1.96642E-03, -1.97166E-03, -1.96762E-03, -1.95249E-03, -1.92415E-03, -1.88011E-03, -1.81746E-03, -1.73281E-03, -1.62214E-03, -1.48075E-03, -1.30306E-03, -1.08244E-03, -8.10944E-04, -4.78946E-04, -7.46753E-05,  4.16402E-04,  1.01237E-03,  1.73584E-03,  2.61507E-03,  3.68528E-03,  4.99010E-03,  6.58307E-03,  8.52917E-03,  1.09059E-02,  1.38028E-02,  1.73164E-02,  2.15368E-02,  2.65163E-02,  3.22160E-02,  3.84295E-02,  4.47087E-02,  5.03454E-02,  5.44745E-02,  5.63219E-02,  5.55021E-02,  5.21891E-02,  4.70378E-02,  4.09131E-02,  3.46055E-02,  2.86682E-02,  2.33947E-02,  1.88799E-02,  1.50992E-02,  1.19725E-02,  9.40344E-03,  7.29871E-03,  5.57594E-03,  4.16532E-03,  3.00899E-03,  2.05964E-03,  1.27893E-03,  6.36034E-04,  1.06282E-04, -3.30057E-04, -6.88803E-04, -9.82727E-04, -1.22223E-03, -1.41586E-03, -1.57075E-03, -1.69283E-03, -1.78716E-03, -1.85798E-03, -1.90893E-03, -1.94310E-03, -1.96313E-03, -1.97128E-03, -1.96947E-03, -1.95936E-03,
 -1.76967E-03, -1.77051E-03, -1.76291E-03, -1.74529E-03, -1.71585E-03, -1.67249E-03, -1.61275E-03, -1.53380E-03, -1.43235E-03, -1.30456E-03, -1.14596E-03, -9.51316E-04, -7.14507E-04, -4.28291E-04, -8.40662E-05,  3.28473E-04,  8.21769E-04,  1.41093E-03,  2.11434E-03,  2.95438E-03,  3.95806E-03,  5.15760E-03,  6.59081E-03,  8.30086E-03,  1.03351E-02,  1.27421E-02,  1.55650E-02,  1.88293E-02,  2.25226E-02,  2.65650E-02,  3.07758E-02,  3.48504E-02,  3.83720E-02,  4.08784E-02,  4.19809E-02,  4.14930E-02,  3.94985E-02,  3.63203E-02,  3.24078E-02,  2.82070E-02,  2.40707E-02,  2.02263E-02,  1.67896E-02,  1.37955E-02,  1.12302E-02,  9.05575E-03,  7.22461E-03,  5.68846E-03,  4.40226E-03,  3.32607E-03,  2.42548E-03,  1.67149E-03,  1.04001E-03,  5.11161E-04,  6.86299E-05, -3.00998E-04, -6.08808E-04, -8.64025E-04, -1.07438E-03, -1.24642E-03, -1.38570E-03, -1.49697E-03, -1.58431E-03, -1.65120E-03, -1.70067E-03, -1.73529E-03, -1.75730E-03, -1.76862E-03, -1.77091E-03,
 -1.59375E-03, -1.58360E-03, -1.56443E-03, -1.53470E-03, -1.49262E-03, -1.43613E-03, -1.36287E-03, -1.27012E-03, -1.15472E-03, -1.01305E-03, -8.40948E-04, -6.33581E-04, -3.85368E-04, -8.98248E-05,  2.60613E-04,  6.74819E-04,  1.16325E-03,  1.73829E-03,  2.41456E-03,  3.20930E-03,  4.14261E-03,  5.23746E-03,  6.51936E-03,  8.01543E-03,  9.75236E-03,  1.17529E-02,  1.40302E-02,  1.65787E-02,  1.93616E-02,  2.22967E-02,  2.52428E-02,  2.79959E-02,  3.03050E-02,  3.19116E-02,  3.26092E-02,  3.23012E-02,  3.10308E-02,  2.89673E-02,  2.63565E-02,  2.34584E-02,  2.04987E-02,  1.76433E-02,  1.49966E-02,  1.26111E-02,  1.05030E-02,  8.66518E-03,  7.07790E-03,  5.71544E-03,  4.55053E-03,  3.55689E-03,  2.71046E-03,  1.99003E-03,  1.37725E-03,  8.56513E-04,  4.14598E-04,  4.03393E-05, -2.75722E-04, -5.41632E-04, -7.64275E-04, -9.49568E-04, -1.10262E-03, -1.22783E-03, -1.32905E-03, -1.40960E-03, -1.47235E-03, -1.51980E-03, -1.55414E-03, -1.57725E-03, -1.59076E-03,
 -1.42617E-03, -1.40614E-03, -1.37669E-03, -1.33628E-03, -1.28320E-03, -1.21546E-03, -1.13079E-03, -1.02662E-03, -8.99974E-04, -7.47498E-04, -5.65343E-04, -3.49124E-04, -9.38391E-05,  2.06231E-04,  5.57632E-04,  9.67874E-04,  1.44559E-03,  2.00070E-03,  2.64458E-03,  3.39015E-03,  4.25184E-03,  5.24535E-03,  6.38698E-03,  7.69244E-03,  9.17482E-03,  1.08415E-02,  1.26897E-02,  1.47007E-02,  1.68327E-02,  1.90140E-02,  2.11391E-02,  2.30710E-02,  2.46536E-02,  2.57355E-02,  2.62005E-02,  2.59956E-02,  2.51442E-02,  2.37408E-02,  2.19267E-02,  1.98594E-02,  1.76856E-02,  1.55240E-02,  1.34592E-02,  1.15439E-02,  9.80508E-03,  8.25100E-03,  6.87762E-03,  5.67364E-03,  4.62410E-03,  3.71274E-03,  2.92352E-03,  2.24146E-03,  1.65305E-03,  1.14630E-03,  7.10742E-04,  3.37263E-04,  1.79320E-05, -2.54158E-04, -4.85034E-04, -6.79967E-04, -8.43573E-04, -9.79901E-04, -1.09250E-03, -1.18447E-03, -1.25855E-03, -1.31712E-03, -1.36227E-03, -1.39582E-03, -1.41937E-03,
 -1.26725E-03, -1.23846E-03, -1.19997E-03, -1.15031E-03, -1.08782E-03, -1.01061E-03, -9.16544E-04, -8.03199E-04, -6.67839E-04, -5.07370E-04, -3.18304E-04, -9.67124E-05,  1.61823E-04,  4.62266E-04,  8.10189E-04,  1.21184E-03,  1.67420E-03,  2.20506E-03,  2.81304E-03,  3.50750E-03,  4.29841E-03,  5.19591E-03,  6.20962E-03,  7.34743E-03,  8.61383E-03,  1.00075E-02,  1.15180E-02,  1.31227E-02,  1.47824E-02,  1.64389E-02,  1.80146E-02,  1.94161E-02,  2.05433E-02,  2.13034E-02,  2.16277E-02,  2.14849E-02,  2.08890E-02,  1.98954E-02,  1.85894E-02,  1.70701E-02,  1.54350E-02,  1.37685E-02,  1.21367E-02,  1.05857E-02,  9.14448E-03,  7.82770E-03,  6.63983E-03,  5.57834E-03,  4.63644E-03,  3.80501E-03,  3.07400E-03,  2.43334E-03,  1.87336E-03,  1.38516E-03,  9.60626E-04,  5.92458E-04,  2.74131E-04, -1.83734E-07, -2.35680E-04, -4.36982E-04, -6.08205E-04, -7.53004E-04, -8.74621E-04, -9.75928E-04, -1.05947E-03, -1.12748E-03, -1.18195E-03, -1.22463E-03, -1.25705E-03,
 -1.11720E-03, -1.08074E-03, -1.03443E-03, -9.76875E-04, -9.06487E-04, -8.21497E-04, -7.19909E-04, -5.99487E-04, -4.57721E-04, -2.91812E-04, -9.86353E-05,  1.25279E-04,  3.83774E-04,  6.81095E-04,  1.02190E-03,  1.41130E-03,  1.85483E-03,  2.35846E-03,  2.92852E-03,  3.57155E-03,  4.29406E-03,  5.10210E-03,  6.00057E-03,  6.99223E-03,  8.07633E-03,  9.24694E-03,  1.04908E-02,  1.17854E-02,  1.30969E-02,  1.43795E-02,  1.55762E-02,  1.66223E-02,  1.74517E-02,  1.80051E-02,  1.82397E-02,  1.81365E-02,  1.77040E-02,  1.69763E-02,  1.60073E-02,  1.48615E-02,  1.36052E-02,  1.22990E-02,  1.09931E-02,  9.72608E-03,  8.52475E-03,  7.40573E-03,  6.37755E-03,  5.44278E-03,  4.59983E-03,  3.84452E-03,  3.17114E-03,  2.57331E-03,  2.04445E-03,  1.57813E-03,  1.16823E-03,  8.09035E-04,  4.95273E-04,  2.22109E-04, -1.48605E-05, -2.19634E-04, -3.95825E-04, -5.46690E-04, -6.75152E-04, -7.83830E-04, -8.75066E-04, -9.50946E-04, -1.01333E-03, -1.06386E-03, -1.10402E-03,
 -9.76126E-04, -9.33042E-04, -8.80075E-04, -8.15901E-04, -7.39042E-04, -6.47846E-04, -5.40473E-04, -4.14877E-04, -2.68791E-04, -9.97076E-05,  9.51318E-05,  3.18751E-04,  5.74446E-04,  8.65786E-04,  1.19661E-03,  1.57100E-03,  1.99326E-03,  2.46784E-03,  2.99921E-03,  3.59172E-03,  4.24930E-03,  4.97503E-03,  5.77062E-03,  6.63556E-03,  7.56616E-03,  8.55436E-03,  9.58645E-03,  1.06419E-02,  1.16927E-02,  1.27030E-02,  1.36310E-02,  1.44310E-02,  1.50581E-02,  1.54730E-02,  1.56481E-02,  1.55711E-02,  1.52476E-02,  1.46994E-02,  1.39620E-02,  1.30785E-02,  1.20951E-02,  1.10555E-02,  9.99815E-03,  8.95406E-03,  7.94670E-03,  6.99231E-03,  6.10102E-03,  5.27807E-03,  4.52510E-03,  3.84115E-03,  3.22361E-03,  2.66881E-03,  2.17253E-03,  1.73033E-03,  1.33772E-03,  9.90346E-04,  6.84024E-04,  4.14818E-04,  1.79052E-04, -2.66765E-05, -2.05498E-04, -3.60273E-04, -4.93605E-04, -6.07855E-04, -7.05153E-04, -7.87417E-04, -8.56370E-04, -9.13558E-04, -9.60361E-04,
 -8.44031E-04, -7.95312E-04, -7.36780E-04, -6.67196E-04, -5.85186E-04, -4.89230E-04, -3.77648E-04, -2.48590E-04, -1.00029E-04,  7.02507E-05,  2.64656E-04,  4.85785E-04,  7.36423E-04,  1.01952E-03,  1.33819E-03,  1.69562E-03,  2.09507E-03,  2.53975E-03,  3.03266E-03,  3.57648E-03,  4.17323E-03,  4.82396E-03,  5.52827E-03,  6.28371E-03,  7.08507E-03,  7.92363E-03,  8.78640E-03,  9.65552E-03,  1.05080E-02,  1.13163E-02,  1.20491E-02,  1.26737E-02,  1.31587E-02,  1.34775E-02,  1.36115E-02,  1.35526E-02,  1.33045E-02,  1.28817E-02,  1.23082E-02,  1.16139E-02,  1.08313E-02,  9.99260E-03,  9.12697E-03,  8.25931E-03,  7.40947E-03,  6.59229E-03,  5.81808E-03,  5.09333E-03,  4.42148E-03,  3.80366E-03,  3.23932E-03,  2.72677E-03,  2.26356E-03,  1.84678E-03,  1.47329E-03,  1.13984E-03,  8.43193E-04,  5.80210E-04,  3.47873E-04,  1.43328E-04, -3.60972E-05, -1.92885E-04, -3.29324E-04, -4.47516E-04, -5.49379E-04, -6.36658E-04, -7.10934E-04, -7.73637E-04, -8.26058E-04,
 -7.20832E-04, -6.67410E-04, -6.04333E-04, -5.30450E-04, -4.44500E-04, -3.45094E-04, -2.30715E-04, -9.97085E-05,  4.97183E-05,  2.19501E-04,  4.11712E-04,  6.28555E-04,  8.72345E-04,  1.14549E-03,  1.45044E-03,  1.78965E-03,  2.16550E-03,  2.58020E-03,  3.03563E-03,  3.53319E-03,  4.07358E-03,  4.65646E-03,  5.28013E-03,  5.94106E-03,  6.63346E-03,  7.34875E-03,  8.07515E-03,  8.79749E-03,  9.49716E-03,  1.01527E-02,  1.07405E-02,  1.12369E-02,  1.16194E-02,  1.18695E-02,  1.19744E-02,  1.19283E-02,  1.17340E-02,  1.14013E-02,  1.09470E-02,  1.03921E-02,  9.76025E-03,  9.07517E-03,  8.35931E-03,  7.63250E-03,  6.91127E-03,  6.20873E-03,  5.53464E-03,  4.89585E-03,  4.29672E-03,  3.73959E-03,  3.22530E-03,  2.75351E-03,  2.32308E-03,  1.93227E-03,  1.57899E-03,  1.26092E-03,  9.75622E-04,  7.20633E-04,  4.93524E-04,  2.91942E-04,  1.13635E-04, -4.35208E-05, -1.81515E-04, -3.02198E-04, -4.07276E-04, -4.98321E-04, -5.76769E-04, -6.43933E-04, -7.01004E-04,
 -6.06367E-04, -5.49109E-04, -4.82426E-04, -4.05263E-04, -3.16466E-04, -2.14783E-04, -9.88555E-05,  3.27803E-05,  1.81694E-04,  3.49556E-04,  5.38129E-04,  7.49254E-04,  9.84828E-04,  1.24677E-03,  1.53698E-03,  1.85729E-03,  2.20936E-03,  2.59459E-03,  3.01404E-03,  3.46818E-03,  3.95677E-03,  4.47860E-03,  5.03121E-03,  5.61060E-03,  6.21090E-03,  6.82410E-03,  7.43983E-03,  8.04532E-03,  8.62553E-03,  9.16367E-03,  9.64191E-03,  1.00426E-02,  1.03494E-02,  1.05491E-02,  1.06326E-02,  1.05959E-02,  1.04409E-02,  1.01746E-02,  9.80890E-03,  9.35898E-03,  8.84214E-03,  8.27632E-03,  7.67882E-03,  7.06545E-03,  6.44989E-03,  5.84346E-03,  5.25508E-03,  4.69141E-03,  4.15716E-03,  3.65535E-03,  3.18765E-03,  2.75465E-03,  2.35612E-03,  1.99122E-03,  1.65867E-03,  1.35689E-03,  1.08411E-03,  8.38439E-04,  6.17973E-04,  4.20796E-04,  2.45042E-04,  8.89169E-05, -4.92888E-05, -1.71184E-04, -2.78275E-04, -3.71960E-04, -4.53534E-04, -5.24189E-04, -5.85016E-04,
 -5.00414E-04, -4.40117E-04, -3.70687E-04, -2.91160E-04, -2.00496E-04, -9.75717E-05,  1.88159E-05,  1.49950E-04,  2.97189E-04,  4.61959E-04,  6.45738E-04,  8.50043E-04,  1.07640E-03,  1.32631E-03,  1.60121E-03,  1.90239E-03,  2.23095E-03,  2.58770E-03,  2.97302E-03,  3.38676E-03,  3.82806E-03,  4.29519E-03,  4.78529E-03,  5.29426E-03,  5.81647E-03,  6.34466E-03,  6.86985E-03,  7.38135E-03,  7.86701E-03,  8.31360E-03,  8.70745E-03,  9.03523E-03,  9.28493E-03,  9.44685E-03,  9.51439E-03,  9.48477E-03,  9.35920E-03,  9.14286E-03,  8.84431E-03,  8.47479E-03,  8.04721E-03,  7.57523E-03,  7.07232E-03,  6.55113E-03,  6.02295E-03,  5.49744E-03,  4.98253E-03,  4.48447E-03,  4.00795E-03,  3.55628E-03,  3.13160E-03,  2.73510E-03,  2.36719E-03,  2.02767E-03,  1.71589E-03,  1.43085E-03,  1.17133E-03,  9.35929E-04,  7.23174E-04,  5.31542E-04,  3.59511E-04,  2.05584E-04,  6.83118E-05, -5.36905E-05, -1.61736E-04, -2.57061E-04, -3.40818E-04, -4.14081E-04, -4.77844E-04,
 -4.02697E-04, -3.40087E-04, -2.68682E-04, -1.87613E-04, -9.59464E-05,  7.31500E-06,  1.23228E-04,  2.52905E-04,  3.97511E-04,  5.58245E-04,  7.36334E-04,  9.33006E-04,  1.14946E-03,  1.38685E-03,  1.64621E-03,  1.92841E-03,  2.23411E-03,  2.56363E-03,  2.91692E-03,  3.29335E-03,  3.69171E-03,  4.10995E-03,  4.54511E-03,  4.99318E-03,  5.44895E-03,  5.90596E-03,  6.35649E-03,  6.79165E-03,  7.20157E-03,  7.57577E-03,  7.90361E-03,  8.17495E-03,  8.38075E-03,  8.51378E-03,  8.56918E-03,  8.54489E-03,  8.44181E-03,  8.26375E-03,  8.01708E-03,  7.71018E-03,  7.35287E-03,  6.95567E-03,  6.52917E-03,  6.08353E-03,  5.62807E-03,  5.17098E-03,  4.71921E-03,  4.27845E-03,  3.85318E-03,  3.44675E-03,  3.06155E-03,  2.69910E-03,  2.36024E-03,  2.04524E-03,  1.75390E-03,  1.48569E-03,  1.23982E-03,  1.01531E-03,  8.11031E-04,  6.25814E-04,  4.58433E-04,  3.07660E-04,  1.72281E-04,  5.11159E-05, -5.69681E-05, -1.53051E-04, -2.38153E-04, -3.13233E-04, -3.79186E-04,
 -3.12897E-04, -2.48629E-04, -1.75942E-04, -9.40564E-05, -2.14128E-06,  1.00680E-04,  2.15327E-04,  3.42756E-04,  4.83952E-04,  6.39915E-04,  8.11644E-04,  1.00012E-03,  1.20626E-03,  1.43092E-03,  1.67480E-03,  1.93846E-03,  2.22218E-03,  2.52595E-03,  2.84938E-03,  3.19158E-03,  3.55107E-03,  3.92573E-03,  4.31261E-03,  4.70792E-03,  5.10696E-03,  5.50404E-03,  5.89257E-03,  6.26513E-03,  6.61370E-03,  6.92991E-03,  7.20541E-03,  7.43235E-03,  7.60383E-03,  7.71438E-03,  7.76035E-03,  7.74019E-03,  7.65460E-03,  7.50641E-03,  7.30042E-03,  7.04304E-03,  6.74179E-03,  6.40488E-03,  6.04072E-03,  5.65752E-03,  5.26295E-03,  4.86396E-03,  4.46657E-03,  4.07588E-03,  3.69605E-03,  3.33032E-03,  2.98115E-03,  2.65024E-03,  2.33870E-03,  2.04711E-03,  1.77562E-03,  1.52405E-03,  1.29194E-03,  1.07865E-03,  8.83365E-04,  7.05197E-04,  5.43181E-04,  3.96325E-04,  2.63626E-04,  1.44092E-04,  3.67539E-05, -5.93229E-05, -1.45033E-04, -2.21224E-04, -2.88697E-04,
