 -1.37517E-03, -1.41237E-03, -1.44992E-03, -1.48770E-03, -1.52550E-03, -1.56312E-03, -1.60030E-03, -1.63675E-03, -1.67214E-03, -1.70607E-03, -1.73813E-03, -1.76784E-03, -1.79466E-03, -1.81805E-03, -1.83739E-03, -1.85207E-03, -1.86143E-03, -1.86484E-03, -1.86167E-03, -1.85135E-03, -1.83336E-03, -1.80729E-03, -1.77283E-03, -1.72980E-03, -1.67819E-03, -1.61816E-03, -1.55003E-03, -1.47431E-03, -1.39165E-03, -1.30286E-03, -1.20885E-03, -1.11063E-03, -1.00928E-03, -9.05869E-04, -8.01485E-04, -6.97167E-04, -5.93892E-04, -4.92551E-04, -3.93940E-04, -2.98744E-04, -2.07538E-04, -1.20782E-04, -3.88276E-05,  3.80757E-05,  1.09773E-04,  1.76196E-04,  2.37348E-04,  2.93296E-04,  3.44163E-04,  3.90111E-04,  4.31340E-04,
 -1.43920E-03, -1.48051E-03, -1.52244E-03, -1.56483E-03, -1.60752E-03, -1.65028E-03, -1.69285E-03, -1.73491E-03, -1.77612E-03, -1.81606E-03, -1.85425E-03, -1.89016E-03, -1.92319E-03, -1.95271E-03, -1.97800E-03, -1.99832E-03, -2.01291E-03, -2.02098E-03, -2.02176E-03, -2.01453E-03, -1.99863E-03, -1.97350E-03, -1.93873E-03, -1.89405E-03, -1.83941E-03, -1.77495E-03, -1.70103E-03, -1.61821E-03, -1.52727E-03, -1.42917E-03, -1.32501E-03, -1.21599E-03, -1.10339E-03, -9.88503E-04, -8.72616E-04, -7.56954E-04, -6.42661E-04, -5.30770E-04, -4.22191E-04, -3.17698E-04, -2.17927E-04, -1.23376E-04, -3.44135E-05,  4.87143E-05,  1.25870E-04,  1.97014E-04,  2.62190E-04,  3.21510E-04,  3.75146E-04,  4.23314E-04,  4.66264E-04,
 -1.50587E-03, -1.55167E-03, -1.59838E-03, -1.64587E-03, -1.69396E-03, -1.74244E-03, -1.79104E-03, -1.83944E-03, -1.88727E-03, -1.93407E-03, -1.97934E-03, -2.02248E-03, -2.06281E-03, -2.09961E-03, -2.13204E-03, -2.15924E-03, -2.18027E-03, -2.19419E-03, -2.20005E-03, -2.19692E-03, -2.18398E-03, -2.16048E-03, -2.12587E-03, -2.07976E-03, -2.02202E-03, -1.95276E-03, -1.87238E-03, -1.78153E-03, -1.68114E-03, -1.57233E-03, -1.45645E-03, -1.33494E-03, -1.20934E-03, -1.08121E-03, -9.52075E-04, -8.23397E-04, -6.96514E-04, -5.72626E-04, -4.52775E-04, -3.37831E-04, -2.28494E-04, -1.25298E-04, -2.86211E-05,  6.13028E-05,  1.44366E-04,  2.20570E-04,  2.90011E-04,  3.52861E-04,  4.09352E-04,  4.59765E-04,  5.04414E-04,
 -1.57518E-03, -1.62585E-03, -1.67778E-03, -1.73085E-03, -1.78491E-03, -1.83974E-03, -1.89509E-03, -1.95063E-03, -2.00596E-03, -2.06062E-03, -2.11405E-03, -2.16559E-03, -2.21450E-03, -2.25993E-03, -2.30094E-03, -2.33648E-03, -2.36545E-03, -2.38670E-03, -2.39905E-03, -2.40134E-03, -2.39249E-03, -2.37155E-03, -2.33774E-03, -2.29054E-03, -2.22968E-03, -2.15525E-03, -2.06767E-03, -1.96770E-03, -1.85643E-03, -1.73524E-03, -1.60574E-03, -1.46971E-03, -1.32900E-03, -1.18550E-03, -1.04105E-03, -8.97372E-04, -7.56054E-04, -6.18487E-04, -4.85859E-04, -3.59148E-04, -2.39117E-04, -1.26331E-04, -2.11650E-05,  7.61713E-05,  1.65615E-04,  2.47227E-04,  3.21173E-04,  3.87697E-04,  4.47112E-04,  4.99773E-04,  5.46071E-04,
 -1.64709E-03, -1.70303E-03, -1.76063E-03, -1.81982E-03, -1.88045E-03, -1.94232E-03, -2.00519E-03, -2.06874E-03, -2.13257E-03, -2.19620E-03, -2.25902E-03, -2.32033E-03, -2.37930E-03, -2.43496E-03, -2.48624E-03, -2.53191E-03, -2.57066E-03, -2.60107E-03, -2.62170E-03, -2.63107E-03, -2.62781E-03, -2.61066E-03, -2.57857E-03, -2.53078E-03, -2.46689E-03, -2.38690E-03, -2.29127E-03, -2.18087E-03, -2.05703E-03, -1.92141E-03, -1.77600E-03, -1.62296E-03, -1.46459E-03, -1.30316E-03, -1.14090E-03, -9.79880E-04, -8.21955E-04, -6.68745E-04, -5.21607E-04, -3.81628E-04, -2.49635E-04, -1.26209E-04, -1.17102E-05,  9.36981E-05,  1.90018E-04,  2.77391E-04,  3.56071E-04,  4.26398E-04,  4.88777E-04,  5.43661E-04,  5.91529E-04,
 -1.72152E-03, -1.78314E-03, -1.84691E-03, -1.91276E-03, -1.98060E-03, -2.05024E-03, -2.12148E-03, -2.19401E-03, -2.26743E-03, -2.34126E-03, -2.41487E-03, -2.48751E-03, -2.55826E-03, -2.62605E-03, -2.68964E-03, -2.74761E-03, -2.79838E-03, -2.84024E-03, -2.87140E-03, -2.89001E-03, -2.89429E-03, -2.88257E-03, -2.85345E-03, -2.80585E-03, -2.73914E-03, -2.65323E-03, -2.54856E-03, -2.42619E-03, -2.28769E-03, -2.13515E-03, -1.97099E-03, -1.79792E-03, -1.61875E-03, -1.43629E-03, -1.25324E-03, -1.07206E-03, -8.94961E-04, -7.23818E-04, -5.60171E-04, -4.05219E-04, -2.59840E-04, -1.24617E-04,  1.32040E-07,  1.14313E-04,  2.18021E-04,  3.11505E-04,  3.95133E-04,  4.69364E-04,  5.34721E-04,  5.91766E-04,  6.41086E-04,
 -1.79836E-03, -1.86609E-03, -1.93652E-03, -2.00962E-03, -2.08533E-03, -2.16353E-03, -2.24404E-03, -2.32659E-03, -2.41081E-03, -2.49623E-03, -2.58221E-03, -2.66795E-03, -2.75248E-03, -2.83462E-03, -2.91294E-03, -2.98582E-03, -3.05138E-03, -3.10755E-03, -3.15210E-03, -3.18272E-03, -3.19709E-03, -3.19303E-03, -3.16861E-03, -3.12233E-03, -3.05323E-03, -2.96104E-03, -2.84622E-03, -2.70999E-03, -2.55429E-03, -2.38171E-03, -2.19531E-03, -1.99845E-03, -1.79465E-03, -1.58737E-03, -1.37989E-03, -1.17520E-03, -9.75897E-04, -7.84146E-04, -6.01686E-04, -4.29823E-04, -2.69468E-04, -1.21176E-04,  1.48076E-05,  1.38496E-04,  2.50113E-04,  3.50048E-04,  4.38816E-04,  5.17020E-04,  5.85325E-04,  6.44429E-04,  6.95043E-04,
 -1.87747E-03, -1.95174E-03, -2.02933E-03, -2.11027E-03, -2.19455E-03, -2.28213E-03, -2.37288E-03, -2.46658E-03, -2.56292E-03, -2.66145E-03, -2.76156E-03, -2.86244E-03, -2.96305E-03, -3.06212E-03, -3.15807E-03, -3.24901E-03, -3.33275E-03, -3.40680E-03, -3.46839E-03, -3.51460E-03, -3.54244E-03, -3.54900E-03, -3.53169E-03, -3.48837E-03, -3.41762E-03, -3.31889E-03, -3.19260E-03, -3.04022E-03, -2.86415E-03, -2.66764E-03, -2.45459E-03, -2.22926E-03, -1.99605E-03, -1.75929E-03, -1.52300E-03, -1.29077E-03, -1.06566E-03, -8.50180E-04, -6.46260E-04, -4.55295E-04, -2.78198E-04, -1.15451E-04,  3.28194E-05,  1.66779E-04,  2.86826E-04,  3.93531E-04,  4.87595E-04,  5.69799E-04,  6.40979E-04,  7.01991E-04,  7.53691E-04,
 -1.95866E-03, -2.03990E-03, -2.12515E-03, -2.21453E-03, -2.30812E-03, -2.40592E-03, -2.50792E-03, -2.61397E-03, -2.72385E-03, -2.83717E-03, -2.95336E-03, -3.07165E-03, -3.19100E-03, -3.31003E-03, -3.42701E-03, -3.53983E-03, -3.64592E-03, -3.74229E-03, -3.82555E-03, -3.89201E-03, -3.93778E-03, -3.95901E-03, -3.95213E-03, -3.91415E-03, -3.84294E-03, -3.73755E-03, -3.59829E-03, -3.42691E-03, -3.22646E-03, -3.00109E-03, -2.75580E-03, -2.49607E-03, -2.22751E-03, -1.95550E-03, -1.68502E-03, -1.42039E-03, -1.16523E-03, -9.22377E-04, -6.93963E-04, -4.81433E-04, -2.85642E-04, -1.06943E-04,  5.47206E-05,  1.99731E-04,  3.28715E-04,  4.42479E-04,  5.41951E-04,  6.28133E-04,  7.02060E-04,  7.64775E-04,  8.17305E-04,
 -2.04169E-03, -2.13031E-03, -2.22373E-03, -2.32216E-03, -2.42576E-03, -2.53468E-03, -2.64897E-03, -2.76864E-03, -2.89356E-03, -3.02347E-03, -3.15791E-03, -3.29617E-03, -3.43723E-03, -3.57971E-03, -3.72177E-03, -3.86103E-03, -3.99457E-03, -4.11884E-03, -4.22969E-03, -4.32246E-03, -4.39211E-03, -4.43349E-03, -4.44171E-03, -4.41251E-03, -4.34275E-03, -4.23080E-03, -4.07681E-03, -3.88287E-03, -3.65288E-03, -3.39227E-03, -3.10757E-03, -2.80590E-03, -2.49444E-03, -2.18002E-03, -1.86877E-03, -1.56590E-03, -1.27563E-03, -1.00119E-03, -7.44822E-04, -5.07974E-04, -2.91357E-04, -9.51083E-05,  8.10998E-05,  2.37942E-04,  3.76347E-04,  4.97415E-04,  6.02356E-04,  6.92432E-04,  7.68920E-04,  8.33078E-04,  8.86124E-04,
 -2.12627E-03, -2.22267E-03, -2.32475E-03, -2.43282E-03, -2.54716E-03, -2.66805E-03, -2.79571E-03, -2.93029E-03, -3.07185E-03, -3.22028E-03, -3.37529E-03, -3.53633E-03, -3.70249E-03, -3.87243E-03, -4.04426E-03, -4.21545E-03, -4.38268E-03, -4.54181E-03, -4.68781E-03, -4.81481E-03, -4.91629E-03, -4.98536E-03, -5.01523E-03, -4.99983E-03, -4.93447E-03, -4.81648E-03, -4.64568E-03, -4.42461E-03, -4.15835E-03, -3.85414E-03, -3.52067E-03, -3.16730E-03, -2.80337E-03, -2.43755E-03, -2.07743E-03, -1.72928E-03, -1.39797E-03, -1.08704E-03, -7.98821E-04, -5.34609E-04, -2.94864E-04, -7.93799E-05,  1.12550E-04,  2.81992E-04,  4.30262E-04,  5.58827E-04,  6.69236E-04,  7.63063E-04,  8.41863E-04,  9.07143E-04,  9.60337E-04,
 -2.21208E-03, -2.31663E-03, -2.42782E-03, -2.54608E-03, -2.67185E-03, -2.80558E-03, -2.94767E-03, -3.09848E-03, -3.25830E-03, -3.42727E-03, -3.60534E-03, -3.79221E-03, -3.98720E-03, -4.18914E-03, -4.39622E-03, -4.60581E-03, -4.81431E-03, -5.01698E-03, -5.20779E-03, -5.37944E-03, -5.52346E-03, -5.63062E-03, -5.69145E-03, -5.69721E-03, -5.64083E-03, -5.51801E-03, -5.32795E-03, -5.07376E-03, -4.76226E-03, -4.40327E-03, -4.00860E-03, -3.59078E-03, -3.16207E-03, -2.73355E-03, -2.31461E-03, -1.91270E-03, -1.53337E-03, -1.18036E-03, -8.55913E-04, -5.61016E-04, -2.95688E-04, -5.92213E-05,  1.49614E-04,  3.32397E-04,  4.90928E-04,  6.27124E-04,  7.42938E-04,  8.40309E-04,  9.21113E-04,  9.87138E-04,  1.04006E-03,
 -2.29873E-03, -2.41176E-03, -2.53246E-03, -2.66143E-03, -2.79928E-03, -2.94666E-03, -3.10421E-03, -3.27255E-03, -3.45226E-03, -3.64382E-03, -3.84754E-03, -4.06351E-03, -4.29140E-03, -4.53040E-03, -4.77896E-03, -5.03457E-03, -5.29349E-03, -5.55045E-03, -5.79841E-03, -6.02838E-03, -6.22947E-03, -6.38921E-03, -6.49438E-03, -6.53220E-03, -6.49195E-03, -6.36663E-03, -6.15436E-03, -5.85902E-03, -5.48998E-03, -5.06098E-03, -4.58834E-03, -4.08919E-03, -3.57976E-03, -3.07426E-03, -2.58424E-03, -2.11846E-03, -1.68299E-03, -1.28157E-03, -9.16078E-04, -5.86928E-04, -2.93448E-04, -3.42153E-05,  1.92698E-04,  3.89527E-04,  5.58667E-04,  7.02573E-04,  8.23675E-04,  9.24330E-04,  1.00678E-03,  1.07313E-03,  1.12532E-03,
 -2.38579E-03, -2.50756E-03, -2.63813E-03, -2.77826E-03, -2.92877E-03, -3.09054E-03, -3.26450E-03, -3.45159E-03, -3.65278E-03, -3.86897E-03, -4.10097E-03, -4.34940E-03, -4.61454E-03, -4.89614E-03, -5.19319E-03, -5.50362E-03, -5.82385E-03, -6.14835E-03, -6.46915E-03, -6.77543E-03, -7.05330E-03, -7.28604E-03, -7.45500E-03, -7.54131E-03, -7.52841E-03, -7.40487E-03, -7.16681E-03, -6.81917E-03, -6.37530E-03, -5.85494E-03, -5.28134E-03, -4.67818E-03, -4.06722E-03, -3.46667E-03, -2.89060E-03, -2.34895E-03, -1.84802E-03, -1.39116E-03, -9.79434E-04, -6.12279E-04, -2.88007E-04, -4.21211E-06,  2.41937E-04,  4.53487E-04,  6.33553E-04,  7.85216E-04,  9.11456E-04,  1.01510E-03,  1.09881E-03,  1.16503E-03,  1.21601E-03,
 -2.47278E-03, -2.60351E-03, -2.74422E-03, -2.89587E-03, -3.05951E-03, -3.23631E-03, -3.42752E-03, -3.63447E-03, -3.85860E-03, -4.10136E-03, -4.36421E-03, -4.64849E-03, -4.95533E-03, -5.28539E-03, -5.63863E-03, -6.01384E-03, -6.40814E-03, -6.81626E-03, -7.22970E-03, -7.63591E-03, -8.01752E-03, -8.35225E-03, -8.61370E-03, -8.77367E-03, -8.80608E-03, -8.69188E-03, -8.42356E-03, -8.00759E-03, -7.46374E-03, -6.82141E-03, -6.11455E-03, -5.37658E-03, -4.63681E-03, -3.91842E-03, -3.23811E-03, -2.60661E-03, -2.02981E-03, -1.50989E-03, -1.04647E-03, -6.37457E-04, -2.79723E-04,  3.04372E-05,  2.96987E-04,  5.23949E-04,  7.15274E-04,  8.74760E-04,  1.00600E-03,  1.11236E-03,  1.19694E-03,  1.26258E-03,  1.31186E-03,
 -2.55918E-03, -2.69900E-03, -2.85003E-03, -3.01347E-03, -3.19061E-03, -3.38293E-03, -3.59206E-03, -3.81981E-03, -4.06814E-03, -4.33920E-03, -4.63525E-03, -4.95862E-03, -5.31156E-03, -5.69609E-03, -6.11363E-03, -6.56456E-03, -7.04752E-03, -7.55841E-03, -8.08914E-03, -8.62603E-03, -9.14820E-03, -9.62646E-03, -1.00235E-02, -1.02965E-02, -1.04037E-02, -1.03122E-02, -1.00079E-02, -9.49945E-03, -8.81761E-03, -8.00802E-03, -7.12170E-03, -6.20658E-03, -5.30215E-03, -4.43739E-03, -3.63119E-03, -2.89401E-03, -2.23002E-03, -1.63912E-03, -1.11847E-03, -6.63748E-04, -2.69864E-04,  6.85243E-05,  3.56735E-04,  5.99914E-04,  8.02950E-04,  9.70435E-04,  1.10664E-03,  1.21551E-03,  1.30064E-03,  1.36530E-03,  1.41243E-03,
 -2.64445E-03, -2.79340E-03, -2.95484E-03, -3.13020E-03, -3.32105E-03, -3.52921E-03, -3.75674E-03, -4.00595E-03, -4.27947E-03, -4.58023E-03, -4.91150E-03, -5.27681E-03, -5.67994E-03, -6.12471E-03, -6.61473E-03, -7.15288E-03, -7.74055E-03, -8.37635E-03, -9.05434E-03, -9.76141E-03, -1.04742E-02, -1.11558E-02, -1.17541E-02, -1.22037E-02, -1.24352E-02, -1.23909E-02, -1.20427E-02, -1.14033E-02, -1.05235E-02, -9.47746E-03, -8.34418E-03, -7.19323E-03, -6.07730E-03, -5.03112E-03, -4.07405E-03, -3.21400E-03, -2.45125E-03, -1.78154E-03, -1.19830E-03, -6.94062E-04, -2.61240E-04,  1.07458E-04,  4.18883E-04,  6.79400E-04,  8.94904E-04,  1.07083E-03,  1.21219E-03,  1.32355E-03,  1.40905E-03,  1.47244E-03,  1.51705E-03,
 -2.72802E-03, -2.88604E-03, -3.05786E-03, -3.24513E-03, -3.44973E-03, -3.67385E-03, -3.91998E-03, -4.19103E-03, -4.49034E-03, -4.82177E-03, -5.18972E-03, -5.59923E-03, -6.05594E-03, -6.56606E-03, -7.13618E-03, -7.77288E-03, -8.48196E-03, -9.26706E-03, -1.01274E-02, -1.10541E-02, -1.20246E-02, -1.29958E-02, -1.38971E-02, -1.46286E-02, -1.50718E-02, -1.51199E-02, -1.47163E-02, -1.38808E-02, -1.27036E-02, -1.13115E-02, -9.83089E-03, -8.36271E-03, -6.97502E-03, -5.70582E-03, -4.57066E-03, -3.57051E-03, -2.69813E-03, -1.94253E-03, -1.29170E-03, -7.34104E-04, -2.59175E-04,  1.42513E-04,  4.79386E-04,  7.59040E-04,  9.88379E-04,  1.17372E-03,  1.32083E-03,  1.43499E-03,  1.52094E-03,  1.58296E-03,  1.62483E-03,
 -2.80929E-03, -2.97624E-03, -3.15829E-03, -3.35732E-03, -3.57552E-03, -3.81546E-03, -4.08012E-03, -4.37301E-03, -4.69826E-03, -5.06072E-03, -5.46611E-03, -5.92118E-03, -6.43379E-03, -7.01311E-03, -7.66959E-03, -8.41486E-03, -9.26123E-03, -1.02206E-02, -1.13019E-02, -1.25070E-02, -1.38222E-02, -1.52057E-02, -1.65695E-02, -1.77634E-02, -1.85806E-02, -1.88106E-02, -1.83322E-02, -1.71809E-02, -1.55314E-02, -1.36140E-02, -1.16348E-02, -9.73777E-03, -8.00361E-03, -6.46527E-03, -5.12534E-03, -3.97022E-03, -2.97966E-03, -2.13251E-03, -1.40950E-03, -7.94193E-04, -2.72912E-04,  1.65791E-04,  5.31737E-04,  8.33600E-04,  1.07923E-03,  1.27583E-03,  1.43000E-03,  1.54779E-03,  1.63465E-03,  1.69549E-03,  1.73461E-03,
 -2.88771E-03, -3.06333E-03, -3.25531E-03, -3.46579E-03, -3.69725E-03, -3.95264E-03, -4.23542E-03, -4.54975E-03, -4.90053E-03, -5.29371E-03, -5.73639E-03, -6.23720E-03, -6.80655E-03, -7.45700E-03, -8.20373E-03, -9.06479E-03, -1.00613E-02, -1.12173E-02, -1.25578E-02, -1.41055E-02, -1.58712E-02, -1.78349E-02, -1.99097E-02, -2.18867E-02, -2.33994E-02, -2.40026E-02, -2.34107E-02, -2.17011E-02, -1.92521E-02, -1.65070E-02, -1.38024E-02, -1.13286E-02, -9.16212E-03, -7.31012E-03, -5.74500E-03, -4.42640E-03, -3.31355E-03, -2.37114E-03, -1.57110E-03, -8.92013E-04, -3.17621E-04,  1.64854E-04,  5.66065E-04,  8.95429E-04,  1.16161E-03,  1.37270E-03,  1.53627E-03,  1.65928E-03,  1.74808E-03,  1.80831E-03,  1.84497E-03,
 -2.96269E-03, -3.14663E-03, -3.34815E-03, -3.56959E-03, -3.81377E-03, -4.08397E-03, -4.38415E-03, -4.71906E-03, -5.09442E-03, -5.51723E-03, -5.99603E-03, -6.54139E-03, -7.16640E-03, -7.88739E-03, -8.72483E-03, -9.70435E-03, -1.08581E-02, -1.22259E-02, -1.38563E-02, -1.58059E-02, -1.81345E-02, -2.08876E-02, -2.40443E-02, -2.73867E-02, -3.02889E-02, -3.17219E-02, -3.09183E-02, -2.80986E-02, -2.41969E-02, -2.01069E-02, -1.63471E-02, -1.31167E-02, -1.04347E-02, -8.23960E-03, -6.44512E-03, -4.96675E-03, -3.73410E-03, -2.69419E-03, -1.80999E-03, -1.05661E-03, -4.17114E-04,  1.21001E-04,  5.68135E-04,  9.33908E-04,  1.22767E-03,  1.45856E-03,  1.63534E-03,  1.76623E-03,  1.85871E-03,  1.91945E-03,  1.95429E-03,
 -3.03372E-03, -3.22553E-03, -3.43605E-03, -3.66785E-03, -3.92400E-03, -4.20814E-03, -4.52466E-03, -4.87888E-03, -5.27727E-03, -5.72783E-03, -6.24049E-03, -6.82768E-03, -7.50516E-03, -8.29306E-03, -9.21733E-03, -1.03118E-02, -1.16208E-02, -1.32031E-02, -1.51365E-02, -1.75246E-02, -2.05039E-02, -2.42504E-02, -2.89637E-02, -3.46990E-02, -4.06481E-02, -4.42009E-02, -4.28467E-02, -3.74662E-02, -3.07401E-02, -2.44455E-02, -1.91977E-02, -1.50325E-02, -1.17874E-02, -9.25980E-03, -7.26336E-03, -5.64836E-03, -4.30602E-03, -3.16483E-03, -2.18208E-03, -1.33406E-03, -6.07339E-04,  7.28808E-06,  5.18330E-04,  9.35016E-04,  1.26747E-03,  1.52633E-03,  1.72213E-03,  1.86487E-03,  1.96369E-03,  2.02666E-03,  2.06076E-03,
 -3.10030E-03, -3.29945E-03, -3.51834E-03, -3.75975E-03, -4.02697E-03, -4.32395E-03, -4.65546E-03, -5.02732E-03, -5.44666E-03, -5.92237E-03, -6.46556E-03, -7.09038E-03, -7.81496E-03, -8.66291E-03, -9.66533E-03, -1.08639E-02, -1.23151E-02, -1.40971E-02, -1.63192E-02, -1.91379E-02, -2.27813E-02, -2.75987E-02, -3.41904E-02, -4.37127E-02, -5.70466E-02, -6.74470E-02, -6.38223E-02, -5.14314E-02, -3.90284E-02, -2.92844E-02, -2.21186E-02, -1.69352E-02, -1.31781E-02, -1.04064E-02, -8.28740E-03, -6.58507E-03, -5.14785E-03, -3.89148E-03, -2.77792E-03, -1.79495E-03, -9.40544E-04, -2.13460E-04,  3.90915E-04,  8.81222E-04,  1.26913E-03,  1.56789E-03,  1.79096E-03,  1.95115E-03,  2.06000E-03,  2.12759E-03,  2.16247E-03,
 -3.16200E-03, -3.36788E-03, -3.59443E-03, -3.84459E-03, -4.12184E-03, -4.43038E-03, -4.77530E-03, -5.16282E-03, -5.60059E-03, -6.09821E-03, -6.66775E-03, -7.32468E-03, -8.08904E-03, -8.98720E-03, -1.00545E-02, -1.13390E-02, -1.29075E-02, -1.48548E-02, -1.73187E-02, -2.05031E-02, -2.47151E-02, -3.04232E-02, -3.83944E-02, -5.08612E-02, -8.10611E-02, -1.25179E-01, -1.05026E-01, -7.09201E-02, -4.81100E-02, -3.38190E-02, -2.46455E-02, -1.86241E-02, -1.45935E-02, -1.17945E-02, -9.70786E-03, -7.99610E-03, -6.47097E-03, -5.05539E-03, -3.73988E-03, -2.54381E-03, -1.48957E-03, -5.90060E-04,  1.54028E-04,  7.52018E-04,  1.21946E-03,  1.57463E-03,  1.83607E-03,  2.02101E-03,  2.14465E-03,  2.21992E-03,  2.25754E-03,
 -3.21844E-03, -3.43040E-03, -3.66383E-03, -3.92180E-03, -4.20794E-03, -4.52665E-03, -4.88324E-03, -5.28421E-03, -5.73760E-03, -6.25347E-03, -6.84454E-03, -7.52713E-03, -8.32252E-03, -9.25884E-03, -1.03741E-02, -1.17204E-02, -1.33712E-02, -1.54324E-02, -1.80608E-02, -2.14939E-02, -2.60949E-02, -3.23828E-02, -4.07351E-02, -4.77819E-02, -3.89574E-02, -3.97097E-01, -1.73678E-01, -8.94938E-02, -5.46463E-02, -3.65782E-02, -2.61537E-02, -1.99175E-02, -1.61351E-02, -1.37139E-02, -1.19152E-02, -1.02913E-02, -8.64385E-03, -6.95223E-03, -5.28506E-03, -3.72934E-03, -2.35090E-03, -1.18267E-03, -2.28847E-04,  5.25531E-04,  1.10530E-03,  1.53849E-03,  1.85226E-03,  2.07090E-03,  2.21502E-03,  2.30158E-03,  2.34424E-03,
 -3.26932E-03, -3.48667E-03, -3.72617E-03, -3.99096E-03, -4.28481E-03, -4.61222E-03, -4.97866E-03, -5.39079E-03, -5.85686E-03, -6.38714E-03, -6.99465E-03, -7.69606E-03, -8.51308E-03, -9.47443E-03, -1.06188E-02, -1.19997E-02, -1.36921E-02, -1.58049E-02, -1.85006E-02, -2.20295E-02, -2.67896E-02, -3.34188E-02, -4.28426E-02, -5.57453E-02, -1.05934E-01, -3.93046E-01, -1.74083E-01, -8.95348E-02, -5.42521E-02, -3.61314E-02, -2.61409E-02, -2.08017E-02, -1.81646E-02, -1.68012E-02, -1.56778E-02, -1.42218E-02, -1.22974E-02, -1.00522E-02, -7.73236E-03, -5.55221E-03, -3.64365E-03, -2.05889E-03, -7.94838E-04,  1.81729E-04,  9.15830E-04,  1.45339E-03,  1.83589E-03,  2.09835E-03,  2.26921E-03,  2.37098E-03,  2.42115E-03,
 -3.31440E-03, -3.53643E-03, -3.78115E-03, -4.05178E-03, -4.35214E-03, -4.68680E-03, -5.06129E-03, -5.48232E-03, -5.95817E-03, -6.49913E-03, -7.11814E-03, -7.83171E-03, -8.66123E-03, -9.63480E-03, -1.07901E-02, -1.21785E-02, -1.38720E-02, -1.59736E-02, -1.86358E-02, -2.20931E-02, -2.67257E-02, -3.32073E-02, -4.29659E-02, -6.02549E-02, -9.80988E-02, -1.34824E-01, -1.07679E-01, -7.09871E-02, -4.67497E-02, -3.22298E-02, -2.44852E-02, -2.15571E-02, -2.15188E-02, -2.23599E-02, -2.24833E-02, -2.11560E-02, -1.84960E-02, -1.50807E-02, -1.15265E-02, -8.26286E-03, -5.49916E-03, -3.28337E-03, -1.57388E-03, -2.92382E-04,  6.45755E-04,  1.31724E-03,  1.78595E-03,  2.10262E-03,  2.30645E-03,  2.42721E-03,  2.48729E-03,
 -3.35349E-03, -3.57949E-03, -3.82862E-03, -4.10411E-03, -4.40982E-03, -4.75034E-03, -5.13117E-03, -5.55900E-03, -6.04199E-03, -6.59023E-03, -7.21631E-03, -7.93617E-03, -8.77020E-03, -9.74494E-03, -1.08954E-02, -1.22688E-02, -1.39297E-02, -1.59683E-02, -1.85141E-02, -2.17581E-02, -2.59935E-02, -3.16964E-02, -3.96811E-02, -5.11645E-02, -6.56969E-02, -7.42297E-02, -6.71197E-02, -5.13404E-02, -3.61588E-02, -2.55696E-02, -2.11482E-02, -2.26940E-02, -2.78566E-02, -3.30254E-02, -3.52471E-02, -3.35957E-02, -2.90050E-02, -2.31047E-02, -1.72364E-02, -1.21330E-02, -8.03303E-03, -4.89782E-03, -2.57625E-03, -8.95596E-04,  2.99236E-04,  1.13395E-03,  1.70521E-03,  2.08528E-03,  2.32735E-03,  2.47025E-03,  2.54221E-03,
 -3.38647E-03, -3.61575E-03, -3.86848E-03, -4.14791E-03, -4.45789E-03, -4.80298E-03, -5.18863E-03, -5.62139E-03, -6.10925E-03, -6.66193E-03, -7.29149E-03, -8.01298E-03, -8.84541E-03, -9.81312E-03, -1.09476E-02, -1.22904E-02, -1.38967E-02, -1.58407E-02, -1.82238E-02, -2.11837E-02, -2.49060E-02, -2.96233E-02, -3.55486E-02, -4.25382E-02, -4.91430E-02, -5.19236E-02, -4.79370E-02, -3.79306E-02, -2.54916E-02, -1.59126E-02, -1.48805E-02, -2.44767E-02, -4.03768E-02, -5.43372E-02, -5.98931E-02, -5.61597E-02, -4.66559E-02, -3.55574E-02, -2.54730E-02, -1.73736E-02, -1.12899E-02, -6.88948E-03, -3.77619E-03, -1.60447E-03, -1.06325E-04,  9.15169E-04,  1.60092E-03,  2.05052E-03,  2.33410E-03,  2.50100E-03,  2.58603E-03,
 -3.41326E-03, -3.64516E-03, -3.90072E-03, -4.18323E-03, -4.49648E-03, -4.84499E-03, -5.23413E-03, -5.67030E-03, -6.16121E-03, -6.71619E-03, -7.34665E-03, -8.06665E-03, -8.89365E-03, -9.84959E-03, -1.09623E-02, -1.22674E-02, -1.38108E-02, -1.56521E-02, -1.78681E-02, -2.05550E-02, -2.38252E-02, -2.77817E-02, -3.24335E-02, -3.74882E-02, -4.20221E-02, -4.42958E-02, -4.19790E-02, -3.26029E-02, -1.58485E-02,  4.25238E-04,  1.59043E-04, -2.53495E-02, -6.56323E-02, -9.89414E-02, -1.09185E-01, -9.73923E-02, -7.56259E-02, -5.39874E-02, -3.66206E-02, -2.39668E-02, -1.51576E-02, -9.15218E-03, -5.09555E-03, -2.36703E-03, -5.38135E-04,  6.80885E-04,  1.48488E-03,  2.00506E-03,  2.33031E-03,  2.52120E-03,  2.61940E-03,
 -3.43383E-03, -3.66769E-03, -3.92538E-03, -4.21015E-03, -4.52578E-03, -4.87673E-03, -5.26827E-03, -5.70664E-03, -6.19928E-03, -6.75513E-03, -7.38499E-03, -8.10194E-03, -8.92202E-03, -9.86497E-03, -1.09553E-02, -1.22236E-02, -1.37085E-02, -1.54585E-02, -1.75350E-02, -2.00136E-02, -2.29843E-02, -2.65421E-02, -3.07643E-02, -3.56617E-02, -4.10944E-02, -4.64849E-02, -4.94973E-02, -4.22859E-02, -1.13496E-02,  3.54801E-02,  4.53322E-02, -1.66187E-02, -1.18634E-01, -1.99532E-01, -2.12990E-01, -1.72507E-01, -1.20694E-01, -7.90327E-02, -5.02531E-02, -3.14126E-02, -1.92731E-02, -1.14558E-02, -6.39629E-03, -3.10239E-03, -9.49384E-04,  4.57964E-04,  1.37235E-03,  1.95741E-03,  2.32055E-03,  2.53317E-03,  2.64332E-03,
 -3.44815E-03, -3.68335E-03, -3.94249E-03, -4.22879E-03, -4.54600E-03, -4.89855E-03, -5.29160E-03, -5.73126E-03, -6.22477E-03, -6.78074E-03, -7.40946E-03, -8.12326E-03, -8.93703E-03, -9.86881E-03, -1.09406E-02, -1.21795E-02, -1.36190E-02, -1.53014E-02, -1.72812E-02, -1.96306E-02, -2.24514E-02, -2.58989E-02, -3.02389E-02, -3.59806E-02, -4.41611E-02, -5.67591E-02, -7.60178E-02, -9.33097E-02, -4.42990E-02,  1.25626E-01,  2.02899E-01,  3.40408E-02, -2.36527E-01, -4.58501E-01, -4.49785E-01, -3.03069E-01, -1.82347E-01, -1.07981E-01, -6.43093E-02, -3.85100E-02, -2.29856E-02, -1.34537E-02, -7.49323E-03, -3.71067E-03, -1.28560E-03,  2.76352E-04,  1.27983E-03,  1.91660E-03,  2.30968E-03,  2.53939E-03,  2.65896E-03,
 -3.45621E-03, -3.69217E-03, -3.95211E-03, -4.23925E-03, -4.55733E-03, -4.91073E-03, -5.30457E-03, -5.74488E-03, -6.23875E-03, -6.79460E-03, -7.42240E-03, -8.13403E-03, -8.94369E-03, -9.86842E-03, -1.09288E-02, -1.21497E-02, -1.35624E-02, -1.52061E-02, -1.71335E-02, -1.94205E-02, -2.21885E-02, -2.56563E-02, -3.02651E-02, -3.69862E-02, -4.81260E-02, -6.96414E-02, -1.18741E-01, -2.46682E-01, -3.58615E-01,  3.86679E-01,  8.76729E-01,  1.94865E-01, -4.77098E-01, -1.32566E+00, -1.03088E+00, -4.81744E-01, -2.43122E-01, -1.31913E-01, -7.48040E-02, -4.34820E-02, -2.54787E-02, -1.47569E-02, -8.19441E-03, -4.09412E-03, -1.49570E-03,  1.63238E-04,  1.22197E-03,  1.89053E-03,  2.30192E-03,  2.54204E-03,  2.66734E-03,
 -3.45803E-03, -3.69415E-03, -3.95427E-03, -4.24159E-03, -4.55987E-03, -4.91346E-03, -5.30747E-03, -5.74792E-03, -6.24186E-03, -6.79767E-03, -7.42524E-03, -8.13635E-03, -8.94504E-03, -9.86812E-03, -1.09258E-02, -1.21427E-02, -1.35492E-02, -1.51842E-02, -1.71003E-02, -1.93747E-02, -2.21346E-02, -2.56166E-02, -3.03096E-02, -3.73146E-02, -4.93276E-02, -7.37561E-02, -1.35395E-01, -3.52272E-01, -1.11403E+00,  6.25175E-01,  2.02424E+00,  2.98074E-01, -6.09347E-01, -2.64444E+00, -1.49730E+00, -5.51232E-01, -2.61437E-01, -1.38383E-01, -7.74877E-02, -4.47128E-02, -2.60833E-02, -1.50686E-02, -8.36054E-03, -4.18440E-03, -1.54499E-03,  1.36735E-04,  1.20838E-03,  1.88434E-03,  2.29998E-03,  2.54251E-03,  2.66915E-03,
 -3.45359E-03, -3.68930E-03, -3.94898E-03, -4.23584E-03, -4.55365E-03, -4.90678E-03, -5.30037E-03, -5.74048E-03, -6.23425E-03, -6.79016E-03, -7.41830E-03, -8.13069E-03, -8.94177E-03, -9.86890E-03, -1.09331E-02, -1.21601E-02, -1.35817E-02, -1.52383E-02, -1.71827E-02, -1.94893E-02, -2.22718E-02, -2.57254E-02, -3.02270E-02, -3.65762E-02, -4.65857E-02, -6.45268E-02, -1.00232E-01, -1.65675E-01, -1.46439E-01,  2.42004E-01,  4.62547E-01,  1.10545E-01, -3.59905E-01, -8.12730E-01, -7.22098E-01, -4.05327E-01, -2.19832E-01, -1.23213E-01, -7.10959E-02, -4.17551E-02, -2.46224E-02, -1.43128E-02, -7.95676E-03, -3.96470E-03, -1.42501E-03,  2.01203E-04,  1.24136E-03,  1.89925E-03,  2.30451E-03,  2.54115E-03,  2.66455E-03,
 -3.44289E-03, -3.67760E-03, -3.93622E-03, -4.22196E-03, -4.53861E-03, -4.89058E-03, -5.28310E-03, -5.72232E-03, -6.21556E-03, -6.77155E-03, -7.40078E-03, -8.11588E-03, -8.93217E-03, -9.86834E-03, -1.09473E-02, -1.21975E-02, -1.36543E-02, -1.53621E-02, -1.73774E-02, -1.97725E-02, -2.26415E-02, -2.61102E-02, -3.03582E-02, -3.56717E-02, -4.25401E-02, -5.16059E-02, -6.20954E-02, -6.33969E-02, -2.01161E-02,  7.61782E-02,  1.10782E-01,  3.48034E-03, -1.74714E-01, -3.15944E-01, -3.24050E-01, -2.39746E-01, -1.54686E-01, -9.56516E-02, -5.85210E-02, -3.56524E-02, -2.15139E-02, -1.26704E-02, -7.06662E-03, -3.47549E-03, -1.15615E-03,  3.46086E-04,  1.31532E-03,  1.93229E-03,  2.31395E-03,  2.53715E-03,  2.65314E-03,
 -3.42595E-03, -3.65906E-03, -3.91594E-03, -4.19985E-03, -4.51459E-03, -4.86464E-03, -5.25530E-03, -5.69288E-03, -6.18494E-03, -6.74058E-03, -7.37084E-03, -8.08921E-03, -8.91231E-03, -9.86076E-03, -1.09604E-02, -1.22438E-02, -1.37524E-02, -1.55389E-02, -1.76699E-02, -2.02274E-02, -2.33051E-02, -2.69894E-02, -3.13059E-02, -3.61028E-02, -4.08684E-02, -4.44577E-02, -4.43731E-02, -3.53606E-02, -1.18560E-02,  1.69027E-02,  1.96903E-02, -2.27200E-02, -9.11704E-02, -1.46262E-01, -1.59089E-01, -1.35216E-01, -9.93903E-02, -6.76712E-02, -4.42598E-02, -2.82145E-02, -1.75356E-02, -1.04956E-02, -5.85924E-03, -2.80087E-03, -7.81555E-04,  5.48712E-04,  1.41819E-03,  1.97699E-03,  2.32484E-03,  2.52872E-03,  2.63408E-03,
 -3.40276E-03, -3.63364E-03, -3.88810E-03, -4.16942E-03, -4.48141E-03, -4.82862E-03, -5.21645E-03, -5.65137E-03, -6.14120E-03, -6.69546E-03, -7.32583E-03, -8.04678E-03, -8.87646E-03, -9.83781E-03, -1.09602E-02, -1.22817E-02, -1.38521E-02, -1.57367E-02, -1.80218E-02, -2.08190E-02, -2.42654E-02, -2.85020E-02, -3.35813E-02, -3.91924E-02, -4.41525E-02, -4.62073E-02, -4.30381E-02, -3.36660E-02, -1.97329E-02, -7.80697E-03, -8.07241E-03, -2.53824E-02, -5.27167E-02, -7.58375E-02, -8.39711E-02, -7.68544E-02, -6.16517E-02, -4.53672E-02, -3.15425E-02, -2.10270E-02, -1.34619E-02, -8.17308E-03, -4.53028E-03, -2.04266E-03, -3.55300E-04,  7.79936E-04,  1.53412E-03,  2.02474E-03,  2.33260E-03,  2.51351E-03,  2.60624E-03,
 -3.37336E-03, -3.60135E-03, -3.85266E-03, -4.13055E-03, -4.43886E-03, -4.78218E-03, -5.16599E-03, -5.59690E-03, -6.08298E-03, -6.63412E-03, -7.26263E-03, -7.98396E-03, -8.81775E-03, -9.78931E-03, -1.09318E-02, -1.22890E-02, -1.39204E-02, -1.59070E-02, -1.83622E-02, -2.14460E-02, -2.53878E-02, -3.05147E-02, -3.72468E-02, -4.57977E-02, -5.47220E-02, -5.89867E-02, -5.42073E-02, -4.27519E-02, -2.99419E-02, -2.05003E-02, -1.81055E-02, -2.36755E-02, -3.40151E-02, -4.34467E-02, -4.74128E-02, -4.49358E-02, -3.80702E-02, -2.96388E-02, -2.16413E-02, -1.49805E-02, -9.82536E-03, -6.00488E-03, -3.24826E-03, -1.29467E-03,  7.02760E-05,  1.01050E-03,  1.64680E-03,  2.06655E-03,  2.33238E-03,  2.48904E-03,  2.56850E-03,
 -3.33779E-03, -3.56221E-03, -3.80959E-03, -4.08316E-03, -4.38676E-03, -4.72498E-03, -5.10335E-03, -5.52858E-03, -6.00888E-03, -6.55447E-03, -7.17810E-03, -7.89601E-03, -8.72907E-03, -9.70461E-03, -1.08589E-02, -1.22412E-02, -1.39195E-02, -1.59902E-02, -1.85938E-02, -2.19421E-02, -2.63719E-02, -3.24632E-02, -4.13512E-02, -5.54590E-02, -7.70819E-02, -9.21627E-02, -8.09032E-02, -5.90745E-02, -4.07763E-02, -2.87033E-02, -2.28027E-02, -2.21396E-02, -2.46558E-02, -2.76282E-02, -2.88327E-02, -2.74241E-02, -2.38758E-02, -1.92569E-02, -1.45449E-02, -1.03368E-02, -6.87265E-03, -4.16651E-03, -2.12595E-03, -6.26061E-04,  4.53835E-04,  1.21614E-03,  1.74224E-03,  2.09455E-03,  2.31995E-03,  2.45320E-03,  2.51998E-03,
 -3.29617E-03, -3.51632E-03, -3.75894E-03, -4.02724E-03, -4.32501E-03, -4.65680E-03, -5.02812E-03, -5.44569E-03, -5.91778E-03, -6.45470E-03, -7.06948E-03, -7.77875E-03, -8.60411E-03, -9.57409E-03, -1.07270E-02, -1.21155E-02, -1.38134E-02, -1.59272E-02, -1.86156E-02, -2.21237E-02, -2.68483E-02, -3.34773E-02, -4.33941E-02, -6.10918E-02, -1.15577E-01, -1.96133E-01, -1.34347E-01, -7.99049E-02, -5.05751E-02, -3.42710E-02, -2.53885E-02, -2.12281E-02, -1.98589E-02, -1.95805E-02, -1.90900E-02, -1.77284E-02, -1.54682E-02, -1.26572E-02, -9.72241E-03, -6.99011E-03, -4.63749E-03, -2.71981E-03, -1.21762E-03, -7.62189E-05,  7.69186E-04,  1.38035E-03,  1.81050E-03,  2.10305E-03,  2.29225E-03,  2.40459E-03,  2.46025E-03,
 -3.24863E-03, -3.46379E-03, -3.70084E-03, -3.96288E-03, -4.25364E-03, -4.57757E-03, -4.94009E-03, -5.34781E-03, -5.80891E-03, -6.33361E-03, -6.93484E-03, -7.62919E-03, -8.43828E-03, -9.39076E-03, -1.05253E-02, -1.18950E-02, -1.35751E-02, -1.56742E-02, -1.83543E-02, -2.18634E-02, -2.65884E-02, -3.31094E-02, -4.19602E-02, -4.96031E-02, -1.09037E-02, -6.23142E-01, -1.90504E-01, -9.26065E-02, -5.54312E-02, -3.67692E-02, -2.63545E-02, -2.04714E-02, -1.72099E-02, -1.52914E-02, -1.38240E-02, -1.22906E-02, -1.05155E-02, -8.55451E-03, -6.56184E-03, -4.68871E-03, -3.03640E-03, -1.64995E-03, -5.31623E-04,  3.41781E-04,  1.00493E-03,  1.49491E-03,  1.84627E-03,  2.08897E-03,  2.24779E-03,  2.34269E-03,  2.38943E-03,
 -3.19537E-03, -3.40485E-03, -3.63549E-03, -3.89028E-03, -4.17283E-03, -4.48744E-03, -4.83934E-03, -5.23493E-03, -5.68210E-03, -6.19076E-03, -6.77338E-03, -7.44600E-03, -8.22946E-03, -9.15130E-03, -1.02486E-02, -1.15721E-02, -1.31930E-02, -1.52134E-02, -1.77834E-02, -2.11285E-02, -2.55905E-02, -3.16655E-02, -3.98932E-02, -5.01827E-02, -8.32644E-02, -2.20769E-01, -1.43566E-01, -8.27910E-02, -5.25083E-02, -3.57393E-02, -2.56833E-02, -1.94289E-02, -1.54553E-02, -1.28092E-02, -1.08494E-02, -9.17575E-03, -7.58912E-03, -6.03597E-03, -4.54333E-03, -3.16382E-03, -1.94216E-03, -9.02302E-04, -4.75363E-05,  6.33718E-04,  1.16142E-03,  1.55870E-03,  1.84852E-03,  2.05178E-03,  2.18655E-03,  2.26792E-03,  2.30820E-03,
 -3.13667E-03, -3.33979E-03, -3.56321E-03, -3.80980E-03, -4.08296E-03, -4.38680E-03, -4.72628E-03, -5.10746E-03, -5.53781E-03, -6.02662E-03, -6.58563E-03, -7.22977E-03, -7.97836E-03, -8.85672E-03, -9.89854E-03, -1.11494E-02, -1.26722E-02, -1.45551E-02, -1.69247E-02, -1.99660E-02, -2.39559E-02, -2.93251E-02, -3.68498E-02, -4.86242E-02, -7.04032E-02, -9.28061E-02, -8.39857E-02, -6.21004E-02, -4.43202E-02, -3.20217E-02, -2.36660E-02, -1.79521E-02, -1.39918E-02, -1.11671E-02, -9.04164E-03, -7.32242E-03, -5.83492E-03, -4.49524E-03, -3.27758E-03, -2.18463E-03, -1.22646E-03, -4.09168E-04,  2.68860E-04,  8.16334E-04,  1.24672E-03,  1.57576E-03,  1.81950E-03,  1.99303E-03,  2.10983E-03,  2.18149E-03,  2.21773E-03,
 -3.07287E-03, -3.26899E-03, -3.48444E-03, -3.72190E-03, -3.98458E-03, -4.27630E-03, -4.60168E-03, -4.96633E-03, -5.37713E-03, -5.84260E-03, -6.37338E-03, -6.98294E-03, -7.68844E-03, -8.51208E-03, -9.48289E-03, -1.06393E-02, -1.20328E-02, -1.37334E-02, -1.58373E-02, -1.84783E-02, -2.18458E-02, -2.62154E-02, -3.20067E-02, -3.97731E-02, -4.91412E-02, -5.55419E-02, -5.33296E-02, -4.48422E-02, -3.53270E-02, -2.72119E-02, -2.09004E-02, -1.61460E-02, -1.25896E-02, -9.90334E-03, -7.82205E-03, -6.14860E-03, -4.74959E-03, -3.54479E-03, -2.49224E-03, -1.57308E-03, -7.79201E-04, -1.05296E-04,  4.55137E-04,  9.10952E-04,  1.27300E-03,  1.55322E-03,  1.76364E-03,  1.91572E-03,  2.01988E-03,  2.08523E-03,  2.11961E-03,
 -3.00435E-03, -3.19291E-03, -3.39971E-03, -3.62723E-03, -3.87844E-03, -4.15683E-03, -4.46661E-03, -4.81287E-03, -5.20177E-03, -5.64091E-03, -6.13963E-03, -6.70960E-03, -7.36546E-03, -8.12576E-03, -9.01412E-03, -1.00609E-02, -1.13052E-02, -1.27975E-02, -1.46026E-02, -1.68031E-02, -1.94998E-02, -2.28051E-02, -2.68001E-02, -3.13610E-02, -3.57063E-02, -3.80948E-02, -3.70512E-02, -3.30435E-02, -2.77548E-02, -2.25261E-02, -1.79660E-02, -1.42154E-02, -1.12100E-02, -8.81787E-03, -6.90066E-03, -5.33899E-03, -4.04126E-03, -2.94362E-03, -2.00502E-03, -1.20040E-03, -5.14122E-04,  6.48790E-05,  5.46150E-04,  9.39150E-04,  1.25364E-03,  1.49952E-03,  1.68649E-03,  1.82370E-03,  1.91951E-03,  1.98134E-03,  2.01564E-03,
 -2.93160E-03, -3.11208E-03, -3.30964E-03, -3.52653E-03, -3.76542E-03, -4.02947E-03, -4.32243E-03, -4.64879E-03, -5.01394E-03, -5.42443E-03, -5.88820E-03, -6.41500E-03, -7.01676E-03, -7.70822E-03, -8.50752E-03, -9.43701E-03, -1.05239E-02, -1.18009E-02, -1.33058E-02, -1.50790E-02, -1.71562E-02, -1.95480E-02, -2.21926E-02, -2.48614E-02, -2.70496E-02, -2.80442E-02, -2.73502E-02, -2.51037E-02, -2.19306E-02, -1.84925E-02, -1.52273E-02, -1.23406E-02, -9.88580E-03, -7.83772E-03, -6.13917E-03, -4.72682E-03, -3.54398E-03, -2.54549E-03, -1.69798E-03, -9.77684E-04, -3.67608E-04,  1.45140E-04,  5.71238E-04,  9.20295E-04,  1.20138E-03,  1.42315E-03,  1.59383E-03,  1.72105E-03,  1.81177E-03,  1.87218E-03,  1.90773E-03,
 -2.85510E-03, -3.02710E-03, -3.21494E-03, -3.42064E-03, -3.64657E-03, -3.89550E-03, -4.17072E-03, -4.47607E-03, -4.81617E-03, -5.19647E-03, -5.62349E-03, -6.10504E-03, -6.65044E-03, -7.27075E-03, -7.97905E-03, -8.79052E-03, -9.72229E-03, -1.07927E-02, -1.20191E-02, -1.34139E-02, -1.49751E-02, -1.66696E-02, -1.84057E-02, -1.99987E-02, -2.11610E-02, -2.15719E-02, -2.10351E-02, -1.96048E-02, -1.75497E-02, -1.52034E-02, -1.28399E-02, -1.06308E-02, -8.65821E-03, -6.94389E-03, -5.47581E-03, -4.22676E-03, -3.16573E-03, -2.26389E-03, -1.49702E-03, -8.45778E-04, -2.94854E-04,  1.68100E-04,  5.53482E-04,  8.70448E-04,  1.12734E-03,  1.33186E-03,  1.49114E-03,  1.61175E-03,  1.69962E-03,  1.76006E-03,  1.79776E-03,
 -2.77541E-03, -2.93862E-03, -3.11638E-03, -3.31048E-03, -3.52298E-03, -3.75628E-03, -4.01315E-03, -4.29685E-03, -4.61117E-03, -4.96052E-03, -5.35007E-03, -5.78580E-03, -6.27460E-03, -6.82431E-03, -7.44364E-03, -8.14192E-03, -8.92842E-03, -9.81107E-03, -1.07941E-02, -1.18736E-02, -1.30309E-02, -1.42221E-02, -1.53658E-02, -1.63347E-02, -1.69664E-02, -1.71040E-02, -1.66605E-02, -1.56632E-02, -1.42424E-02, -1.25758E-02, -1.08305E-02, -9.13099E-03, -7.55356E-03, -6.13491E-03, -4.88469E-03, -3.79665E-03, -2.85687E-03, -2.04898E-03, -1.35700E-03, -7.66638E-04, -2.65532E-04,  1.56957E-04,  5.10102E-04,  8.02148E-04,  1.04056E-03,  1.23216E-03,  1.38319E-03,  1.49935E-03,  1.58580E-03,  1.64714E-03,  1.68746E-03,
 -2.69310E-03, -2.84730E-03, -3.01476E-03, -3.19702E-03, -3.39583E-03, -3.61321E-03, -3.85149E-03, -4.11330E-03, -4.40168E-03, -4.72008E-03, -5.07240E-03, -5.46301E-03, -5.89673E-03, -6.37867E-03, -6.91406E-03, -7.50775E-03, -8.16345E-03, -8.88232E-03, -9.66092E-03, -1.04880E-02, -1.13399E-02, -1.21759E-02, -1.29334E-02, -1.35289E-02, -1.38683E-02, -1.38696E-02, -1.34913E-02, -1.27495E-02, -1.17141E-02, -1.04856E-02, -9.16718E-03, -7.84508E-03, -6.58077E-03, -5.41145E-03, -4.35506E-03, -3.41622E-03, -2.59142E-03, -1.87291E-03, -1.25121E-03, -7.16618E-04, -2.59877E-04,  1.27526E-04,  4.53355E-04,  7.24692E-04,  9.48016E-04,  1.12927E-03,  1.27390E-03,  1.38685E-03,  1.47264E-03,  1.53528E-03,  1.57837E-03,
 -2.60874E-03, -2.75384E-03, -2.91089E-03, -3.08121E-03, -3.26627E-03, -3.46772E-03, -3.68744E-03, -3.92752E-03, -4.19031E-03, -4.47839E-03, -4.79457E-03, -5.14184E-03, -5.52330E-03, -5.94193E-03, -6.40033E-03, -6.90018E-03, -7.44153E-03, -8.02162E-03, -8.63329E-03, -9.26289E-03, -9.88789E-03, -1.04746E-02, -1.09778E-02, -1.13428E-02, -1.15137E-02, -1.14455E-02, -1.11170E-02, -1.05392E-02, -9.75256E-03, -8.81723E-03, -7.79860E-03, -6.75600E-03, -5.73617E-03, -4.77153E-03, -3.88156E-03, -3.07564E-03, -2.35606E-03, -1.72059E-03, -1.16443E-03, -6.81562E-04, -2.65518E-04,  9.01306E-05,  3.91568E-04,  6.44637E-04,  8.54798E-04,  1.02713E-03,  1.16631E-03,  1.27665E-03,  1.36206E-03,  1.42605E-03,  1.47181E-03,
 -2.52293E-03, -2.65890E-03, -2.80556E-03, -2.96400E-03, -3.13542E-03, -3.32114E-03, -3.52264E-03, -3.74151E-03, -3.97948E-03, -4.23839E-03, -4.52015E-03, -4.82663E-03, -5.15957E-03, -5.52035E-03, -5.90969E-03, -6.32722E-03, -6.77079E-03, -7.23567E-03, -7.71343E-03, -8.19073E-03, -8.64816E-03, -9.05959E-03, -9.39275E-03, -9.61190E-03, -9.68280E-03, -9.57959E-03, -9.29135E-03, -8.82578E-03, -8.20818E-03, -7.47625E-03, -6.67275E-03, -5.83876E-03, -5.00909E-03, -4.21020E-03, -3.46015E-03, -2.76973E-03, -2.14404E-03, -1.58413E-03, -1.08833E-03, -6.53381E-04, -2.75079E-04,  5.11765E-05,  3.30106E-04,  5.66361E-04,  7.64422E-04,  9.28537E-04,  1.06268E-03,  1.17055E-03,  1.25552E-03,  1.32068E-03,  1.36881E-03,
 -2.43621E-03, -2.56314E-03, -2.69954E-03, -2.84630E-03, -3.00435E-03, -3.17474E-03, -3.35857E-03, -3.55702E-03, -3.77129E-03, -4.00260E-03, -4.25212E-03, -4.52085E-03, -4.80952E-03, -5.11836E-03, -5.44688E-03, -5.79341E-03, -6.15471E-03, -6.52529E-03, -6.89683E-03, -7.25745E-03, -7.59132E-03, -7.87866E-03, -8.09669E-03, -8.22167E-03, -8.23215E-03, -8.11280E-03, -7.85794E-03, -7.47333E-03, -6.97559E-03, -6.38947E-03, -5.74376E-03, -5.06731E-03, -4.38591E-03, -3.72055E-03, -3.08680E-03, -2.49516E-03, -1.95179E-03, -1.45949E-03, -1.01859E-03, -6.27733E-04, -2.84447E-04,  1.43757E-05,  2.72191E-04,  4.92588E-04,  6.79148E-04,  8.35355E-04,  9.64537E-04,  1.06982E-03,  1.15411E-03,  1.22009E-03,  1.27018E-03,
 -2.34913E-03, -2.46719E-03, -2.59355E-03, -2.72892E-03, -2.87403E-03, -3.02964E-03, -3.19656E-03, -3.37560E-03, -3.56753E-03, -3.77307E-03, -3.99282E-03, -4.22711E-03, -4.47597E-03, -4.73886E-03, -5.01452E-03, -5.30062E-03, -5.59347E-03, -5.88761E-03, -6.17544E-03, -6.44692E-03, -6.68949E-03, -6.88838E-03, -7.02747E-03, -7.09081E-03, -7.06463E-03, -6.93968E-03, -6.71305E-03, -6.38921E-03, -5.97959E-03, -5.50105E-03, -4.97353E-03, -4.41766E-03, -3.85261E-03, -3.29479E-03, -2.75717E-03, -2.24922E-03, -1.77719E-03, -1.34467E-03, -9.53146E-04, -6.02511E-04, -2.91562E-04, -1.83440E-05,  2.19562E-04,  4.24840E-04,  6.00285E-04,  7.48699E-04,  8.72823E-04,  9.75277E-04,  1.05854E-03,  1.12490E-03,  1.17649E-03,
 -2.26219E-03, -2.37160E-03, -2.48825E-03, -2.61264E-03, -2.74532E-03, -2.88684E-03, -3.03775E-03, -3.19853E-03, -3.36965E-03, -3.55141E-03, -3.74398E-03, -3.94725E-03, -4.16072E-03, -4.38341E-03, -4.61362E-03, -4.84877E-03, -5.08515E-03, -5.31769E-03, -5.53977E-03, -5.74316E-03, -5.91804E-03, -6.05345E-03, -6.13790E-03, -6.16054E-03, -6.11240E-03, -5.98778E-03, -5.78534E-03, -5.50860E-03, -5.16572E-03, -4.76858E-03, -4.33136E-03, -3.86905E-03, -3.39603E-03, -2.92508E-03, -2.46682E-03, -2.02942E-03, -1.61876E-03, -1.23863E-03, -8.91108E-04, -5.76877E-04, -2.95602E-04, -4.61910E-05,  1.72963E-04,  3.63799E-04,  5.28446E-04,  6.69117E-04,  7.88034E-04,  8.87368E-04,  9.69200E-04,  1.03550E-03,  1.08809E-03,
 -2.17585E-03, -2.27692E-03, -2.38421E-03, -2.49810E-03, -2.61897E-03, -2.74718E-03, -2.88305E-03, -3.02685E-03, -3.17876E-03, -3.33880E-03, -3.50683E-03, -3.68240E-03, -3.86473E-03, -4.05255E-03, -4.24402E-03, -4.43651E-03, -4.62655E-03, -4.80962E-03, -4.98015E-03, -5.13146E-03, -5.25598E-03, -5.34553E-03, -5.39192E-03, -5.38765E-03, -5.32680E-03, -5.20584E-03, -5.02428E-03, -4.78498E-03, -4.49394E-03, -4.15975E-03, -3.79276E-03, -3.40403E-03, -3.00447E-03, -2.60405E-03, -2.21136E-03, -1.83334E-03, -1.47524E-03, -1.14076E-03, -8.32188E-04, -5.50678E-04, -2.96460E-04, -6.90617E-05,  1.32504E-04,  3.09584E-04,  4.63759E-04,  5.96744E-04,  7.10315E-04,  8.06246E-04,  8.86273E-04,  9.52062E-04,  1.00518E-03,
 -2.09051E-03, -2.18358E-03, -2.28195E-03, -2.38588E-03, -2.49561E-03, -2.61134E-03, -2.73323E-03, -2.86135E-03, -2.99569E-03, -3.13606E-03, -3.28209E-03, -3.43314E-03, -3.58826E-03, -3.74608E-03, -3.90471E-03, -4.06167E-03, -4.21382E-03, -4.35726E-03, -4.48736E-03, -4.59878E-03, -4.68568E-03, -4.74197E-03, -4.76174E-03, -4.73978E-03, -4.67213E-03, -4.55661E-03, -4.39323E-03, -4.18430E-03, -3.93436E-03, -3.64980E-03, -3.33831E-03, -3.00820E-03, -2.66781E-03, -2.32499E-03, -1.98665E-03, -1.65861E-03, -1.34545E-03, -1.05059E-03, -7.76346E-04, -5.24086E-04, -2.94400E-04, -8.72421E-05,  9.79153E-05,  2.61960E-04,  4.06031E-04,  5.31432E-04,  6.39560E-04,  7.31849E-04,  8.09733E-04,  8.74608E-04,  9.27813E-04,
 -2.00654E-03, -2.09200E-03, -2.18192E-03, -2.27646E-03, -2.37575E-03, -2.47987E-03, -2.58884E-03, -2.70260E-03, -2.82099E-03, -2.94366E-03, -3.07012E-03, -3.19962E-03, -3.33112E-03, -3.46323E-03, -3.59416E-03, -3.72164E-03, -3.84289E-03, -3.95461E-03, -4.05298E-03, -4.13378E-03, -4.19250E-03, -4.22459E-03, -4.22576E-03, -4.19235E-03, -4.12171E-03, -4.01252E-03, -3.86502E-03, -3.68114E-03, -3.46438E-03, -3.21960E-03, -2.95260E-03, -2.66974E-03, -2.37748E-03, -2.08200E-03, -1.78890E-03, -1.50300E-03, -1.22825E-03, -9.67721E-04, -7.23624E-04, -4.97405E-04, -2.89855E-04, -1.01214E-04,  6.87189E-05,  2.20483E-04,  3.54868E-04,  4.72844E-04,  5.75493E-04,  6.63960E-04,  7.39416E-04,  8.03024E-04,  8.55917E-04,
 -1.92426E-03, -2.00251E-03, -2.08447E-03, -2.17021E-03, -2.25979E-03, -2.35317E-03, -2.45029E-03, -2.55099E-03, -2.65497E-03, -2.76183E-03, -2.87098E-03, -2.98163E-03, -3.09272E-03, -3.20292E-03, -3.31056E-03, -3.41362E-03, -3.50971E-03, -3.59603E-03, -3.66950E-03, -3.72676E-03, -3.76432E-03, -3.77879E-03, -3.76703E-03, -3.72645E-03, -3.65528E-03, -3.55272E-03, -3.41918E-03, -3.25624E-03, -3.06667E-03, -2.85422E-03, -2.62336E-03, -2.37902E-03, -2.12625E-03, -1.86995E-03, -1.61467E-03, -1.36440E-03, -1.12251E-03, -8.91719E-04, -6.74056E-04, -4.70958E-04, -2.83311E-04, -1.11535E-04,  4.43422E-05,  1.84601E-04,  3.09764E-04,  4.20531E-04,  5.17727E-04,  6.02254E-04,  6.75061E-04,  7.37106E-04,  7.89342E-04,
 -1.84393E-03, -1.91539E-03, -1.98989E-03, -2.06745E-03, -2.14803E-03, -2.23155E-03, -2.31786E-03, -2.40671E-03, -2.49777E-03, -2.59057E-03, -2.68448E-03, -2.77871E-03, -2.87223E-03, -2.96381E-03, -3.05193E-03, -3.13482E-03, -3.21042E-03, -3.27642E-03, -3.33032E-03, -3.36945E-03, -3.39113E-03, -3.39279E-03, -3.37213E-03, -3.32733E-03, -3.25719E-03, -3.16126E-03, -3.04002E-03, -2.89479E-03, -2.72780E-03, -2.54197E-03, -2.34081E-03, -2.12818E-03, -1.90807E-03, -1.68443E-03, -1.46093E-03, -1.24089E-03, -1.02718E-03, -8.22144E-04, -6.27642E-04, -4.45035E-04, -2.75236E-04, -1.18766E-04,  2.41896E-05,  1.53727E-04,  2.70162E-04,  3.73986E-04,  4.65812E-04,  5.46344E-04,  6.16340E-04,  6.76586E-04,  7.27876E-04,
 -1.76575E-03, -1.83085E-03, -1.89841E-03, -1.96838E-03, -2.04069E-03, -2.11518E-03, -2.19166E-03, -2.26985E-03, -2.34937E-03, -2.42971E-03, -2.51027E-03, -2.59025E-03, -2.66870E-03, -2.74448E-03, -2.81626E-03, -2.88249E-03, -2.94143E-03, -2.99117E-03, -3.02968E-03, -3.05484E-03, -3.06460E-03, -3.05700E-03, -3.03035E-03, -2.98336E-03, -2.91522E-03, -2.82574E-03, -2.71538E-03, -2.58527E-03, -2.43722E-03, -2.27355E-03, -2.09705E-03, -1.91078E-03, -1.71793E-03, -1.52167E-03, -1.32502E-03, -1.13073E-03, -9.41224E-04, -7.58542E-04, -5.84337E-04, -4.19873E-04, -2.66048E-04, -1.23435E-04,  7.68460E-06,  1.27274E-04,  2.35498E-04,  3.32680E-04,  4.19270E-04,  4.95806E-04,  5.62888E-04,  6.21155E-04,  6.71262E-04,
 -1.68991E-03, -1.74908E-03, -1.81020E-03, -1.87317E-03, -1.93788E-03, -2.00416E-03, -2.07176E-03, -2.14038E-03, -2.20961E-03, -2.27898E-03, -2.34785E-03, -2.41550E-03, -2.48105E-03, -2.54348E-03, -2.60160E-03, -2.65409E-03, -2.69948E-03, -2.73620E-03, -2.76260E-03, -2.77702E-03, -2.77784E-03, -2.76361E-03, -2.73306E-03, -2.68528E-03, -2.61974E-03, -2.53639E-03, -2.43569E-03, -2.31860E-03, -2.18660E-03, -2.04157E-03, -1.88574E-03, -1.72156E-03, -1.55162E-03, -1.37849E-03, -1.20464E-03, -1.03236E-03, -8.63714E-04, -7.00458E-04, -5.44052E-04, -3.95650E-04, -2.56109E-04, -1.26014E-04, -5.70575E-06,  1.04689E-04,  2.05223E-04,  2.96095E-04,  3.77621E-04,  4.50206E-04,  5.14321E-04,  5.70478E-04,  6.19217E-04,
 -1.61654E-03, -1.67020E-03, -1.72536E-03, -1.78190E-03, -1.83968E-03, -1.89850E-03, -1.95810E-03, -2.01816E-03, -2.07828E-03, -2.13797E-03, -2.19667E-03, -2.25368E-03, -2.30821E-03, -2.35935E-03, -2.40606E-03, -2.44722E-03, -2.48159E-03, -2.50789E-03, -2.52477E-03, -2.53093E-03, -2.52511E-03, -2.50620E-03, -2.47326E-03, -2.42565E-03, -2.36304E-03, -2.28547E-03, -2.19336E-03, -2.08756E-03, -1.96928E-03, -1.84005E-03, -1.70169E-03, -1.55619E-03, -1.40564E-03, -1.25215E-03, -1.09776E-03, -9.44390E-04, -7.93778E-04, -6.47443E-04, -5.06666E-04, -3.72490E-04, -2.45714E-04, -1.26914E-04, -1.64604E-05,  8.54618E-05,  1.78824E-04,  2.63731E-04,  3.40395E-04,  4.09114E-04,  4.70251E-04,  5.24215E-04,  5.71446E-04,
 -1.54572E-03, -1.59428E-03, -1.64396E-03, -1.69461E-03, -1.74609E-03, -1.79816E-03, -1.85057E-03, -1.90300E-03, -1.95505E-03, -2.00627E-03, -2.05611E-03, -2.10396E-03, -2.14908E-03, -2.19069E-03, -2.22789E-03, -2.25971E-03, -2.28513E-03, -2.30309E-03, -2.31250E-03, -2.31233E-03, -2.30161E-03, -2.27947E-03, -2.24523E-03, -2.19845E-03, -2.13892E-03, -2.06674E-03, -1.98231E-03, -1.88635E-03, -1.77989E-03, -1.66417E-03, -1.54070E-03, -1.41109E-03, -1.27706E-03, -1.14035E-03, -1.00266E-03, -8.65593E-04, -7.30626E-04, -5.99066E-04, -4.72037E-04, -3.50470E-04, -2.35102E-04, -1.26486E-04, -2.50008E-05,  6.91325E-05,  1.55829E-04,  2.35123E-04,  3.07147E-04,  3.72114E-04,  4.30298E-04,  4.82024E-04,  5.27646E-04,
 -1.47751E-03, -1.52137E-03, -1.56602E-03, -1.61130E-03, -1.65705E-03, -1.70304E-03, -1.74902E-03, -1.79466E-03, -1.83959E-03, -1.88339E-03, -1.92554E-03, -1.96550E-03, -2.00261E-03, -2.03618E-03, -2.06545E-03, -2.08958E-03, -2.10773E-03, -2.11903E-03, -2.12259E-03, -2.11760E-03, -2.10329E-03, -2.07902E-03, -2.04428E-03, -1.99875E-03, -1.94234E-03, -1.87517E-03, -1.79761E-03, -1.71029E-03, -1.61407E-03, -1.50999E-03, -1.39928E-03, -1.28328E-03, -1.16342E-03, -1.04114E-03, -9.17841E-04, -7.94893E-04, -6.73543E-04, -5.54919E-04, -4.40004E-04, -3.29627E-04, -2.24461E-04, -1.25024E-04, -3.16922E-05,  5.52937E-05,  1.35812E-04,  2.09844E-04,  2.77463E-04,  3.38813E-04,  3.94100E-04,  4.43574E-04,  4.87521E-04,
 -1.41196E-03, -1.45149E-03, -1.49153E-03, -1.53192E-03, -1.57249E-03, -1.61302E-03, -1.65324E-03, -1.69285E-03, -1.73152E-03, -1.76882E-03, -1.80432E-03, -1.83750E-03, -1.86779E-03, -1.89459E-03, -1.91724E-03, -1.93505E-03, -1.94730E-03, -1.95328E-03, -1.95228E-03, -1.94364E-03, -1.92677E-03, -1.90118E-03, -1.86650E-03, -1.82251E-03, -1.76917E-03, -1.70664E-03, -1.63525E-03, -1.55555E-03, -1.46825E-03, -1.37425E-03, -1.27457E-03, -1.17031E-03, -1.06267E-03, -9.52839E-04, -8.42016E-04, -7.31341E-04, -6.21886E-04, -5.14620E-04, -4.10403E-04, -3.09971E-04, -2.13933E-04, -1.22771E-04, -3.68479E-05,  4.35882E-05,  1.18391E-04,  1.87507E-04,  2.50962E-04,  3.08847E-04,  3.61311E-04,  4.08547E-04,  4.50782E-04,
 -1.34906E-03, -1.38462E-03, -1.42045E-03, -1.45641E-03, -1.49230E-03, -1.52791E-03, -1.56301E-03, -1.59729E-03, -1.63044E-03, -1.66208E-03, -1.69181E-03, -1.71917E-03, -1.74366E-03, -1.76477E-03, -1.78192E-03, -1.79452E-03, -1.80199E-03, -1.80374E-03, -1.79919E-03, -1.78783E-03, -1.76918E-03, -1.74288E-03, -1.70866E-03, -1.66637E-03, -1.61603E-03, -1.55778E-03, -1.49194E-03, -1.41898E-03, -1.33951E-03, -1.25430E-03, -1.16418E-03, -1.07011E-03, -9.73056E-04, -8.74042E-04, -7.74070E-04, -6.74111E-04, -5.75079E-04, -4.77815E-04, -3.83067E-04, -2.91488E-04, -2.03626E-04, -1.19927E-04, -4.07340E-05,  3.37051E-05,  1.03231E-04,  1.67764E-04,  2.27295E-04,  2.81877E-04,  3.31611E-04,  3.76644E-04,  4.17153E-04,
