 -3.55471E-04, -3.99933E-04, -4.47758E-04, -4.98980E-04, -5.53589E-04, -6.11519E-04, -6.72639E-04, -7.36746E-04, -8.03552E-04, -8.72682E-04, -9.43662E-04, -1.01592E-03, -1.08878E-03, -1.16146E-03, -1.23312E-03, -1.30280E-03, -1.36950E-03, -1.43219E-03, -1.48982E-03, -1.54138E-03, -1.58588E-03, -1.62248E-03, -1.65042E-03, -1.66912E-03, -1.67819E-03, -1.67743E-03, -1.66686E-03, -1.64670E-03, -1.61738E-03, -1.57951E-03, -1.53386E-03, -1.48130E-03, -1.42282E-03, -1.35944E-03, -1.29221E-03, -1.22217E-03, -1.15029E-03, -1.07753E-03, -1.00471E-03, -9.32611E-04, -8.61882E-04, -7.93082E-04, -7.26670E-04, -6.63008E-04, -6.02368E-04, -5.44944E-04, -4.90855E-04, -4.40158E-04, -3.92855E-04, -3.48905E-04,
 -3.55774E-04, -4.03215E-04, -4.54508E-04, -5.09729E-04, -5.68904E-04, -6.31998E-04, -6.98906E-04, -7.69437E-04, -8.43306E-04, -9.20119E-04, -9.99369E-04, -1.08043E-03, -1.16253E-03, -1.24481E-03, -1.32627E-03, -1.40580E-03, -1.48222E-03, -1.55430E-03, -1.62077E-03, -1.68040E-03, -1.73201E-03, -1.77453E-03, -1.80705E-03, -1.82884E-03, -1.83941E-03, -1.83853E-03, -1.82620E-03, -1.80271E-03, -1.76860E-03, -1.72461E-03, -1.67169E-03, -1.61093E-03, -1.54351E-03, -1.47068E-03, -1.39370E-03, -1.31379E-03, -1.23214E-03, -1.14983E-03, -1.06783E-03, -9.87006E-04, -9.08093E-04, -8.31704E-04, -7.58328E-04, -6.88340E-04, -6.22010E-04, -5.59516E-04, -5.00951E-04, -4.46339E-04, -3.95646E-04, -3.48790E-04,
 -3.53992E-04, -4.04510E-04, -4.59431E-04, -5.18881E-04, -5.82938E-04, -6.51610E-04, -7.24828E-04, -8.02426E-04, -8.84131E-04, -9.69541E-04, -1.05812E-03, -1.14918E-03, -1.24187E-03, -1.33521E-03, -1.42804E-03, -1.51908E-03, -1.60692E-03, -1.69009E-03, -1.76706E-03, -1.83632E-03, -1.89644E-03, -1.94608E-03, -1.98410E-03, -2.00962E-03, -2.02202E-03, -2.02098E-03, -2.00653E-03, -1.97903E-03, -1.93915E-03, -1.88781E-03, -1.82620E-03, -1.75565E-03, -1.67762E-03, -1.59363E-03, -1.50520E-03, -1.41380E-03, -1.32081E-03, -1.22750E-03, -1.13500E-03, -1.04427E-03, -9.56140E-04, -8.71270E-04, -7.90177E-04, -7.13239E-04, -6.40714E-04, -5.72752E-04, -5.09409E-04, -4.50664E-04, -3.96432E-04, -3.46579E-04,
 -3.49747E-04, -4.03412E-04, -4.62097E-04, -5.25994E-04, -5.95243E-04, -6.69913E-04, -7.49987E-04, -8.35342E-04, -9.25727E-04, -1.02075E-03, -1.11984E-03, -1.22227E-03, -1.32711E-03, -1.43322E-03, -1.53928E-03, -1.64380E-03, -1.74510E-03, -1.84143E-03, -1.93092E-03, -2.01174E-03, -2.08209E-03, -2.14033E-03, -2.18503E-03, -2.21508E-03, -2.22968E-03, -2.22845E-03, -2.21143E-03, -2.17907E-03, -2.13219E-03, -2.07198E-03, -1.99991E-03, -1.91764E-03, -1.82696E-03, -1.72975E-03, -1.62783E-03, -1.52298E-03, -1.41681E-03, -1.31082E-03, -1.20628E-03, -1.10431E-03, -1.00580E-03, -9.11466E-04, -8.21836E-04, -7.37283E-04, -6.58038E-04, -5.84205E-04, -5.15789E-04, -4.52707E-04, -3.94810E-04, -3.41899E-04,
 -3.42613E-04, -3.99460E-04, -4.62014E-04, -5.30548E-04, -6.05284E-04, -6.86371E-04, -7.73865E-04, -8.67704E-04, -9.67682E-04, -1.07343E-03, -1.18437E-03, -1.29973E-03, -1.41849E-03, -1.53937E-03, -1.66087E-03, -1.78122E-03, -1.89847E-03, -2.01047E-03, -2.11498E-03, -2.20971E-03, -2.29246E-03, -2.36115E-03, -2.41401E-03, -2.44958E-03, -2.46689E-03, -2.46544E-03, -2.44527E-03, -2.40695E-03, -2.35155E-03, -2.28056E-03, -2.19582E-03, -2.09943E-03, -1.99362E-03, -1.88067E-03, -1.76280E-03, -1.64215E-03, -1.52064E-03, -1.39999E-03, -1.28168E-03, -1.16694E-03, -1.05676E-03, -9.51868E-04, -8.52817E-04, -7.59948E-04, -6.73441E-04, -5.93340E-04, -5.19573E-04, -4.51978E-04, -3.90324E-04, -3.34331E-04,
 -3.32118E-04, -3.92133E-04, -4.58614E-04, -5.31936E-04, -6.12426E-04, -7.00335E-04, -7.95817E-04, -8.98900E-04, -1.00945E-03, -1.12714E-03, -1.25142E-03, -1.38148E-03, -1.51621E-03, -1.65421E-03, -1.79374E-03, -1.93276E-03, -2.06893E-03, -2.19969E-03, -2.32228E-03, -2.43389E-03, -2.53174E-03, -2.61324E-03, -2.67611E-03, -2.71850E-03, -2.73914E-03, -2.73741E-03, -2.71335E-03, -2.66770E-03, -2.60183E-03, -2.51765E-03, -2.41750E-03, -2.30401E-03, -2.17997E-03, -2.04821E-03, -1.91143E-03, -1.77219E-03, -1.63277E-03, -1.49517E-03, -1.36108E-03, -1.23185E-03, -1.10854E-03, -9.91916E-04, -8.82502E-04, -7.80588E-04, -6.86279E-04, -5.99528E-04, -5.20163E-04, -4.47919E-04, -3.82461E-04, -3.23408E-04,
 -3.17737E-04, -3.80846E-04, -4.51254E-04, -5.29463E-04, -6.15926E-04, -7.11029E-04, -8.15058E-04, -9.28161E-04, -1.05032E-03, -1.18128E-03, -1.32054E-03, -1.46729E-03, -1.62036E-03, -1.77819E-03, -1.93883E-03, -2.09990E-03, -2.25864E-03, -2.41194E-03, -2.55644E-03, -2.68863E-03, -2.80502E-03, -2.90231E-03, -2.97758E-03, -3.02843E-03, -3.05323E-03, -3.05115E-03, -3.02225E-03, -2.96750E-03, -2.88867E-03, -2.78823E-03, -2.66917E-03, -2.53485E-03, -2.38877E-03, -2.23442E-03, -2.07513E-03, -1.91395E-03, -1.75360E-03, -1.59639E-03, -1.44420E-03, -1.29854E-03, -1.16051E-03, -1.03088E-03, -9.10116E-04, -7.98416E-04, -6.95778E-04, -6.02030E-04, -5.16868E-04, -4.39894E-04, -3.70645E-04, -3.08617E-04,
 -2.98902E-04, -3.64952E-04, -4.39212E-04, -5.22328E-04, -6.14918E-04, -7.17533E-04, -8.30631E-04, -9.54529E-04, -1.08936E-03, -1.23500E-03, -1.39106E-03, -1.55673E-03, -1.73083E-03, -1.91168E-03, -2.09706E-03, -2.28426E-03, -2.46999E-03, -2.65051E-03, -2.82168E-03, -2.97914E-03, -3.11845E-03, -3.23538E-03, -3.32613E-03, -3.38760E-03, -3.41762E-03, -3.41510E-03, -3.38012E-03, -3.31397E-03, -3.21895E-03, -3.09831E-03, -2.95592E-03, -2.79605E-03, -2.62316E-03, -2.44157E-03, -2.25538E-03, -2.06827E-03, -1.88341E-03, -1.70348E-03, -1.53058E-03, -1.36632E-03, -1.21184E-03, -1.06784E-03, -9.34700E-04, -8.12482E-04, -7.01026E-04, -5.99990E-04, -5.08900E-04, -4.27192E-04, -3.54242E-04, -2.89399E-04,
 -2.74994E-04, -3.43742E-04, -4.21677E-04, -5.09627E-04, -6.08401E-04, -7.18764E-04, -8.41392E-04, -9.76826E-04, -1.12541E-03, -1.28723E-03, -1.46202E-03, -1.64911E-03, -1.84730E-03, -2.05484E-03, -2.26928E-03, -2.48748E-03, -2.70562E-03, -2.91916E-03, -3.12301E-03, -3.31169E-03, -3.47955E-03, -3.62111E-03, -3.73139E-03, -3.80630E-03, -3.84294E-03, -3.83986E-03, -3.79718E-03, -3.71659E-03, -3.60119E-03, -3.45523E-03, -3.28379E-03, -3.09240E-03, -2.88670E-03, -2.67214E-03, -2.45371E-03, -2.23585E-03, -2.02229E-03, -1.81606E-03, -1.61948E-03, -1.43422E-03, -1.26140E-03, -1.10162E-03, -9.55076E-04, -8.21647E-04, -7.00951E-04, -5.92423E-04, -4.95370E-04, -4.09020E-04, -3.32556E-04, -2.65152E-04,
 -2.45360E-04, -3.16448E-04, -3.97763E-04, -4.90344E-04, -5.95236E-04, -7.13463E-04, -8.45979E-04, -9.93614E-04, -1.15701E-03, -1.33652E-03, -1.53213E-03, -1.74336E-03, -1.96911E-03, -2.20758E-03, -2.45613E-03, -2.71123E-03, -2.96839E-03, -3.22216E-03, -3.46628E-03, -3.69383E-03, -3.89756E-03, -4.07030E-03, -4.20548E-03, -4.29761E-03, -4.34275E-03, -4.33895E-03, -4.28638E-03, -4.18731E-03, -4.04594E-03, -3.86796E-03, -3.66008E-03, -3.42951E-03, -3.18347E-03, -2.92878E-03, -2.67161E-03, -2.41725E-03, -2.17005E-03, -1.93339E-03, -1.70978E-03, -1.50091E-03, -1.30776E-03, -1.13075E-03, -9.69819E-04, -8.24564E-04, -6.94311E-04, -5.78207E-04, -4.75282E-04, -3.84508E-04, -3.04838E-04, -2.35237E-04,
 -2.09313E-04, -2.82251E-04, -3.66504E-04, -4.63357E-04, -5.74137E-04, -7.00181E-04, -8.42791E-04, -1.00317E-03, -1.18234E-03, -1.38105E-03, -1.59966E-03, -1.83798E-03, -2.09513E-03, -2.36939E-03, -2.65800E-03, -2.95704E-03, -3.26132E-03, -3.56434E-03, -3.85837E-03, -4.13467E-03, -4.38387E-03, -4.59654E-03, -4.76382E-03, -4.87826E-03, -4.93447E-03, -4.92974E-03, -4.86429E-03, -4.74129E-03, -4.56647E-03, -4.34757E-03, -4.09356E-03, -3.81392E-03, -3.51796E-03, -3.21427E-03, -2.91041E-03, -2.61267E-03, -2.32605E-03, -2.05428E-03, -1.79995E-03, -1.56463E-03, -1.34910E-03, -1.15343E-03, -9.77220E-04, -8.19656E-04, -6.79684E-04, -5.56081E-04, -4.47538E-04, -3.52715E-04, -2.70290E-04, -1.98988E-04,
 -1.66154E-04, -2.40295E-04, -3.26870E-04, -4.27445E-04, -5.43674E-04, -6.77275E-04, -8.29972E-04, -1.00344E-03, -1.19920E-03, -1.41854E-03, -1.66232E-03, -1.93085E-03, -2.22363E-03, -2.53918E-03, -2.87476E-03, -3.22616E-03, -3.58748E-03, -3.95101E-03, -4.30728E-03, -4.64522E-03, -4.95265E-03, -5.21699E-03, -5.42621E-03, -5.57000E-03, -5.64083E-03, -5.63486E-03, -5.55242E-03, -5.39796E-03, -5.17951E-03, -4.90771E-03, -4.59475E-03, -4.25321E-03, -3.89513E-03, -3.53137E-03, -3.17112E-03, -2.82182E-03, -2.48910E-03, -2.17691E-03, -1.88781E-03, -1.62309E-03, -1.38312E-03, -1.16749E-03, -9.75254E-04, -8.05097E-04, -6.55458E-04, -5.24651E-04, -4.10947E-04, -3.12639E-04, -2.28083E-04, -1.55727E-04,
 -1.15184E-04, -1.89709E-04, -2.77787E-04, -3.81301E-04, -5.02288E-04, -6.42908E-04, -8.05401E-04, -9.92021E-04, -1.20494E-03, -1.44613E-03, -1.71719E-03, -2.01910E-03, -2.35204E-03, -2.71502E-03, -3.10555E-03, -3.51929E-03, -3.94974E-03, -4.38791E-03, -4.82224E-03, -5.23876E-03, -5.62153E-03, -5.95362E-03, -6.21845E-03, -6.40148E-03, -6.49195E-03, -6.48432E-03, -6.37906E-03, -6.18259E-03, -5.90636E-03, -5.56535E-03, -5.17627E-03, -4.75601E-03, -4.32023E-03, -3.88256E-03, -3.45417E-03, -3.04364E-03, -2.65713E-03, -2.29867E-03, -1.97048E-03, -1.67337E-03, -1.40700E-03, -1.17029E-03, -9.61563E-04, -7.78811E-04, -6.19841E-04, -4.82395E-04, -3.64242E-04, -2.63239E-04, -1.77372E-04, -1.04780E-04,
 -5.57384E-05, -1.29631E-04, -2.18160E-04, -3.23565E-04, -4.48310E-04, -5.95071E-04, -7.66697E-04, -9.66151E-04, -1.19641E-03, -1.46036E-03, -1.76053E-03, -2.09896E-03, -2.47678E-03, -2.89386E-03, -3.34837E-03, -3.83620E-03, -4.35045E-03, -4.88091E-03, -5.41371E-03, -5.93122E-03, -6.41258E-03, -6.83477E-03, -7.17456E-03, -7.41103E-03, -7.52841E-03, -7.51850E-03, -7.38199E-03, -7.12839E-03, -6.77443E-03, -6.34157E-03, -5.85316E-03, -5.33201E-03, -4.79852E-03, -4.26974E-03, -3.75899E-03, -3.27593E-03, -2.82699E-03, -2.41590E-03, -2.04419E-03, -1.71176E-03, -1.41732E-03, -1.15876E-03, -9.33439E-04, -7.38475E-04, -5.70877E-04, -4.27696E-04, -3.06104E-04, -2.03459E-04, -1.17328E-04, -4.55097E-05,
  1.27887E-05, -5.92446E-05, -1.46921E-04, -2.52861E-04, -3.80004E-04, -5.31612E-04, -7.11243E-04, -9.22705E-04, -1.16997E-03, -1.45704E-03, -1.78776E-03, -2.16552E-03, -2.59289E-03, -3.07114E-03, -3.59965E-03, -4.17513E-03, -4.79081E-03, -5.43556E-03, -6.09309E-03, -6.74148E-03, -7.35339E-03, -7.89729E-03, -8.34006E-03, -8.65093E-03, -8.80608E-03, -8.79296E-03, -8.61263E-03, -8.27963E-03, -7.81913E-03, -7.26258E-03, -6.64306E-03, -5.99161E-03, -5.33477E-03, -4.69358E-03, -4.08349E-03, -3.51492E-03, -2.99402E-03, -2.52363E-03, -2.10404E-03, -1.73374E-03, -1.40999E-03, -1.12932E-03, -8.87841E-04, -6.81548E-04, -5.06484E-04, -3.58876E-04, -2.35209E-04, -1.32271E-04, -4.71716E-05,  2.26613E-05,
  9.08992E-05,  2.21708E-05, -6.30717E-05, -1.67852E-04, -2.95626E-04, -4.50302E-04, -6.36244E-04, -8.58247E-04, -1.12147E-03, -1.43133E-03, -1.79329E-03, -2.21258E-03, -2.69381E-03, -3.24034E-03, -3.85360E-03, -4.53204E-03, -5.26998E-03, -6.05614E-03, -6.87219E-03, -7.69145E-03, -8.47837E-03, -9.18951E-03, -9.77689E-03, -1.01940E-02, -1.04037E-02, -1.03859E-02, -1.01424E-02, -9.69626E-03, -9.08662E-03, -8.36072E-03, -7.56615E-03, -6.74529E-03, -5.93233E-03, -5.15261E-03, -4.42327E-03, -3.75464E-03, -3.15166E-03, -2.61536E-03, -2.14395E-03, -1.73382E-03, -1.38026E-03, -1.07795E-03, -8.21436E-04, -6.05326E-04, -4.24511E-04, -2.74259E-04, -1.50277E-04, -4.87257E-05,  3.37819E-05,  1.00205E-04,
  1.78946E-04,  1.15189E-04,  3.42446E-05, -6.73217E-05, -1.93507E-04, -3.48918E-04, -5.38813E-04, -7.69106E-04, -1.04635E-03, -1.37765E-03, -1.77050E-03, -2.23253E-03, -2.77105E-03, -3.39248E-03, -4.10143E-03, -4.89951E-03, -5.78367E-03, -6.74414E-03, -7.76179E-03, -8.80547E-03, -9.82984E-03, -1.07751E-02, -1.15707E-02, -1.21442E-02, -1.24352E-02, -1.24105E-02, -1.20728E-02, -1.14606E-02, -1.06372E-02, -9.67528E-03, -8.64437E-03, -7.60212E-03, -6.59159E-03, -5.64192E-03, -4.77060E-03, -3.98622E-03, -3.29097E-03, -2.68269E-03, -2.15642E-03, -1.70556E-03, -1.32271E-03, -1.00023E-03, -7.30680E-04, -5.07033E-04, -3.22829E-04, -1.72253E-04, -5.01519E-05,  4.79864E-05,  1.26068E-04,  1.87446E-04,
  2.77080E-04,  2.20168E-04,  1.45667E-04,  4.97369E-05, -7.21643E-05, -2.25375E-04, -4.16109E-04, -6.51523E-04, -9.39747E-04, -1.28987E-03, -1.71184E-03, -2.21626E-03, -2.81401E-03, -3.51566E-03, -4.33054E-03, -5.26538E-03, -6.32226E-03, -7.49576E-03, -8.76895E-03, -1.01083E-02, -1.14584E-02, -1.27379E-02, -1.38418E-02, -1.46541E-02, -1.50718E-02, -1.50362E-02, -1.45522E-02, -1.36876E-02, -1.25490E-02, -1.12523E-02, -9.89927E-03, -8.56710E-03, -7.30759E-03, -6.15132E-03, -5.11315E-03, -4.19710E-03, -3.40021E-03, -2.71525E-03, -2.13261E-03, -1.64162E-03, -1.23142E-03, -8.91474E-04, -6.11969E-04, -3.83955E-04, -1.99454E-04, -5.14568E-05,  6.61094E-05,  1.58455E-04,  2.30009E-04,  2.84507E-04,
  3.85191E-04,  3.37180E-04,  2.71522E-04,  1.84005E-04,  6.95598E-05, -7.78835E-05, -2.65530E-04, -5.01859E-04, -7.96735E-04, -1.16149E-03, -1.60893E-03, -2.15327E-03, -2.80984E-03, -3.59468E-03, -4.52367E-03, -5.61124E-03, -6.86819E-03, -8.29816E-03, -9.89220E-03, -1.16204E-02, -1.34206E-02, -1.51865E-02, -1.67621E-02, -1.79550E-02, -1.85806E-02, -1.85268E-02, -1.78038E-02, -1.65389E-02, -1.49220E-02, -1.31418E-02, -1.13470E-02, -9.63641E-03, -8.06638E-03, -6.66292E-03, -5.43258E-03, -4.37031E-03, -3.46456E-03, -2.70057E-03, -2.06235E-03, -1.53394E-03, -1.10015E-03, -7.46978E-04, -4.61838E-04, -2.33629E-04, -5.27058E-05,  8.92058E-05,  1.99127E-04,  2.82963E-04,  3.45643E-04,  3.91258E-04,
  5.02851E-04,  4.65930E-04,  4.11725E-04,  3.35710E-04,  2.32336E-04,  9.48422E-05, -8.49569E-05, -3.16891E-04, -6.12659E-04, -9.86038E-04, -1.45305E-03, -2.03207E-03, -2.74379E-03, -3.61106E-03, -4.65837E-03, -5.91097E-03, -7.39300E-03, -9.12418E-03, -1.11134E-02, -1.33473E-02, -1.57702E-02, -1.82557E-02, -2.05778E-02, -2.24103E-02, -2.33994E-02, -2.33136E-02, -2.21742E-02, -2.02424E-02, -1.78759E-02, -1.53880E-02, -1.29882E-02, -1.07898E-02, -8.84024E-03, -7.14846E-03, -5.70329E-03, -4.48400E-03, -3.46612E-03, -2.62442E-03, -1.93461E-03, -1.37417E-03, -9.22745E-04, -5.62330E-04, -2.77256E-04, -5.40806E-05,  1.18593E-04,  2.50327E-04,  3.49071E-04,  4.21386E-04,  4.72652E-04,  5.07252E-04,
  6.29253E-04,  6.05678E-04,  5.65675E-04,  5.04482E-04,  4.16164E-04,  2.93349E-04,  1.26945E-04, -9.41894E-05, -3.83598E-04, -7.57603E-04, -1.23568E-03, -1.84080E-03, -2.59979E-03, -3.54353E-03, -4.70713E-03, -6.12986E-03, -7.85460E-03, -9.92611E-03, -1.23861E-02, -1.52611E-02, -1.85347E-02, -2.20925E-02, -2.56356E-02, -2.86093E-02, -3.02889E-02, -3.01410E-02, -2.82165E-02, -2.51091E-02, -2.15342E-02, -1.80065E-02, -1.47903E-02, -1.19798E-02, -9.58207E-03, -7.56696E-03, -5.89173E-03, -4.51171E-03, -3.38449E-03, -2.47145E-03, -1.73811E-03, -1.15424E-03, -6.93631E-04, -3.33868E-04, -5.59850E-05,  1.55885E-04,  3.14891E-04,  4.31837E-04,  5.15528E-04,  5.73096E-04,  6.10281E-04,  6.31680E-04,
  7.63166E-04,  7.55170E-04,  7.32146E-04,  6.89215E-04,  6.20175E-04,  5.17182E-04,  3.70376E-04,  1.67432E-04, -1.06942E-04, -4.71572E-04, -9.49446E-04, -1.56839E-03, -2.36179E-03, -3.36948E-03, -4.63868E-03, -6.22543E-03, -8.19627E-03, -1.06304E-02, -1.36206E-02, -1.72690E-02, -2.16626E-02, -2.67958E-02, -3.23789E-02, -3.75221E-02, -4.06481E-02, -4.03658E-02, -3.68153E-02, -3.15147E-02, -2.59619E-02, -2.09342E-02, -1.66591E-02, -1.31189E-02, -1.02210E-02, -7.86407E-03, -5.95733E-03, -4.42364E-03, -3.19820E-03, -2.22647E-03, -1.46241E-03, -8.67265E-04, -4.08551E-04, -5.92353E-05,  2.02984E-04,  3.96348E-04,  5.35657E-04,  6.32823E-04,  6.97368E-04,  7.36859E-04,  7.57275E-04,  7.63316E-04,
  9.02893E-04,  9.12576E-04,  9.09210E-04,  8.87935E-04,  8.42448E-04,  7.64624E-04,  6.44039E-04,  4.67413E-04,  2.17933E-04, -1.25527E-04, -5.89310E-04, -1.20601E-03, -2.01568E-03, -3.06734E-03, -4.42100E-03, -6.15072E-03, -8.34949E-03, -1.11373E-02, -1.46741E-02, -1.91761E-02, -2.49286E-02, -3.22423E-02, -4.11776E-02, -5.06243E-02, -5.70466E-02, -5.64454E-02, -4.92456E-02, -3.97140E-02, -3.10026E-02, -2.39463E-02, -1.84078E-02, -1.40715E-02, -1.06629E-02, -7.97516E-03, -5.85580E-03, -4.18964E-03, -2.88701E-03, -1.87630E-03, -1.09936E-03, -5.08669E-04, -6.54092E-05,  2.61973E-04,  4.98950E-04,  6.65929E-04,  7.79128E-04,  8.51347E-04,  8.92618E-04,  9.10758E-04,  9.11825E-04,  9.00487E-04,
  1.04626E-03,  1.07546E-03,  1.09416E-03,  1.09770E-03,  1.07985E-03,  1.03245E-03,  9.44784E-04,  8.02941E-04,  5.88946E-04,  2.79759E-04, -1.53911E-04, -7.49019E-04, -1.55186E-03, -2.62020E-03, -4.02622E-03, -5.86114E-03, -8.24321E-03, -1.13324E-02, -1.53577E-02, -2.06682E-02, -2.78232E-02, -3.77212E-02, -5.15613E-02, -6.90341E-02, -8.10611E-02, -8.01513E-02, -6.63061E-02, -4.91308E-02, -3.59672E-02, -2.65675E-02, -1.97457E-02, -1.46633E-02, -1.08014E-02, -7.83414E-03, -5.54565E-03, -3.78383E-03, -2.43532E-03, -1.41226E-03, -6.44922E-04, -7.74895E-05,  3.34771E-04,  6.27530E-04,  8.29029E-04,  9.61451E-04,  1.04208E-03,  1.08430E-03,  1.09837E-03,  1.09213E-03,  1.07154E-03,  1.04106E-03,
  1.19064E-03,  1.24077E-03,  1.28352E-03,  1.31454E-03,  1.32794E-03,  1.31575E-03,  1.26732E-03,  1.16850E-03,  1.00063E-03,  7.39328E-04,  3.52978E-04, -1.98989E-04, -9.68221E-04, -2.02004E-03, -3.43700E-03, -5.32434E-03, -7.81974E-03, -1.11121E-02, -1.54797E-02, -2.13698E-02, -2.95714E-02, -4.15951E-02, -6.03957E-02, -8.84630E-02, -3.89574E-02, -6.81730E-02, -8.39583E-02, -5.68803E-02, -3.93942E-02, -2.81067E-02, -2.03356E-02, -1.47204E-02, -1.05423E-02, -7.38820E-03, -4.99736E-03, -3.19062E-03, -1.83622E-03, -8.32907E-04, -1.01085E-04,  4.22262E-04,  7.86916E-04,  1.03194E-03,  1.18772E-03,  1.27767E-03,  1.31969E-03,  1.32731E-03,  1.31073E-03,  1.27756E-03,  1.23343E-03,  1.18245E-03,
  1.33295E-03,  1.40491E-03,  1.47304E-03,  1.53350E-03,  1.58093E-03,  1.60785E-03,  1.60405E-03,  1.55557E-03,  1.44364E-03,  1.24320E-03,  9.21177E-04,  4.34361E-04, -2.72999E-04, -1.27210E-03, -2.65325E-03, -4.53115E-03, -7.05398E-03, -1.04212E-02, -1.49209E-02, -2.10107E-02, -2.94992E-02, -4.19720E-02, -6.17708E-02, -9.45082E-02, -1.05934E-01, -1.12679E-01, -8.85445E-02, -5.80190E-02, -3.96835E-02, -2.79828E-02, -1.99407E-02, -1.41371E-02, -9.83637E-03, -6.61537E-03, -4.20349E-03, -2.41093E-03, -1.09553E-03, -1.46804E-04,  5.22303E-04,  9.80400E-04,  1.28113E-03,  1.46597E-03,  1.56665E-03,  1.60715E-03,  1.60541E-03,  1.57473E-03,  1.52486E-03,  1.46291E-03,  1.39398E-03,  1.32169E-03,
  1.46981E-03,  1.56380E-03,  1.65782E-03,  1.74871E-03,  1.83180E-03,  1.90042E-03,  1.94508E-03,  1.95253E-03,  1.90447E-03,  1.77592E-03,  1.53324E-03,  1.13175E-03,  5.13000E-04, -3.98264E-04, -1.69743E-03, -3.50415E-03, -5.96849E-03, -9.28247E-03, -1.37042E-02, -1.96090E-02, -2.75940E-02, -3.86743E-02, -5.45142E-02, -7.65825E-02, -9.80988E-02, -9.57187E-02, -7.28299E-02, -5.16772E-02, -3.67038E-02, -2.61920E-02, -1.85807E-02, -1.29364E-02, -8.70631E-03, -5.53821E-03, -3.18663E-03, -1.46717E-03, -2.34995E-04,  6.25455E-04,  1.20623E-03,  1.57978E-03,  1.80224E-03,  1.91641E-03,  1.95447E-03,  1.94023E-03,  1.89112E-03,  1.81973E-03,  1.73505E-03,  1.64342E-03,  1.54923E-03,  1.45546E-03,
  1.59761E-03,  1.71302E-03,  1.83249E-03,  1.95359E-03,  2.07255E-03,  2.18366E-03,  2.27851E-03,  2.34495E-03,  2.36569E-03,  2.31658E-03,  2.16432E-03,  1.86388E-03,  1.35546E-03,  5.61382E-04, -6.16787E-04, -2.30073E-03, -4.63750E-03, -7.80223E-03, -1.20038E-02, -1.74955E-02, -2.45869E-02, -3.36195E-02, -4.47347E-02, -5.68837E-02, -6.56969E-02, -6.48417E-02, -5.50652E-02, -4.28995E-02, -3.20874E-02, -2.33743E-02, -1.65521E-02, -1.12782E-02, -7.25192E-03, -4.22764E-03, -2.00230E-03, -4.05328E-04,  7.06241E-04,  1.45037E-03,  1.92212E-03,  2.19620E-03,  2.32992E-03,  2.36634E-03,  2.33717E-03,  2.26537E-03,  2.16732E-03,  2.05453E-03,  1.93492E-03,  1.81387E-03,  1.69490E-03,  1.58026E-03,
  1.71266E-03,  1.84806E-03,  1.99143E-03,  2.14119E-03,  2.29451E-03,  2.44681E-03,  2.59095E-03,  2.71617E-03,  2.80667E-03,  2.83966E-03,  2.78301E-03,  2.59227E-03,  2.20742E-03,  1.54957E-03,  5.18297E-04, -1.00944E-03, -3.17790E-03, -6.14764E-03, -1.00858E-02, -1.51474E-02, -2.14317E-02, -2.88755E-02, -3.70077E-02, -4.45320E-02, -4.91430E-02, -4.87248E-02, -4.34945E-02, -3.57474E-02, -2.76629E-02, -2.03817E-02, -1.42879E-02, -9.40840E-03, -5.63037E-03, -2.79518E-03, -7.35739E-04,  7.06470E-04,  1.67266E-03,  2.28239E-03,  2.63265E-03,  2.79922E-03,  2.83948E-03,  2.79579E-03,  2.69865E-03,  2.56962E-03,  2.42362E-03,  2.27077E-03,  2.11775E-03,  1.96883E-03,  1.82661E-03,  1.69254E-03,
  1.81143E-03,  1.96447E-03,  2.12910E-03,  2.30454E-03,  2.48891E-03,  2.67878E-03,  2.86835E-03,  3.04841E-03,  3.20485E-03,  3.31665E-03,  3.35332E-03,  3.27169E-03,  3.01231E-03,  2.49577E-03,  1.61993E-03,  2.59320E-04, -1.73163E-03, -4.50962E-03, -8.22556E-03, -1.29938E-02, -1.88321E-02, -2.55428E-02, -3.25161E-02, -3.85502E-02, -4.20221E-02, -4.17146E-02, -3.77446E-02, -3.14640E-02, -2.44685E-02, -1.78656E-02, -1.21869E-02, -7.58565E-03, -4.02332E-03, -1.37703E-03,  5.06554E-04,  1.78330E-03,  2.59608E-03,  3.06686E-03,  3.29417E-03,  3.35412E-03,  3.30340E-03,  3.18300E-03,  3.02174E-03,  2.83943E-03,  2.64932E-03,  2.45999E-03,  2.27682E-03,  2.10296E-03,  1.94009E-03,  1.78887E-03,
  1.89069E-03,  2.05821E-03,  2.24038E-03,  2.43713E-03,  2.64744E-03,  2.86893E-03,  3.09706E-03,  3.32411E-03,  3.53762E-03,  3.71841E-03,  3.83780E-03,  3.85422E-03,  3.70915E-03,  3.32303E-03,  2.59187E-03,  1.38627E-03, -4.45493E-04, -3.06858E-03, -6.64554E-03, -1.13091E-02, -1.71082E-02, -2.38892E-02, -3.10715E-02, -3.74025E-02, -4.10944E-02, -4.07660E-02, -3.65510E-02, -2.99787E-02, -2.27952E-02, -1.61418E-02, -1.05151E-02, -6.02542E-03, -2.60548E-03, -1.15422E-04,  1.60913E-03,  2.73211E-03,  3.40221E-03,  3.74500E-03,  3.86052E-03,  3.82487E-03,  3.69366E-03,  3.50623E-03,  3.28957E-03,  3.06169E-03,  2.83417E-03,  2.61417E-03,  2.40584E-03,  2.21131E-03,  2.03140E-03,  1.86612E-03,
  1.94773E-03,  2.12584E-03,  2.32090E-03,  2.53337E-03,  2.76291E-03,  3.00797E-03,  3.26503E-03,  3.52754E-03,  3.78447E-03,  4.01817E-03,  4.20159E-03,  4.29459E-03,  4.23964E-03,  3.95712E-03,  3.34126E-03,  2.25817E-03,  5.47508E-04, -1.97138E-03, -5.48948E-03, -1.01937E-02, -1.62316E-02, -2.35964E-02, -3.18210E-02, -3.94889E-02, -4.41611E-02, -4.37392E-02, -3.84329E-02, -3.05387E-02, -2.23837E-02, -1.52099E-02, -9.38356E-03, -4.87372E-03, -1.52233E-03,  8.59501E-04,  2.46195E-03,  3.46309E-03,  4.01948E-03,  4.26068E-03,  4.28821E-03,  4.17800E-03,  3.98458E-03,  3.74580E-03,  3.48705E-03,  3.22479E-03,  2.96925E-03,  2.72642E-03,  2.49944E-03,  2.28967E-03,  2.09727E-03,  1.92170E-03,
  1.98054E-03,  2.16480E-03,  2.36738E-03,  2.58903E-03,  2.82985E-03,  3.08878E-03,  3.36292E-03,  3.64647E-03,  3.92928E-03,  4.19469E-03,  4.41668E-03,  4.55609E-03,  4.55606E-03,  4.33694E-03,  3.79172E-03,  2.78311E-03,  1.14377E-03, -1.32038E-03, -4.82659E-03, -9.61372E-03, -1.59274E-02, -2.39142E-02, -3.32446E-02, -4.23631E-02, -4.81260E-02, -4.75991E-02, -4.10825E-02, -3.17598E-02, -2.25760E-02, -1.48449E-02, -8.78136E-03, -4.20820E-03, -8.77856E-04,  1.44540E-03,  2.97536E-03,  3.90228E-03,  4.38900E-03,  4.56806E-03,  4.54201E-03,  4.38665E-03,  4.15578E-03,  3.88626E-03,  3.60245E-03,  3.31981E-03,  3.04773E-03,  2.79146E-03,  2.55357E-03,  2.33489E-03,  2.13520E-03,  1.95366E-03,
  1.98794E-03,  2.17360E-03,  2.37787E-03,  2.60161E-03,  2.84500E-03,  3.10709E-03,  3.38512E-03,  3.67349E-03,  3.96223E-03,  4.23492E-03,  4.46580E-03,  4.61592E-03,  4.62860E-03,  4.42418E-03,  3.89534E-03,  2.90392E-03,  1.28079E-03, -1.17170E-03, -4.67789E-03, -9.49090E-03, -1.58838E-02, -2.40475E-02, -3.36956E-02, -4.32391E-02, -4.93276E-02, -4.87691E-02, -4.18921E-02, -3.21523E-02, -2.26735E-02, -1.47840E-02, -8.65195E-03, -4.05829E-03, -7.30450E-04,  1.58010E-03,  3.09353E-03,  4.00329E-03,  4.47385E-03,  4.63850E-03,  4.60006E-03,  4.43428E-03,  4.19479E-03,  3.91822E-03,  3.62866E-03,  3.34136E-03,  3.06551E-03,  2.80618E-03,  2.56580E-03,  2.34510E-03,  2.14376E-03,  1.96087E-03,
  1.96965E-03,  2.15187E-03,  2.35194E-03,  2.57054E-03,  2.80760E-03,  3.06191E-03,  3.33035E-03,  3.60689E-03,  3.88105E-03,  4.13585E-03,  4.34491E-03,  4.46876E-03,  4.45028E-03,  4.20984E-03,  3.64087E-03,  2.60726E-03,  9.44172E-04, -1.53761E-03, -5.04575E-03, -9.79995E-03, -1.60094E-02, -2.37626E-02, -3.26757E-02, -4.12418E-02, -4.65857E-02, -4.60993E-02, -4.00471E-02, -3.12675E-02, -2.24715E-02, -1.49498E-02, -8.97614E-03, -4.42870E-03, -1.09307E-03,  1.24923E-03,  2.80338E-03,  3.75522E-03,  4.26537E-03,  4.46532E-03,  4.45726E-03,  4.31704E-03,  4.09872E-03,  3.83948E-03,  3.56404E-03,  3.28821E-03,  3.02164E-03,  2.76985E-03,  2.53559E-03,  2.31987E-03,  2.12261E-03,  1.94306E-03,
  1.92634E-03,  2.10047E-03,  2.29068E-03,  2.49722E-03,  2.71951E-03,  2.95567E-03,  3.20178E-03,  3.45085E-03,  3.69130E-03,  3.90487E-03,  4.06388E-03,  4.12761E-03,  4.03815E-03,  3.71587E-03,  3.05574E-03,  1.92574E-03,  1.69227E-04, -2.38757E-03, -5.92267E-03, -1.05978E-02, -1.65145E-02, -2.35962E-02, -3.13197E-02, -3.83431E-02, -4.25401E-02, -4.21637E-02, -3.73859E-02, -3.01285E-02, -2.24407E-02, -1.55202E-02, -9.79675E-03, -5.30645E-03, -1.93360E-03,  4.88008E-04,  2.13681E-03,  3.18465E-03,  3.78470E-03,  4.06486E-03,  4.12609E-03,  4.04436E-03,  3.87465E-03,  3.65540E-03,  3.41262E-03,  3.16339E-03,  2.91845E-03,  2.68423E-03,  2.46429E-03,  2.26026E-03,  2.07256E-03,  1.90087E-03,
  1.85957E-03,  2.02137E-03,  2.19662E-03,  2.38493E-03,  2.58496E-03,  2.79389E-03,  3.00668E-03,  3.21499E-03,  3.40568E-03,  3.55880E-03,  3.64491E-03,  3.62175E-03,  3.43038E-03,  2.99127E-03,  2.20124E-03,  9.32700E-04, -9.62967E-04, -3.64604E-03, -7.27118E-03, -1.19571E-02, -1.77282E-02, -2.43952E-02, -3.13529E-02, -3.73905E-02, -4.08684E-02, -4.05604E-02, -3.65838E-02, -3.03015E-02, -2.33258E-02, -1.67708E-02, -1.11621E-02, -6.64484E-03, -3.17420E-03, -6.23130E-04,  1.16544E-03,  2.35090E-03,  3.07905E-03,  3.47382E-03,  3.63460E-03,  3.63751E-03,  3.53867E-03,  3.37811E-03,  3.18360E-03,  2.97388E-03,  2.76124E-03,  2.55342E-03,  2.35505E-03,  2.16870E-03,  1.99552E-03,  1.83579E-03,
  1.77164E-03,  1.91753E-03,  2.07353E-03,  2.23851E-03,  2.41022E-03,  2.58473E-03,  2.75568E-03,  2.91320E-03,  3.04243E-03,  3.12159E-03,  3.11944E-03,  2.99222E-03,  2.68015E-03,  2.10399E-03,  1.16233E-03, -2.69098E-04, -2.33466E-03, -5.19114E-03, -8.99269E-03, -1.38631E-02, -1.98391E-02, -2.67533E-02, -3.40234E-02, -4.04170E-02, -4.41525E-02, -4.38198E-02, -3.95566E-02, -3.29193E-02, -2.56419E-02, -1.88480E-02, -1.30387E-02, -8.33881E-03, -4.69238E-03, -1.96832E-03, -1.06525E-05,  1.33622E-03,  2.21394E-03,  2.74331E-03,  3.02220E-03,  3.12667E-03,  3.11377E-03,  3.02511E-03,  2.89029E-03,  2.72988E-03,  2.55784E-03,  2.38342E-03,  2.21254E-03,  2.04883E-03,  1.89434E-03,  1.75007E-03,
  1.66553E-03,  1.79267E-03,  1.92614E-03,  2.06401E-03,  2.20304E-03,  2.33815E-03,  2.46166E-03,  2.56218E-03,  2.62323E-03,  2.62140E-03,  2.52397E-03,  2.28614E-03,  1.84786E-03,  1.13065E-03,  3.48439E-05, -1.56197E-03, -3.80490E-03, -6.85975E-03, -1.09090E-02, -1.61433E-02, -2.27362E-02, -3.07582E-02, -3.99113E-02, -4.88939E-02, -5.47220E-02, -5.41816E-02, -4.76194E-02, -3.84597E-02, -2.94317E-02, -2.16251E-02, -1.52507E-02, -1.02116E-02, -6.32820E-03, -3.41019E-03, -1.27730E-03,  2.33292E-04,  1.26327E-03,  1.93149E-03,  2.33421E-03,  2.54688E-03,  2.62698E-03,  2.61723E-03,  2.54876E-03,  2.44376E-03,  2.31783E-03,  2.18169E-03,  2.04256E-03,  1.90520E-03,  1.77260E-03,  1.64655E-03,
  1.54460E-03,  1.65104E-03,  1.75982E-03,  1.86819E-03,  1.97200E-03,  2.06509E-03,  2.13858E-03,  2.17978E-03,  2.17093E-03,  2.08744E-03,  1.89576E-03,  1.55087E-03,  9.93383E-04,  1.46479E-04, -1.08719E-03, -2.82865E-03, -5.22651E-03, -8.46349E-03, -1.27699E-02, -1.84512E-02, -2.59360E-02, -3.58294E-02, -4.87989E-02, -6.44208E-02, -7.70819E-02, -7.57931E-02, -6.19625E-02, -4.65832E-02, -3.41166E-02, -2.46412E-02, -1.74694E-02, -1.20245E-02, -7.90067E-03, -4.80679E-03, -2.52117E-03, -8.67014E-04,  2.99704E-04,  1.09615E-03,  1.61629E-03,  1.93406E-03,  2.10642E-03,  2.17646E-03,  2.17617E-03,  2.12897E-03,  2.05175E-03,  1.95650E-03,  1.85164E-03,  1.74297E-03,  1.63441E-03,  1.52851E-03,
  1.41249E-03,  1.49714E-03,  1.58016E-03,  1.65807E-03,  1.72590E-03,  1.77659E-03,  1.80031E-03,  1.78347E-03,  1.70747E-03,  1.54722E-03,  1.26919E-03,  8.29191E-04,  1.69732E-04, -7.82938E-04, -2.12236E-03, -3.96657E-03, -6.46572E-03, -9.81681E-03, -1.42946E-02, -2.03180E-02, -2.85946E-02, -4.04306E-02, -5.83159E-02, -8.58221E-02, -1.15577E-01, -1.12262E-01, -8.08979E-02, -5.50136E-02, -3.82906E-02, -2.71281E-02, -1.92641E-02, -1.35156E-02, -9.23429E-03, -6.03011E-03, -3.64346E-03, -1.88602E-03, -6.13295E-04,  2.88568E-04,  9.09795E-04,  1.32142E-03,  1.57868E-03,  1.72398E-03,  1.78939E-03,  1.79891E-03,  1.77024E-03,  1.71634E-03,  1.64656E-03,  1.56758E-03,  1.48411E-03,  1.39944E-03,
  1.27286E-03,  1.33548E-03,  1.39271E-03,  1.44048E-03,  1.47316E-03,  1.48307E-03,  1.45972E-03,  1.38905E-03,  1.25224E-03,  1.02443E-03,  6.73056E-04,  1.55888E-04, -5.81254E-04, -1.60731E-03, -3.00964E-03, -4.89954E-03, -7.42191E-03, -1.07742E-02, -1.52457E-02, -2.13024E-02, -2.97768E-02, -4.23163E-02, -6.24123E-02, -9.50260E-02, -1.09037E-02, -6.61244E-02, -8.93798E-02, -5.85914E-02, -4.00076E-02, -2.82595E-02, -2.02372E-02, -1.44669E-02, -1.01926E-02, -6.98428E-03, -4.57075E-03, -2.76455E-03, -1.42686E-03, -4.50573E-04,  2.48534E-04,  7.36912E-04,  1.06673E-03,  1.27859E-03,  1.40374E-03,  1.46601E-03,  1.48341E-03,  1.46939E-03,  1.43393E-03,  1.38438E-03,  1.32609E-03,  1.26292E-03,
  1.12926E-03,  1.17035E-03,  1.20267E-03,  1.22172E-03,  1.22144E-03,  1.19374E-03,  1.12790E-03,  1.00983E-03,  8.21068E-04,  5.37735E-04,  1.29109E-04, -4.43962E-04, -1.23100E-03, -2.29430E-03, -3.71232E-03, -5.58487E-03, -8.04238E-03, -1.12634E-02, -1.55094E-02, -2.11944E-02, -2.90270E-02, -4.02907E-02, -5.72109E-02, -8.08170E-02, -8.32644E-02, -8.70015E-02, -7.70712E-02, -5.41204E-02, -3.82514E-02, -2.76359E-02, -2.01996E-02, -1.47732E-02, -1.07074E-02, -7.61854E-03, -5.26145E-03, -3.46664E-03, -2.10926E-03, -1.09325E-03, -3.42944E-04,  2.01805E-04,  5.88774E-04,  8.55697E-04,  1.03214E-03,  1.14107E-03,  1.20020E-03,  1.22304E-03,  1.21987E-03,  1.19842E-03,  1.16448E-03,  1.12236E-03,
  9.84941E-04,  1.00564E-03,  1.01469E-03,  1.00731E-03,  9.77230E-04,  9.16265E-04,  8.13789E-04,  6.56108E-04,  4.25687E-04,  1.00238E-04, -3.48350E-04, -9.55254E-04, -1.76421E-03, -2.82940E-03, -4.21798E-03, -6.01418E-03, -8.32601E-03, -1.12972E-02, -1.51286E-02, -2.01136E-02, -2.66913E-02, -3.54829E-02, -4.70859E-02, -6.06400E-02, -7.04032E-02, -6.94979E-02, -5.85784E-02, -4.51092E-02, -3.39533E-02, -2.55494E-02, -1.92536E-02, -1.44709E-02, -1.07885E-02, -7.93037E-03, -5.70641E-03, -3.97945E-03, -2.64578E-03, -1.62416E-03, -8.49623E-04, -2.69769E-04,  1.57714E-04,  4.66825E-04,  6.84698E-04,  8.32822E-04,  9.28083E-04,  9.83657E-04,  1.00975E-03,  1.01423E-03,  1.00310E-03,  9.80956E-04,
  8.42805E-04,  8.44723E-04,  8.32679E-04,  8.01784E-04,  7.45757E-04,  6.56563E-04,  5.23988E-04,  3.35121E-04,  7.37560E-05, -2.80296E-04, -7.51993E-04, -1.37194E-03, -2.17739E-03, -3.21348E-03, -4.53481E-03, -6.20775E-03, -8.31400E-03, -1.09559E-02, -1.42634E-02, -1.84005E-02, -2.35559E-02, -2.98735E-02, -3.71962E-02, -4.44552E-02, -4.91412E-02, -4.87093E-02, -4.34252E-02, -3.60275E-02, -2.88225E-02, -2.26866E-02, -1.77005E-02, -1.37034E-02, -1.05084E-02, -7.95688E-03, -5.92358E-03, -4.30978E-03, -3.03648E-03, -2.03928E-03, -1.26519E-03, -6.70369E-04, -2.18671E-04,  1.19580E-04,  3.68548E-04,  5.47762E-04,  6.72874E-04,  7.56343E-04,  8.08017E-04,  8.35631E-04,  8.45232E-04,  8.41520E-04,
  7.05292E-04,  6.90397E-04,  6.59807E-04,  6.08678E-04,  5.30901E-04,  4.18813E-04,  2.62856E-04,  5.11852E-05, -2.30772E-04, -6.00798E-04, -1.08040E-03, -1.69533E-03, -2.47617E-03, -3.45888E-03, -4.68543E-03, -6.20446E-03, -8.07201E-03, -1.03516E-02, -1.31122E-02, -1.64188E-02, -2.03044E-02, -2.46993E-02, -2.92887E-02, -3.33336E-02, -3.57063E-02, -3.54947E-02, -3.27882E-02, -2.85917E-02, -2.39964E-02, -1.96679E-02, -1.58709E-02, -1.26520E-02, -9.97021E-03, -7.75862E-03, -5.94881E-03, -4.47837E-03, -3.29245E-03, -2.34347E-03, -1.59044E-03, -9.98255E-04, -5.37133E-04, -1.82002E-04,  8.80360E-05,  2.90233E-04,  4.38709E-04,  5.44931E-04,  6.18138E-04,  6.65734E-04,  6.93614E-04,  7.06450E-04,
  5.74373E-04,  5.44836E-04,  4.98440E-04,  4.30512E-04,  3.35266E-04,  2.05575E-04,  3.27183E-05, -1.93901E-04, -4.87051E-04, -8.61972E-04, -1.33666E-03, -1.93209E-03, -2.67242E-03, -3.58499E-03, -4.70020E-03, -6.05097E-03, -7.67161E-03, -9.59507E-03, -1.18471E-02, -1.44335E-02, -1.73155E-02, -2.03667E-02, -2.33165E-02, -2.57209E-02, -2.70496E-02, -2.69335E-02, -2.54071E-02, -2.28839E-02, -1.98936E-02, -1.68552E-02, -1.40133E-02, -1.14775E-02, -9.27732E-03, -7.40255E-03, -5.82578E-03, -4.51359E-03, -3.43175E-03, -2.54766E-03, -1.83140E-03, -1.25609E-03, -7.98091E-04, -4.36891E-04, -1.54936E-04,  6.26120E-05,  2.28167E-04,  3.52017E-04,  4.42618E-04,  5.06876E-04,  5.50391E-04,  5.77681E-04,
  4.51544E-04,  4.09620E-04,  3.50198E-04,  2.68878E-04,  1.60304E-04,  1.79998E-05, -1.65809E-04, -4.00382E-04, -6.96634E-04, -1.06729E-03, -1.52697E-03, -2.09222E-03, -2.78136E-03, -3.61419E-03, -4.61131E-03, -5.79297E-03, -7.17703E-03, -8.77541E-03, -1.05879E-02, -1.25919E-02, -1.47265E-02, -1.68720E-02, -1.88341E-02, -2.03526E-02, -2.11610E-02, -2.10912E-02, -2.01585E-02, -1.85533E-02, -1.65471E-02, -1.43926E-02, -1.22720E-02, -1.02948E-02, -8.51458E-03, -6.94966E-03, -5.59782E-03, -4.44589E-03, -3.47547E-03, -2.66615E-03, -1.99738E-03, -1.44958E-03, -1.00467E-03, -6.46403E-04, -3.60453E-04, -1.34383E-04,  4.24571E-05,  1.79084E-04,  2.83060E-04,  3.60677E-04,  4.17133E-04,  4.56695E-04,
  3.37850E-04,  2.85777E-04,  2.16030E-04,  1.24552E-04,  6.49077E-06, -1.43916E-04, -3.33453E-04, -5.70031E-04, -8.62765E-04, -1.22201E-03, -1.65931E-03, -2.18727E-03, -2.81924E-03, -3.56876E-03, -4.44870E-03, -5.46988E-03, -6.63887E-03, -7.95478E-03, -9.40432E-03, -1.09549E-02, -1.25465E-02, -1.40834E-02, -1.54336E-02, -1.64423E-02, -1.69664E-02, -1.69215E-02, -1.63151E-02, -1.52436E-02, -1.38547E-02, -1.23016E-02, -1.07111E-02, -9.17295E-03, -7.74248E-03, -6.44876E-03, -5.30275E-03, -4.30394E-03, -3.44490E-03, -2.71438E-03, -2.09935E-03, -1.58624E-03, -1.16178E-03, -8.13525E-04, -5.30102E-04, -3.01347E-04, -1.18335E-04,  2.66648E-05,  1.40272E-04,  2.28101E-04,  2.94874E-04,  3.44536E-04,
  2.33931E-04,  1.73848E-04,  9.63059E-05, -2.36608E-06, -1.26480E-04, -2.81064E-04, -4.71920E-04, -7.05665E-04, -9.89741E-04, -1.33236E-03, -1.74238E-03, -2.22907E-03, -2.80170E-03, -3.46891E-03, -4.23783E-03, -5.11274E-03, -6.09319E-03, -7.17143E-03, -8.32911E-03, -9.53326E-03, -1.07326E-02, -1.18555E-02, -1.28133E-02, -1.35114E-02, -1.38683E-02, -1.38378E-02, -1.34242E-02, -1.26801E-02, -1.16906E-02, -1.05504E-02, -9.34624E-03, -8.14641E-03, -6.99925E-03, -5.93521E-03, -4.97076E-03, -4.11232E-03, -3.35946E-03, -2.70736E-03, -2.14859E-03, -1.67434E-03, -1.27532E-03, -9.42298E-04, -6.66506E-04, -4.39844E-04, -2.54997E-04, -1.05474E-04,  1.44051E-05,  1.09552E-04,  1.84176E-04,  2.41853E-04,
  1.40073E-04,  7.39641E-05, -9.07774E-06, -1.12314E-04, -2.39509E-04, -3.94971E-04, -5.83568E-04, -8.10726E-04, -1.08238E-03, -1.40489E-03, -1.78484E-03, -2.22876E-03, -2.74273E-03, -3.33175E-03, -3.99890E-03, -4.74427E-03, -5.56344E-03, -6.44572E-03, -7.37210E-03, -8.31318E-03, -9.22793E-03, -1.00641E-02, -1.07618E-02, -1.12613E-02, -1.15137E-02, -1.14923E-02, -1.11993E-02, -1.06656E-02, -9.94254E-03, -9.09047E-03, -8.16851E-03, -7.22732E-03, -6.30611E-03, -5.43256E-03, -4.62426E-03, -3.89081E-03, -3.23580E-03, -2.65863E-03, -2.15583E-03, -1.72219E-03, -1.35154E-03, -1.03731E-03, -7.72923E-04, -5.52091E-04, -3.68947E-04, -2.18151E-04, -9.49194E-05,  4.96763E-06,  8.51957E-05,  1.48952E-04,
  5.62679E-05, -1.40783E-05, -1.00592E-04, -2.06125E-04, -3.33910E-04, -4.87574E-04, -6.71129E-04, -8.88935E-04, -1.14562E-03, -1.44598E-03, -1.79472E-03, -2.19626E-03, -2.65424E-03, -3.17105E-03, -3.74712E-03, -4.38003E-03, -5.06348E-03, -5.78611E-03, -6.53037E-03, -7.27162E-03, -7.97800E-03, -8.61161E-03, -9.13151E-03, -9.49877E-03, -9.68280E-03, -9.66721E-03, -9.45343E-03, -9.06032E-03, -8.52022E-03, -7.87274E-03, -7.15864E-03, -6.41502E-03, -5.67267E-03, -4.95510E-03, -4.27886E-03, -3.65442E-03, -3.08742E-03, -2.57977E-03, -2.13069E-03, -1.73757E-03, -1.39659E-03, -1.10328E-03, -8.52905E-04, -6.40682E-04, -4.62016E-04, -3.12597E-04, -1.88473E-04, -8.60763E-05, -2.23393E-06,  6.58478E-05,
 -1.77273E-05, -9.07374E-05, -1.78980E-04, -2.84909E-04, -4.11260E-04, -5.61036E-04, -7.37483E-04, -9.44036E-04, -1.18422E-03, -1.46153E-03, -1.77923E-03, -2.14005E-03, -2.54592E-03, -2.99744E-03, -3.49337E-03, -4.02999E-03, -4.60039E-03, -5.19377E-03, -5.79485E-03, -6.38360E-03, -6.93564E-03, -7.42338E-03, -7.81839E-03, -8.09462E-03, -8.23215E-03, -8.22052E-03, -8.06064E-03, -7.76459E-03, -7.35346E-03, -6.85393E-03, -6.29449E-03, -5.70234E-03, -5.10127E-03, -4.51055E-03, -3.94476E-03, -3.41405E-03, -2.92481E-03, -2.48031E-03, -2.08147E-03, -1.72745E-03, -1.41618E-03, -1.14482E-03, -9.10055E-04, -7.08378E-04, -5.36266E-04, -3.90311E-04, -2.67301E-04, -1.64273E-04, -7.85344E-05, -7.67378E-06,
 -8.23354E-05, -1.56657E-04, -2.45165E-04, -3.49944E-04, -4.73271E-04, -6.17594E-04, -7.85493E-04, -9.79614E-04, -1.20258E-03, -1.45684E-03, -1.74451E-03, -2.06715E-03, -2.42542E-03, -2.81877E-03, -3.24505E-03, -3.69999E-03, -4.17680E-03, -4.66579E-03, -5.15407E-03, -5.62567E-03, -6.06196E-03, -6.44276E-03, -6.74798E-03, -6.95972E-03, -7.06463E-03, -7.05578E-03, -6.93375E-03, -6.70657E-03, -6.38844E-03, -5.99774E-03, -5.55470E-03, -5.07938E-03, -4.59002E-03, -4.10215E-03, -3.62815E-03, -3.17726E-03, -2.75585E-03, -2.36781E-03, -2.01504E-03, -1.69787E-03, -1.41547E-03, -1.16619E-03, -9.47840E-04, -7.57939E-04, -5.93850E-04, -4.52933E-04, -3.32624E-04, -2.30500E-04, -1.44312E-04, -7.20063E-05,
 -1.38107E-04, -2.12605E-04, -3.00185E-04, -4.02592E-04, -5.21694E-04, -6.59456E-04, -8.17887E-04, -9.98981E-04, -1.20462E-03, -1.43646E-03, -1.69575E-03, -1.98317E-03, -2.29856E-03, -2.64070E-03, -3.00695E-03, -3.39299E-03, -3.79255E-03, -4.19720E-03, -4.59629E-03, -4.97717E-03, -5.32561E-03, -5.62670E-03, -5.86601E-03, -6.03098E-03, -6.11240E-03, -6.10554E-03, -6.01080E-03, -5.83365E-03, -5.58393E-03, -5.27456E-03, -4.92014E-03, -4.53556E-03, -4.13483E-03, -3.73032E-03, -3.33235E-03, -2.94901E-03, -2.58624E-03, -2.24810E-03, -1.93697E-03, -1.65391E-03, -1.39892E-03, -1.17122E-03, -9.69479E-04, -7.92009E-04, -6.36898E-04, -5.02147E-04, -3.85747E-04, -2.85748E-04, -2.00297E-04, -1.27671E-04,
 -1.85679E-04, -2.59422E-04, -3.45124E-04, -4.44227E-04, -5.58243E-04, -6.88717E-04, -8.37187E-04, -1.00511E-03, -1.19379E-03, -1.40426E-03, -1.63715E-03, -1.89252E-03, -2.16970E-03, -2.46708E-03, -2.78189E-03, -3.11001E-03, -3.44586E-03, -3.78224E-03, -4.11045E-03, -4.42050E-03, -4.70148E-03, -4.94227E-03, -5.13232E-03, -5.26267E-03, -5.32680E-03, -5.32140E-03, -5.24675E-03, -5.10669E-03, -4.90817E-03, -4.66047E-03, -4.37427E-03, -4.06073E-03, -3.73062E-03, -3.39380E-03, -3.05872E-03, -2.73232E-03, -2.41997E-03, -2.12556E-03, -1.85166E-03, -1.59974E-03, -1.37033E-03, -1.16328E-03, -9.77874E-04, -8.13041E-04, -6.67446E-04, -5.39613E-04, -4.27999E-04, -3.31061E-04, -2.47297E-04, -1.75276E-04,
 -2.25734E-04, -2.97978E-04, -3.81072E-04, -4.76193E-04, -5.84543E-04, -7.07319E-04, -8.45666E-04, -1.00062E-03, -1.17302E-03, -1.36345E-03, -1.57208E-03, -1.79858E-03, -2.04196E-03, -2.30045E-03, -2.57134E-03, -2.85085E-03, -3.13409E-03, -3.41504E-03, -3.68661E-03, -3.94090E-03, -4.16951E-03, -4.36404E-03, -4.51671E-03, -4.62097E-03, -4.67213E-03, -4.66782E-03, -4.60825E-03, -4.49616E-03, -4.33657E-03, -4.13625E-03, -3.90312E-03, -3.64563E-03, -3.37211E-03, -3.09037E-03, -2.80734E-03, -2.52886E-03, -2.25967E-03, -2.00336E-03, -1.76249E-03, -1.53870E-03, -1.33287E-03, -1.14525E-03, -9.75585E-04, -8.23257E-04, -6.87384E-04, -5.66911E-04, -4.60681E-04, -3.67494E-04, -2.86150E-04, -2.15479E-04,
 -2.58972E-04, -3.29140E-04, -4.09088E-04, -4.99762E-04, -6.02102E-04, -7.17016E-04, -8.45332E-04, -9.87748E-04, -1.14477E-03, -1.31662E-03, -1.50318E-03, -1.70386E-03, -1.91752E-03, -2.14235E-03, -2.37581E-03, -2.61451E-03, -2.85426E-03, -3.09003E-03, -3.31606E-03, -3.52610E-03, -3.71362E-03, -3.87225E-03, -3.99613E-03, -4.08043E-03, -4.12171E-03, -4.11824E-03, -4.07016E-03, -3.97949E-03, -3.84990E-03, -3.68642E-03, -3.49499E-03, -3.28206E-03, -3.05413E-03, -2.81739E-03, -2.57749E-03, -2.33934E-03, -2.10702E-03, -1.88377E-03, -1.67201E-03, -1.47345E-03, -1.28913E-03, -1.11957E-03, -9.64828E-04, -8.24626E-04, -6.98428E-04, -5.85511E-04, -4.85031E-04, -3.96075E-04, -3.17697E-04, -2.48956E-04,
 -2.86092E-04, -3.53752E-04, -4.30177E-04, -5.16115E-04, -6.12290E-04, -7.19370E-04, -8.37932E-04, -9.68415E-04, -1.11106E-03, -1.26587E-03, -1.43250E-03, -1.61022E-03, -1.79783E-03, -1.99360E-03, -2.19518E-03, -2.39962E-03, -2.60331E-03, -2.80209E-03, -2.99129E-03, -3.16593E-03, -3.32093E-03, -3.45136E-03, -3.55281E-03, -3.62164E-03, -3.65528E-03, -3.65245E-03, -3.61326E-03, -3.53921E-03, -3.43302E-03, -3.29849E-03, -3.14014E-03, -2.96292E-03, -2.77192E-03, -2.57209E-03, -2.36802E-03, -2.16381E-03, -1.96294E-03, -1.76830E-03, -1.58211E-03, -1.40604E-03, -1.24120E-03, -1.08825E-03, -9.47489E-04, -8.18867E-04, -7.02110E-04, -5.96753E-04, -5.02203E-04, -4.17781E-04, -3.42757E-04, -2.76383E-04,
 -3.07766E-04, -3.72611E-04, -4.45271E-04, -5.26330E-04, -6.16330E-04, -7.15748E-04, -8.24963E-04, -9.44216E-04, -1.07356E-03, -1.21283E-03, -1.36156E-03, -1.51896E-03, -1.68381E-03, -1.85451E-03, -2.02895E-03, -2.20455E-03, -2.37827E-03, -2.54663E-03, -2.70587E-03, -2.85199E-03, -2.98100E-03, -3.08908E-03, -3.17285E-03, -3.22953E-03, -3.25719E-03, -3.25486E-03, -3.22263E-03, -3.16163E-03, -3.07391E-03, -2.96236E-03, -2.83046E-03, -2.68205E-03, -2.52115E-03, -2.35172E-03, -2.17750E-03, -2.00189E-03, -1.82787E-03, -1.65795E-03, -1.49415E-03, -1.33802E-03, -1.19071E-03, -1.05295E-03, -9.25154E-04, -8.07459E-04, -6.99775E-04, -6.01838E-04, -5.13251E-04, -4.33525E-04, -3.62109E-04, -2.98417E-04,
 -3.24634E-04, -3.86461E-04, -4.55227E-04, -5.31375E-04, -6.15302E-04, -7.07333E-04, -8.07693E-04, -9.16475E-04, -1.03360E-03, -1.15880E-03, -1.29152E-03, -1.43096E-03, -1.57597E-03, -1.72506E-03, -1.87636E-03, -2.02765E-03, -2.17636E-03, -2.31961E-03, -2.45432E-03, -2.57729E-03, -2.68537E-03, -2.77556E-03, -2.84525E-03, -2.89229E-03, -2.91522E-03, -2.91330E-03, -2.88658E-03, -2.83593E-03, -2.76292E-03, -2.66978E-03, -2.55921E-03, -2.43421E-03, -2.29798E-03, -2.15369E-03, -2.00441E-03, -1.85296E-03, -1.70186E-03, -1.55329E-03, -1.40905E-03, -1.27058E-03, -1.13897E-03, -1.01499E-03, -8.99139E-04, -7.91656E-04, -6.92592E-04, -6.01829E-04, -5.19126E-04, -4.44144E-04, -3.76479E-04, -3.15681E-04,
 -3.37294E-04, -3.95987E-04, -4.60816E-04, -5.32110E-04, -6.10148E-04, -6.95136E-04, -7.87182E-04, -8.86272E-04, -9.92238E-04, -1.10473E-03, -1.22319E-03, -1.34681E-03, -1.47452E-03, -1.60497E-03, -1.73653E-03, -1.86728E-03, -1.99505E-03, -2.11745E-03, -2.23198E-03, -2.33604E-03, -2.42713E-03, -2.50289E-03, -2.56127E-03, -2.60060E-03, -2.61974E-03, -2.61813E-03, -2.59582E-03, -2.55346E-03, -2.49229E-03, -2.41402E-03, -2.32077E-03, -2.21492E-03, -2.09901E-03, -1.97562E-03, -1.84724E-03, -1.71623E-03, -1.58473E-03, -1.45460E-03, -1.32743E-03, -1.20455E-03, -1.08697E-03, -9.75449E-04, -8.70526E-04, -7.72517E-04, -6.81562E-04, -5.97656E-04, -5.20674E-04, -4.50397E-04, -3.86538E-04, -3.28760E-04,
 -3.46297E-04, -4.01809E-04, -4.62727E-04, -5.29290E-04, -6.01682E-04, -6.80016E-04, -7.64313E-04, -8.54482E-04, -9.50296E-04, -1.05137E-03, -1.15714E-03, -1.26683E-03, -1.37947E-03, -1.49385E-03, -1.60853E-03, -1.72187E-03, -1.83205E-03, -1.93708E-03, -2.03490E-03, -2.12342E-03, -2.20063E-03, -2.26464E-03, -2.31385E-03, -2.34695E-03, -2.36304E-03, -2.36169E-03, -2.34293E-03, -2.30728E-03, -2.25570E-03, -2.18953E-03, -2.11045E-03, -2.02036E-03, -1.92129E-03, -1.81533E-03, -1.70454E-03, -1.59088E-03, -1.47614E-03, -1.36195E-03, -1.24969E-03, -1.14054E-03, -1.03545E-03, -9.35156E-04, -8.40191E-04, -7.50917E-04, -6.67538E-04, -5.90125E-04, -5.18642E-04, -4.52963E-04, -3.92896E-04, -3.38195E-04,
 -3.52145E-04, -4.04483E-04, -4.61572E-04, -5.23574E-04, -5.90599E-04, -6.62691E-04, -7.39807E-04, -8.21804E-04, -9.08418E-04, -9.99251E-04, -1.09375E-03, -1.19120E-03, -1.29070E-03, -1.39119E-03, -1.49141E-03, -1.58997E-03, -1.68531E-03, -1.77579E-03, -1.85971E-03, -1.93538E-03, -2.00117E-03, -2.05556E-03, -2.09729E-03, -2.12531E-03, -2.13892E-03, -2.13778E-03, -2.12191E-03, -2.09172E-03, -2.04797E-03, -1.99172E-03, -1.92431E-03, -1.84726E-03, -1.76221E-03, -1.67087E-03, -1.57493E-03, -1.47602E-03, -1.37567E-03, -1.27525E-03, -1.17600E-03, -1.07896E-03, -9.84979E-04, -8.94765E-04, -8.08841E-04, -7.27583E-04, -6.51236E-04, -5.79926E-04, -5.13680E-04, -4.52445E-04, -3.96101E-04, -3.44479E-04,
 -3.55290E-04, -4.04506E-04, -4.57884E-04, -5.15528E-04, -5.77491E-04, -6.43762E-04, -7.14254E-04, -7.88791E-04, -8.67090E-04, -9.48754E-04, -1.03326E-03, -1.11993E-03, -1.20798E-03, -1.29645E-03, -1.38426E-03, -1.47022E-03, -1.55300E-03, -1.63125E-03, -1.70356E-03, -1.76854E-03, -1.82487E-03, -1.87133E-03, -1.90690E-03, -1.93076E-03, -1.94234E-03, -1.94137E-03, -1.92787E-03, -1.90216E-03, -1.86485E-03, -1.81679E-03, -1.75905E-03, -1.69285E-03, -1.61953E-03, -1.54049E-03, -1.45712E-03, -1.37080E-03, -1.28281E-03, -1.19434E-03, -1.10645E-03, -1.02006E-03, -9.35952E-04, -8.54776E-04, -7.77034E-04, -7.03106E-04, -6.33256E-04, -5.67646E-04, -5.06351E-04, -4.49370E-04, -3.96643E-04, -3.48057E-04,
 -3.56137E-04, -4.02315E-04, -4.52130E-04, -5.05639E-04, -5.62853E-04, -6.23722E-04, -6.88128E-04, -7.55874E-04, -8.26673E-04, -9.00137E-04, -9.75774E-04, -1.05298E-03, -1.13103E-03, -1.20909E-03, -1.28622E-03, -1.36140E-03, -1.43353E-03, -1.50145E-03, -1.56400E-03, -1.62004E-03, -1.66849E-03, -1.70838E-03, -1.73886E-03, -1.75927E-03, -1.76917E-03, -1.76834E-03, -1.75680E-03, -1.73480E-03, -1.70282E-03, -1.66155E-03, -1.61186E-03, -1.55474E-03, -1.49129E-03, -1.42264E-03, -1.34997E-03, -1.27442E-03, -1.19708E-03, -1.11896E-03, -1.04099E-03, -9.63983E-04, -8.88645E-04, -8.15562E-04, -7.45212E-04, -6.77965E-04, -6.14094E-04, -5.53783E-04, -4.97140E-04, -4.44202E-04, -3.94953E-04, -3.49330E-04,
 -3.55047E-04, -3.98293E-04, -4.44711E-04, -4.94322E-04, -5.47103E-04, -6.02977E-04, -6.61807E-04, -7.23385E-04, -7.87428E-04, -8.53567E-04, -9.21343E-04, -9.90207E-04, -1.05952E-03, -1.12854E-03, -1.19647E-03, -1.26242E-03, -1.32545E-03, -1.38462E-03, -1.43894E-03, -1.48747E-03, -1.52933E-03, -1.56372E-03, -1.58996E-03, -1.60752E-03, -1.61603E-03, -1.61531E-03, -1.60539E-03, -1.58647E-03, -1.55893E-03, -1.52334E-03, -1.48039E-03, -1.43091E-03, -1.37578E-03, -1.31596E-03, -1.25241E-03, -1.18609E-03, -1.11794E-03, -1.04882E-03, -9.79534E-04, -9.10798E-04, -8.43241E-04, -7.77398E-04, -7.13714E-04, -6.52543E-04, -5.94157E-04, -5.38753E-04, -4.86458E-04, -4.37340E-04, -3.91414E-04, -3.48653E-04,
