 -1.90507E-03, -1.91483E-03, -1.92127E-03, -1.92416E-03, -1.92333E-03, -1.91865E-03, -1.91009E-03, -1.89771E-03, -1.88169E-03, -1.86234E-03, -1.84014E-03, -1.81569E-03, -1.78974E-03, -1.76316E-03, -1.73689E-03, -1.71191E-03, -1.68910E-03, -1.66921E-03, -1.65270E-03, -1.63969E-03, -1.62983E-03, -1.62227E-03, -1.61560E-03, -1.60796E-03, -1.59706E-03, -1.58033E-03, -1.55517E-03, -1.51908E-03, -1.46987E-03, -1.40589E-03, -1.32610E-03, -1.23017E-03, -1.11851E-03, -9.92193E-04, -8.52875E-04, -7.02678E-04, -5.44040E-04, -3.79567E-04, -2.11898E-04, -4.35897E-05,  1.22982E-04,  2.85689E-04,  4.42691E-04,  5.92467E-04,  7.33808E-04,  8.65812E-04,  9.87861E-04,  1.09959E-03,  1.20086E-03,  1.29172E-03,  1.37238E-03,
 -1.99102E-03, -2.00226E-03, -2.00978E-03, -2.01326E-03, -2.01247E-03, -2.00722E-03, -1.99742E-03, -1.98311E-03, -1.96448E-03, -1.94187E-03, -1.91583E-03, -1.88712E-03, -1.85670E-03, -1.82572E-03, -1.79547E-03, -1.76728E-03, -1.74249E-03, -1.72223E-03, -1.70733E-03, -1.69817E-03, -1.69451E-03, -1.69542E-03, -1.69920E-03, -1.70347E-03, -1.70522E-03, -1.70107E-03, -1.68747E-03, -1.66100E-03, -1.61870E-03, -1.55827E-03, -1.47826E-03, -1.37820E-03, -1.25858E-03, -1.12080E-03, -9.67004E-04, -7.99925E-04, -6.22674E-04, -4.38540E-04, -2.50814E-04, -6.26345E-05,  1.23124E-04,  3.03933E-04,  4.77653E-04,  6.42555E-04,  7.97308E-04,  9.40960E-04,  1.07290E-03,  1.19283E-03,  1.30069E-03,  1.39665E-03,  1.48105E-03,
 -2.08194E-03, -2.09487E-03, -2.10359E-03, -2.10770E-03, -2.10688E-03, -2.10085E-03, -2.08944E-03, -2.07262E-03, -2.05056E-03, -2.02363E-03, -1.99245E-03, -1.95794E-03, -1.92131E-03, -1.88405E-03, -1.84789E-03, -1.81469E-03, -1.78635E-03, -1.76461E-03, -1.75085E-03, -1.74587E-03, -1.74966E-03, -1.76127E-03, -1.77868E-03, -1.79884E-03, -1.81781E-03, -1.83104E-03, -1.83371E-03, -1.82116E-03, -1.78928E-03, -1.73491E-03, -1.65606E-03, -1.55206E-03, -1.42355E-03, -1.27239E-03, -1.10141E-03, -9.14187E-04, -7.14719E-04, -5.07198E-04, -2.95745E-04, -8.42292E-05,  1.23873E-04,  3.25564E-04,  5.18368E-04,  7.00340E-04,  8.70038E-04,  1.02649E-03,  1.16913E-03,  1.29775E-03,  1.41244E-03,  1.51351E-03,  1.60148E-03,
 -2.17827E-03, -2.19314E-03, -2.20326E-03, -2.20810E-03, -2.20721E-03, -2.20018E-03, -2.18673E-03, -2.16673E-03, -2.14027E-03, -2.10771E-03, -2.06974E-03, -2.02743E-03, -1.98227E-03, -1.93615E-03, -1.89137E-03, -1.85049E-03, -1.81622E-03, -1.79113E-03, -1.77745E-03, -1.77665E-03, -1.78918E-03, -1.81416E-03, -1.84922E-03, -1.89048E-03, -1.93277E-03, -1.96992E-03, -1.99533E-03, -2.00257E-03, -1.98597E-03, -1.94113E-03, -1.86534E-03, -1.75769E-03, -1.61909E-03, -1.45205E-03, -1.26039E-03, -1.04882E-03, -8.22570E-04, -5.87001E-04, -3.47300E-04, -1.08244E-04,  1.25964E-04,  3.51788E-04,  5.66385E-04,  7.67597E-04,  9.53902E-04,  1.12435E-03,  1.27847E-03,  1.41621E-03,  1.53785E-03,  1.64393E-03,  1.73517E-03,
 -2.28053E-03, -2.29768E-03, -2.30945E-03, -2.31517E-03, -2.31422E-03, -2.30601E-03, -2.29007E-03, -2.26613E-03, -2.23414E-03, -2.19437E-03, -2.14754E-03, -2.09486E-03, -2.03810E-03, -1.97964E-03, -1.92247E-03, -1.87007E-03, -1.82623E-03, -1.79478E-03, -1.77914E-03, -1.78192E-03, -1.80431E-03, -1.84576E-03, -1.90355E-03, -1.97279E-03, -2.04660E-03, -2.11659E-03, -2.17365E-03, -2.20883E-03, -2.21421E-03, -2.18372E-03, -2.11360E-03, -2.00271E-03, -1.85238E-03, -1.66614E-03, -1.44918E-03, -1.20784E-03, -9.48968E-04, -6.79492E-04, -4.05959E-04, -1.34265E-04,  1.30525E-04,  3.84263E-04,  6.23728E-04,  8.46574E-04,  1.05125E-03,  1.23689E-03,  1.40321E-03,  1.55039E-03,  1.67897E-03,  1.78976E-03,  1.88378E-03,
 -2.38926E-03, -2.40912E-03, -2.42291E-03, -2.42978E-03, -2.42886E-03, -2.41933E-03, -2.40048E-03, -2.37178E-03, -2.33295E-03, -2.28411E-03, -2.22589E-03, -2.15958E-03, -2.08722E-03, -2.01173E-03, -1.93694E-03, -1.86751E-03, -1.80871E-03, -1.76609E-03, -1.74493E-03, -1.74953E-03, -1.78246E-03, -1.84383E-03, -1.93072E-03, -2.03697E-03, -2.15341E-03, -2.26855E-03, -2.36966E-03, -2.44414E-03, -2.48088E-03, -2.47137E-03, -2.41052E-03, -2.29690E-03, -2.13259E-03, -1.92262E-03, -1.67423E-03, -1.39598E-03, -1.09699E-03, -7.86215E-04, -4.71938E-04, -1.61431E-04,  1.39238E-04,  4.25258E-04,  6.93039E-04,  9.40110E-04,  1.16498E-03,  1.36696E-03,  1.54607E-03,  1.70281E-03,  1.83810E-03,  1.95310E-03,  2.04919E-03,
 -2.50508E-03, -2.52821E-03, -2.54453E-03, -2.55293E-03, -2.55226E-03, -2.54140E-03, -2.51927E-03, -2.48498E-03, -2.43789E-03, -2.37781E-03, -2.30516E-03, -2.22116E-03, -2.12806E-03, -2.02932E-03, -1.92974E-03, -1.83542E-03, -1.75365E-03, -1.69239E-03, -1.65962E-03, -1.66233E-03, -1.70536E-03, -1.79019E-03, -1.91401E-03, -2.06917E-03, -2.24341E-03, -2.42080E-03, -2.58337E-03, -2.71320E-03, -2.79448E-03, -2.81526E-03, -2.76859E-03, -2.65283E-03, -2.47132E-03, -2.23141E-03, -1.94330E-03, -1.61877E-03, -1.26997E-03, -9.08543E-04, -5.44981E-04, -1.88208E-04,  1.54568E-04,  4.77856E-04,  7.77757E-04,  1.05178E-03,  1.29864E-03,  1.51799E-03,  1.71025E-03,  1.87643E-03,  2.01789E-03,  2.13629E-03,  2.23344E-03,
 -2.62862E-03, -2.65575E-03, -2.67527E-03, -2.68579E-03, -2.68580E-03, -2.67376E-03, -2.64813E-03, -2.60749E-03, -2.55066E-03, -2.47693E-03, -2.38627E-03, -2.27963E-03, -2.15927E-03, -2.02910E-03, -1.89493E-03, -1.76466E-03, -1.64812E-03, -1.55663E-03, -1.50214E-03, -1.49579E-03, -1.54617E-03, -1.65743E-03, -1.82751E-03, -2.04716E-03, -2.29996E-03, -2.56361E-03, -2.81243E-03, -3.02056E-03, -3.16521E-03, -3.22945E-03, -3.20377E-03, -3.08654E-03, -2.88320E-03, -2.60472E-03, -2.26570E-03, -1.88243E-03, -1.47127E-03, -1.04739E-03, -6.24031E-04, -2.12064E-04,  1.80062E-04,  5.46216E-04,  8.82329E-04,  1.18609E-03,  1.45659E-03,  1.69405E-03,  1.89951E-03,  2.07459E-03,  2.22132E-03,  2.34193E-03,  2.43876E-03,
 -2.76059E-03, -2.79262E-03, -2.81624E-03, -2.82970E-03, -2.83107E-03, -2.81829E-03, -2.78918E-03, -2.74162E-03, -2.67364E-03, -2.58370E-03, -2.47098E-03, -2.33579E-03, -2.18004E-03, -2.00782E-03, -1.82588E-03, -1.64409E-03, -1.47547E-03, -1.33592E-03, -1.24306E-03, -1.21444E-03, -1.26487E-03, -1.40332E-03, -1.63000E-03, -1.93424E-03, -2.29407E-03, -2.67804E-03, -3.04889E-03, -3.36869E-03, -3.60415E-03, -3.73090E-03, -3.73596E-03, -3.61808E-03, -3.38631E-03, -3.05727E-03, -2.65213E-03, -2.19366E-03, -1.70394E-03, -1.20276E-03, -7.06746E-04, -2.29009E-04,  2.20748E-04,  6.35906E-04,  1.01248E-03,  1.34861E-03,  1.64410E-03,  1.89999E-03,  2.11819E-03,  2.30116E-03,  2.45173E-03,  2.57286E-03,  2.66756E-03,
 -2.90166E-03, -2.93973E-03, -2.96862E-03, -2.98617E-03, -2.98994E-03, -2.97722E-03, -2.94506E-03, -2.89036E-03, -2.81007E-03, -2.70140E-03, -2.56224E-03, -2.39167E-03, -2.19064E-03, -1.96281E-03, -1.71549E-03, -1.46044E-03, -1.21447E-03, -9.99362E-04, -8.40845E-04, -7.66182E-04, -8.00361E-04, -9.61164E-04, -1.25399E-03, -1.66780E-03, -2.17359E-03, -2.72658E-03, -3.27193E-03, -3.75304E-03, -4.12030E-03, -4.33804E-03, -4.38839E-03, -4.27137E-03, -4.00207E-03, -3.60604E-03, -3.11430E-03, -2.55895E-03, -1.96992E-03, -1.37296E-03, -7.88797E-04, -2.32983E-04,  2.83644E-04,  7.54305E-04,  1.17550E-03,  1.54628E-03,  1.86754E-03,  2.14152E-03,  2.37130E-03,  2.56045E-03,  2.71279E-03,  2.83219E-03,  2.92240E-03,
 -3.05250E-03, -3.09801E-03, -3.13365E-03, -3.15682E-03, -3.16450E-03, -3.15319E-03, -3.11897E-03, -3.05752E-03, -2.96428E-03, -2.83469E-03, -2.66466E-03, -2.45116E-03, -2.19314E-03, -1.89276E-03, -1.55683E-03, -1.19839E-03, -8.38129E-04, -5.05087E-04, -2.36063E-04, -7.28871E-05, -5.71251E-05, -2.22349E-04, -5.85166E-04, -1.13728E-03, -1.84147E-03, -2.63369E-03, -3.43198E-03, -4.15014E-03, -4.71249E-03, -5.06569E-03, -5.18470E-03, -5.07234E-03, -4.75387E-03, -4.26897E-03, -3.66361E-03, -2.98333E-03, -2.26880E-03, -1.55346E-03, -8.62847E-04, -2.15023E-04,  3.78410E-04,  9.11075E-04,  1.38060E-03,  1.78754E-03,  2.13446E-03,  2.42524E-03,  2.66451E-03,  2.85724E-03,  3.00849E-03,  3.12317E-03,  3.20592E-03,
 -3.21374E-03, -3.26835E-03, -3.31259E-03, -3.34337E-03, -3.35702E-03, -3.34915E-03, -3.31468E-03, -3.24774E-03, -3.14182E-03, -2.98994E-03, -2.78505E-03, -2.52078E-03, -2.19247E-03, -1.79885E-03, -1.34417E-03, -8.40894E-04, -3.12520E-04,  2.04014E-04,  6.57554E-04,  9.84998E-04,  1.11804E-03,  9.94897E-04,  5.75762E-04, -1.41792E-04, -1.11290E-03, -2.24619E-03, -3.41718E-03, -4.49147E-03, -5.35053E-03, -5.91216E-03, -6.14028E-03, -6.04310E-03, -5.66284E-03, -5.06166E-03, -4.30828E-03, -3.46781E-03, -2.59567E-03, -1.73510E-03, -9.17157E-04, -1.62196E-04,  5.18116E-04,  1.11870E-03,  1.63924E-03,  2.08261E-03,  2.45374E-03,  2.75872E-03,  3.00416E-03,  3.19677E-03,  3.34307E-03,  3.44920E-03,  3.52080E-03,
 -3.38584E-03, -3.45155E-03, -3.50663E-03, -3.54754E-03, -3.56989E-03, -3.56835E-03, -3.53646E-03, -3.46655E-03, -3.34962E-03, -3.17549E-03, -2.93299E-03, -2.61062E-03, -2.19774E-03, -1.68648E-03, -1.07470E-03, -3.70111E-04,  4.04585E-04,  1.20619E-03,  1.96680E-03,  2.59359E-03,  2.97577E-03,  3.00145E-03,  2.58370E-03,  1.69055E-03,  3.68084E-04, -1.25471E-03, -2.98573E-03, -4.60982E-03, -5.93538E-03, -6.83119E-03, -7.24300E-03, -7.18860E-03, -6.73833E-03, -5.99024E-03, -5.04796E-03, -4.00523E-03, -2.93787E-03, -1.90162E-03, -9.33732E-04, -5.62894E-05,  7.20124E-04,  1.39305E-03,  1.96544E-03,  2.44356E-03,  2.83557E-03,  3.15040E-03,  3.39714E-03,  3.58457E-03,  3.72092E-03,  3.81369E-03,  3.86964E-03,
 -3.56914E-03, -3.64820E-03, -3.71679E-03, -3.77090E-03, -3.80546E-03, -3.81413E-03, -3.78899E-03, -3.72025E-03, -3.59598E-03, -3.40190E-03, -3.12129E-03, -2.73529E-03, -2.22382E-03, -1.56747E-03, -7.51041E-04,  2.30709E-04,  1.36464E-03,  2.60839E-03,  3.87900E-03,  5.04527E-03,  5.93090E-03,  6.33566E-03,  6.07826E-03,  5.05411E-03,  3.28845E-03,  9.58289E-04, -1.63460E-03, -4.13502E-03, -6.22186E-03, -7.67727E-03, -8.41540E-03, -8.47055E-03, -7.95969E-03, -7.03844E-03, -5.86432E-03, -4.57341E-03, -3.27005E-03, -2.02619E-03, -8.85998E-04,  1.27692E-04,  1.00701E-03,  1.75385E-03,  2.37601E-03,  2.88443E-03,  3.29143E-03,  3.60954E-03,  3.85079E-03,  4.02637E-03,  4.14641E-03,  4.21994E-03,  4.25485E-03,
 -3.76369E-03, -3.85866E-03, -3.94381E-03, -4.01477E-03, -4.06585E-03, -4.08974E-03, -4.07702E-03, -4.01564E-03, -3.89033E-03, -3.68183E-03, -3.36631E-03, -2.91475E-03, -2.29297E-03, -1.46272E-03, -3.84849E-04,  9.73744E-04,  2.62779E-03,  4.55455E-03,  6.66892E-03,  8.79853E-03,  1.06715E-02,  1.19348E-02,  1.22200E-02,  1.12531E-02,  8.97527E-03,  5.61418E-03,  1.65386E-03, -2.29658E-03, -5.67609E-03, -8.10748E-03, -9.44854E-03, -9.76275E-03, -9.24580E-03, -8.14661E-03, -6.70667E-03, -5.12535E-03, -3.54767E-03, -2.06723E-03, -7.36159E-04,  4.23071E-04,  1.40735E-03,  2.22505E-03,  2.89061E-03,  3.42105E-03,  3.83389E-03,  4.14592E-03,  4.37260E-03,  4.52781E-03,  4.62372E-03,  4.67092E-03,  4.67849E-03,
 -3.96923E-03, -4.08287E-03, -4.18800E-03, -4.27998E-03, -4.35269E-03, -4.39797E-03, -4.40502E-03, -4.35956E-03, -4.24270E-03, -4.02959E-03, -3.68766E-03, -3.17459E-03, -2.43621E-03, -1.40515E-03, -1.65869E-06,  1.86046E-03,  4.25844E-03,  7.23083E-03,  1.07302E-02,  1.45628E-02,  1.83338E-02,  2.14366E-02,  2.31358E-02,  2.27697E-02,  2.00240E-02,  1.51423E-02,  8.92130E-03,  2.45849E-03, -3.21382E-03, -7.41248E-03, -9.89486E-03, -1.07825E-02, -1.04103E-02, -9.18212E-03, -7.47246E-03, -5.57666E-03, -3.69914E-03, -1.96363E-03, -4.32594E-04,  8.72767E-04,  1.95620E-03,  2.83477E-03,  3.53143E-03,  4.07066E-03,  4.47612E-03,  4.76947E-03,  4.96991E-03,  5.09416E-03,  5.15651E-03,  5.16908E-03,  5.14206E-03,
 -4.18508E-03, -4.32031E-03, -4.44906E-03, -4.56669E-03, -4.66682E-03, -4.74075E-03, -4.77659E-03, -4.75807E-03, -4.66283E-03, -4.46008E-03, -4.10723E-03, -3.54545E-03, -2.69372E-03, -1.44225E-03,  3.53190E-04,  2.87144E-03,  6.31277E-03,  1.08603E-02,  1.66027E-02,  2.34106E-02,  3.07827E-02,  3.77270E-02,  4.28044E-02,  4.44666E-02,  4.16767E-02,  3.45174E-02,  2.43399E-02,  1.32578E-02,  3.30225E-03, -4.22285E-03, -8.90235E-03, -1.09955E-02, -1.11044E-02, -9.90399E-03, -7.98523E-03, -5.79217E-03, -3.61801E-03, -1.63071E-03,  9.19897E-05,  1.52981E-03,  2.69486E-03,  3.61475E-03,  4.32252E-03,  4.85122E-03,  5.23131E-03,  5.48965E-03,  5.64933E-03,  5.72989E-03,  5.74763E-03,  5.71607E-03,  5.64633E-03,
 -4.41011E-03, -4.56984E-03, -4.72600E-03, -4.87412E-03, -5.00795E-03, -5.11865E-03, -5.19375E-03, -5.21557E-03, -5.15882E-03, -4.98703E-03, -4.64706E-03, -4.06084E-03, -3.11346E-03, -1.63703E-03,  6.08315E-04,  3.95128E-03,  8.81266E-03,  1.56738E-02,  2.49760E-02,  3.69082E-02,  5.10537E-02,  6.59596E-02,  7.88967E-02,  8.62797E-02,  8.50413E-02,  7.44186E-02,  5.67747E-02,  3.65450E-02,  1.80767E-02,  4.01427E-03, -4.96338E-03, -9.49624E-03, -1.07573E-02, -9.93058E-03, -7.97644E-03, -5.57590E-03, -3.15812E-03, -9.58361E-04,  9.20602E-04,  2.45646E-03,  3.66960E-03,  4.59898E-03,  5.28851E-03,  5.78026E-03,  6.11165E-03,  6.31471E-03,  6.41619E-03,  6.43818E-03,  6.39870E-03,  6.31240E-03,  6.19105E-03,
 -4.64267E-03, -4.82970E-03, -5.01692E-03, -5.20040E-03, -5.37436E-03, -5.53039E-03, -5.65617E-03, -5.73353E-03, -5.73534E-03, -5.62054E-03, -5.32594E-03, -4.75297E-03, -3.74690E-03, -2.06580E-03,  6.61972E-04,  4.98945E-03,  1.17015E-02,  2.18378E-02,  3.66283E-02,  5.72191E-02,  8.39979E-02,  1.15403E-01,  1.46589E-01,  1.69308E-01,  1.74736E-01,  1.58802E-01,  1.25753E-01,  8.58845E-02,  4.93866E-02,  2.19320E-02,  4.43487E-03, -4.88592E-03, -8.53636E-03, -8.72721E-03, -7.08207E-03, -4.67111E-03, -2.13523E-03,  1.86360E-04,  2.14901E-03,  3.72123E-03,  4.92892E-03,  5.82133E-03,  6.45261E-03,  6.87329E-03,  7.12714E-03,  7.25069E-03,  7.27374E-03,  7.22033E-03,  7.10972E-03,  6.95716E-03,  6.77473E-03,
 -4.88058E-03, -5.09739E-03, -5.31902E-03, -5.54237E-03, -5.76262E-03, -5.97241E-03, -6.16047E-03, -6.30936E-03, -6.39177E-03, -6.36404E-03, -6.15493E-03, -5.64636E-03, -4.64099E-03, -2.81035E-03,  3.83962E-04,  5.80319E-03,  1.47837E-02,  2.93216E-02,  5.22271E-02,  8.70155E-02,  1.36950E-01,  2.02334E-01,  2.75864E-01,  3.39003E-01,  3.66508E-01,  3.42404E-01,  2.74540E-01,  1.89480E-01,  1.12993E-01,  5.74754E-02,  2.31445E-02,  4.76867E-03, -3.37580E-03, -5.63950E-03, -4.86730E-03, -2.77710E-03, -3.38812E-04,  1.95051E-03,  3.87893E-03,  5.39348E-03,  6.51930E-03,  7.31220E-03,  7.83406E-03,  8.14185E-03,  8.28407E-03,  8.30032E-03,  8.22234E-03,  8.07519E-03,  7.87854E-03,  7.64768E-03,  7.39442E-03,
 -5.12117E-03, -5.36975E-03, -5.62855E-03, -5.89561E-03, -6.16751E-03, -6.43862E-03, -6.69968E-03, -6.93544E-03, -7.12044E-03, -7.21127E-03, -7.13231E-03, -6.74985E-03, -5.82636E-03, -3.94263E-03, -3.70100E-04,  6.13526E-03,  1.76663E-02,  3.76998E-02,  7.18768E-02,  1.28777E-01,  2.19474E-01,  3.52882E-01,  5.23093E-01,  6.91489E-01,  7.86294E-01,  7.49240E-01,  5.95718E-01,  4.01937E-01,  2.35859E-01,  1.22507E-01,  5.61612E-02,  2.16733E-02,  5.84117E-03, -1.97741E-06, -8.89075E-04,  4.14132E-04,  2.44536E-03,  4.48027E-03,  6.20748E-03,  7.53575E-03,  8.47945E-03,  9.09432E-03,  9.44502E-03,  9.59127E-03,  9.58338E-03,  9.46187E-03,  9.25865E-03,  8.99851E-03,  8.70053E-03,  8.37920E-03,  8.04546E-03,
 -5.36132E-03, -5.64301E-03, -5.94092E-03, -6.25447E-03, -6.58207E-03, -6.92039E-03, -7.26312E-03, -7.59864E-03, -7.90556E-03, -8.14408E-03, -8.23917E-03, -8.04849E-03, -7.30319E-03, -5.50211E-03, -1.72692E-03,  5.68496E-03,  1.97423E-02,  4.59400E-02,  9.43378E-02,  1.82755E-01,  3.39638E-01,  6.00325E-01,  9.81925E-01,  1.42110E+00,  1.71831E+00,  1.65742E+00,  1.27397E+00,  8.13724E-01,  4.54064E-01,  2.29731E-01,  1.07756E-01,  4.73918E-02,  1.98629E-02,  8.66853E-03,  5.21053E-03,  5.16904E-03,  6.40684E-03,  7.90278E-03,  9.21462E-03,  1.01947E-02,  1.08339E-02,  1.11781E-02,  1.12873E-02,  1.12183E-02,  1.10191E-02,  1.07280E-02,  1.03748E-02,  9.98247E-03,  9.56816E-03,  9.14468E-03,  8.72137E-03,
 -5.59757E-03, -5.91293E-03, -6.25085E-03, -6.61235E-03, -6.99789E-03, -7.40693E-03, -7.83682E-03, -8.28074E-03, -8.72337E-03, -9.13184E-03, -9.43729E-03, -9.49800E-03, -9.02881E-03, -7.47016E-03, -3.74743E-03,  4.18628E-03,  2.02758E-02,  5.23297E-02,  1.16139E-01,  2.43287E-01,  4.93090E-01,  9.62612E-01,  1.76572E+00,  2.89118E+00,  3.84452E+00,  3.71791E+00,  2.63549E+00,  1.52855E+00,  7.90091E-01,  3.81306E-01,  1.76914E-01,  8.11780E-02,  3.84780E-02,  2.04609E-02,  1.36225E-02,  1.16748E-02,  1.16883E-02,  1.23105E-02,  1.29516E-02,  1.33926E-02,  1.35867E-02,  1.35572E-02,  1.33493E-02,  1.30093E-02,  1.25770E-02,  1.20849E-02,  1.15580E-02,  1.10153E-02,  1.04708E-02,  9.93463E-03,  9.41375E-03,
 -5.82629E-03, -6.17500E-03, -6.55269E-03, -6.96201E-03, -7.40564E-03, -7.88598E-03, -8.40442E-03, -8.95966E-03, -9.54376E-03, -1.01334E-02, -1.06709E-02, -1.10248E-02, -1.09124E-02, -9.75122E-03, -6.37647E-03,  1.52347E-03,  1.86290E-02,  5.47936E-02,  1.31473E-01,  2.95577E-01,  6.46444E-01,  1.38291E+00,  2.87061E+00,  5.68568E+00,  9.62966E+00,  9.09001E+00,  5.10412E+00,  2.52736E+00,  1.19532E+00,  5.50322E-01,  2.51957E-01,  1.18546E-01,  6.01979E-02,  3.50360E-02,  2.43876E-02,  2.00506E-02,  1.83855E-02,  1.77550E-02,  1.74331E-02,  1.71207E-02,  1.67167E-02,  1.62054E-02,  1.56040E-02,  1.49383E-02,  1.42337E-02,  1.35117E-02,  1.27898E-02,  1.20810E-02,  1.13946E-02,  1.07371E-02,  1.01123E-02,
 -6.04383E-03, -6.42467E-03, -6.84070E-03, -7.29613E-03, -7.79576E-03, -8.34484E-03, -8.94874E-03, -9.61170E-03, -1.03335E-02, -1.11017E-02, -1.18728E-02, -1.25339E-02, -1.28226E-02, -1.21732E-02, -9.41647E-03, -2.16310E-03,  1.45823E-02,  5.17410E-02,  1.34150E-01,  3.18888E-01,  7.35115E-01,  1.67197E+00,  3.81500E+00,  9.62029E+00,  3.45306E+01,  2.81298E+01,  8.21066E+00,  3.37302E+00,  1.49972E+00,  6.75699E-01,  3.11511E-01,  1.52421E-01,  8.30139E-02,  5.20600E-02,  3.76164E-02,  3.04425E-02,  2.65789E-02,  2.42523E-02,  2.26347E-02,  2.13351E-02,  2.01739E-02,  1.90742E-02,  1.80075E-02,  1.69672E-02,  1.59562E-02,  1.49805E-02,  1.40466E-02,  1.31596E-02,  1.23228E-02,  1.15379E-02,  1.08050E-02,
 -6.24666E-03, -6.65760E-03, -7.10942E-03, -7.60774E-03, -8.15918E-03, -8.77151E-03, -9.45353E-03, -1.02143E-02, -1.10607E-02, -1.19903E-02, -1.29749E-02, -1.39241E-02, -1.46090E-02, -1.45147E-02, -1.25505E-02, -6.45233E-03,  8.56923E-03,  4.30952E-02,  1.21407E-01,  2.99647E-01,  7.04926E-01,  1.61966E+00,  3.69707E+00,  9.08816E+00,  2.81423E+01,  2.38298E+01,  7.86246E+00,  3.33196E+00,  1.51212E+00,  7.00068E-01,  3.38269E-01,  1.78576E-01,  1.06783E-01,  7.22974E-02,  5.39665E-02,  4.32078E-02,  3.63918E-02,  3.17946E-02,  2.84913E-02,  2.59541E-02,  2.38790E-02,  2.20930E-02,  2.04996E-02,  1.90455E-02,  1.77028E-02,  1.64569E-02,  1.53000E-02,  1.42276E-02,  1.32357E-02,  1.23208E-02,  1.14783E-02,
 -6.43160E-03, -6.86985E-03, -7.35398E-03, -7.89072E-03, -8.48812E-03, -9.15581E-03, -9.90516E-03, -1.07488E-02, -1.16988E-02, -1.27609E-02, -1.39200E-02, -1.51075E-02, -1.61340E-02, -1.65556E-02, -1.54192E-02, -1.07443E-02,  1.61775E-03,  3.06661E-02,  9.65233E-02,  2.44012E-01,  5.68495E-01,  1.25761E+00,  2.63702E+00,  5.12195E+00,  8.23434E+00,  7.87822E+00,  4.74047E+00,  2.48021E+00,  1.24447E+00,  6.28492E-01,  3.38388E-01,  2.03580E-01,  1.36900E-01,  9.92840E-02,  7.53213E-02,  5.91415E-02,  4.80450E-02,  4.03552E-02,  3.48942E-02,  3.08567E-02,  2.77227E-02,  2.51702E-02,  2.30053E-02,  2.11127E-02,  1.94245E-02,  1.79009E-02,  1.65175E-02,  1.52585E-02,  1.41119E-02,  1.30680E-02,  1.21178E-02,
 -6.59583E-03, -7.05808E-03, -7.57036E-03, -8.14017E-03, -8.77651E-03, -9.49019E-03, -1.02940E-02, -1.12026E-02, -1.22308E-02, -1.33893E-02, -1.46718E-02, -1.60277E-02, -1.73038E-02, -1.81329E-02, -1.77236E-02, -1.44556E-02, -5.03732E-03,  1.73519E-02,  6.70930E-02,  1.73914E-01,  3.94544E-01,  8.20832E-01,  1.55418E+00,  2.56747E+00,  3.41520E+00,  3.36431E+00,  2.49758E+00,  1.55467E+00,  9.02159E-01,  5.36641E-01,  3.50742E-01,  2.51875E-01,  1.88568E-01,  1.41347E-01,  1.05512E-01,  7.96492E-02,  6.18649E-02,  4.98712E-02,  4.16808E-02,  3.58806E-02,  3.15684E-02,  2.81965E-02,  2.54384E-02,  2.31002E-02,  2.10667E-02,  1.92690E-02,  1.76641E-02,  1.62241E-02,  1.49284E-02,  1.37610E-02,  1.27082E-02,
 -6.73708E-03, -7.21963E-03, -7.75546E-03, -8.35254E-03, -9.02034E-03, -9.77011E-03, -1.06150E-02, -1.15701E-02, -1.26506E-02, -1.38684E-02, -1.52212E-02, -1.66695E-02, -1.80890E-02, -1.91804E-02, -1.93082E-02, -1.72083E-02, -1.04356E-02,  5.73613E-03,  4.04362E-02,  1.10647E-01,  2.44554E-01,  4.78221E-01,  8.31045E-01,  1.24798E+00,  1.55367E+00,  1.55944E+00,  1.28612E+00,  9.39029E-01,  6.78335E-01,  5.31378E-01,  4.47565E-01,  3.73601E-01,  2.92254E-01,  2.13792E-01,  1.50790E-01,  1.06702E-01,  7.81905E-02,  6.01963E-02,  4.86211E-02,  4.08223E-02,  3.52564E-02,  3.10496E-02,  2.77047E-02,  2.49350E-02,  2.25723E-02,  2.05159E-02,  1.87039E-02,  1.70956E-02,  1.56622E-02,  1.43813E-02,  1.32346E-02,
 -6.85354E-03, -7.35251E-03, -7.90716E-03, -8.52565E-03, -9.21753E-03, -9.99393E-03, -1.08676E-02, -1.18524E-02, -1.29624E-02, -1.42076E-02, -1.55850E-02, -1.70597E-02, -1.85260E-02, -1.97379E-02, -2.01892E-02, -1.89166E-02, -1.41691E-02, -2.84547E-03,  2.04173E-02,  6.43607E-02,  1.41272E-01,  2.63031E-01,  4.28938E-01,  6.08148E-01,  7.38787E-01,  7.70926E-01,  7.23172E-01,  6.73261E-01,  6.83374E-01,  7.38400E-01,  7.53351E-01,  6.64497E-01,  5.02495E-01,  3.40271E-01,  2.19120E-01,  1.42199E-01,  9.70849E-02,  7.10076E-02,  5.53981E-02,  4.54393E-02,  3.86104E-02,  3.36005E-02,  2.97083E-02,  2.65441E-02,  2.38845E-02,  2.15973E-02,  1.96018E-02,  1.78453E-02,  1.62911E-02,  1.49112E-02,  1.36829E-02,
 -6.94391E-03, -7.45537E-03, -8.02416E-03, -8.65844E-03, -9.36761E-03, -1.01623E-02, -1.10543E-02, -1.20559E-02, -1.31784E-02, -1.44284E-02, -1.57993E-02, -1.72557E-02, -1.87018E-02, -1.99278E-02, -2.05239E-02, -1.97505E-02, -1.63550E-02, -8.32080E-03,  7.42994E-03,  3.52003E-02,  7.99685E-02,  1.45079E-01,  2.27747E-01,  3.15491E-01,  3.91538E-01,  4.53966E-01,  5.35578E-01,  6.99697E-01,  9.95795E-01,  1.36068E+00,  1.53635E+00,  1.32425E+00,  9.09145E-01,  5.47928E-01,  3.15729E-01,  1.86017E-01,  1.17701E-01,  8.16418E-02,  6.15794E-02,  4.94535E-02,  4.14451E-02,  3.57208E-02,  3.13562E-02,  2.78582E-02,  2.49505E-02,  2.24722E-02,  2.03257E-02,  1.84478E-02,  1.67951E-02,  1.53347E-02,  1.40403E-02,
 -7.00730E-03, -7.52737E-03, -8.10579E-03, -8.75066E-03, -9.47110E-03, -1.02772E-02, -1.11797E-02, -1.21893E-02, -1.33144E-02, -1.45578E-02, -1.59087E-02, -1.73288E-02, -1.87258E-02, -1.99121E-02, -2.05406E-02, -2.00199E-02, -1.74131E-02, -1.13429E-02,  5.21371E-05,  1.89960E-02,  4.75915E-02,  8.68291E-02,  1.35585E-01,  1.91643E-01,  2.58108E-01,  3.56808E-01,  5.45483E-01,  9.34073E-01,  1.68377E+00,  2.83756E+00,  3.57921E+00,  2.80771E+00,  1.61781E+00,  8.39622E-01,  4.31470E-01,  2.32458E-01,  1.37368E-01,  9.08950E-02,  6.65873E-02,  5.25568E-02,  4.35775E-02,  3.72911E-02,  3.25655E-02,  2.88168E-02,  2.57249E-02,  2.31058E-02,  2.08485E-02,  1.88820E-02,  1.71575E-02,  1.56386E-02,  1.42962E-02,
 -7.04316E-03, -7.56804E-03, -8.15180E-03, -8.80246E-03, -9.52894E-03, -1.03409E-02, -1.12485E-02, -1.22609E-02, -1.33850E-02, -1.46207E-02, -1.59542E-02, -1.73442E-02, -1.86993E-02, -1.98428E-02, -2.04611E-02, -2.00419E-02, -1.78130E-02, -1.27098E-02, -3.41742E-03,  1.14603E-02,  3.30793E-02,  6.20441E-02,  9.87777E-02,  1.46099E-01,  2.16266E-01,  3.44837E-01,  6.15650E-01,  1.21672E+00,  2.60153E+00,  5.99417E+00,  1.09341E+01,  5.98008E+00,  2.52886E+00,  1.12629E+00,  5.29189E-01,  2.68059E-01,  1.51361E-01,  9.70571E-02,  6.97454E-02,  5.44418E-02,  4.48445E-02,  3.82129E-02,  3.32705E-02,  2.93733E-02,  2.61732E-02,  2.34717E-02,  2.11499E-02,  1.91319E-02,  1.73658E-02,  1.58130E-02,  1.44430E-02,
 -7.05122E-03, -7.57716E-03, -8.16211E-03, -8.81405E-03, -9.54185E-03, -1.03551E-02, -1.12637E-02, -1.22766E-02, -1.34002E-02, -1.46339E-02, -1.59628E-02, -1.73450E-02, -1.86893E-02, -1.98210E-02, -2.04340E-02, -2.00333E-02, -1.78817E-02, -1.29803E-02, -4.12265E-03,  9.93374E-03,  3.01912E-02,  5.72437E-02,  9.19046E-02,  1.38069E-01,  2.09952E-01,  3.46461E-01,  6.39260E-01,  1.30418E+00,  2.93364E+00,  8.00992E+00,  2.62250E+01,  8.02269E+00,  2.85841E+00,  1.21160E+00,  5.55789E-01,  2.77283E-01,  1.54861E-01,  9.85520E-02,  7.04915E-02,  5.48789E-02,  4.51350E-02,  3.84230E-02,  3.34306E-02,  2.94994E-02,  2.62747E-02,  2.35545E-02,  2.12180E-02,  1.91884E-02,  1.74129E-02,  1.58524E-02,  1.44761E-02,
 -7.03140E-03, -7.55470E-03, -8.13672E-03, -8.78550E-03, -9.51003E-03, -1.03201E-02, -1.12261E-02, -1.22378E-02, -1.33624E-02, -1.46010E-02, -1.59408E-02, -1.73415E-02, -1.87117E-02, -1.98710E-02, -2.04951E-02, -2.00461E-02, -1.76986E-02, -1.22889E-02, -2.33326E-03,  1.38111E-02,  3.75636E-02,  6.95924E-02,  1.09774E-01,  1.59313E-01,  2.27546E-01,  3.45326E-01,  5.86461E-01,  1.10619E+00,  2.21882E+00,  4.40659E+00,  6.41877E+00,  4.38070E+00,  2.14956E+00,  1.01686E+00,  4.93484E-01,  2.55378E-01,  1.46468E-01,  9.49378E-02,  6.86745E-02,  5.38090E-02,  4.44216E-02,  3.79062E-02,  3.30363E-02,  2.91887E-02,  2.60246E-02,  2.33505E-02,  2.10500E-02,  1.90492E-02,  1.72969E-02,  1.57553E-02,  1.43944E-02,
 -6.98386E-03, -7.50076E-03, -8.07565E-03, -8.71666E-03, -9.43302E-03, -1.02351E-02, -1.11339E-02, -1.21410E-02, -1.32658E-02, -1.45127E-02, -1.58727E-02, -1.73087E-02, -1.87277E-02, -1.99340E-02, -2.05578E-02, -1.99539E-02, -1.70717E-02, -1.03092E-02,  2.60881E-03,  2.45831E-02,  5.85923E-02,  1.06223E-01,  1.65545E-01,  2.30766E-01,  2.98330E-01,  3.81494E-01,  5.26427E-01,  8.16861E-01,  1.34519E+00,  2.06111E+00,  2.45609E+00,  2.03042E+00,  1.27652E+00,  7.08289E-01,  3.81715E-01,  2.13143E-01,  1.29410E-01,  8.72418E-02,  6.46497E-02,  5.13725E-02,  4.27702E-02,  3.66992E-02,  3.21109E-02,  2.84570E-02,  2.54346E-02,  2.28684E-02,  2.06527E-02,  1.87195E-02,  1.70220E-02,  1.55250E-02,  1.42006E-02,
 -6.90899E-03, -7.41565E-03, -7.97903E-03, -8.60730E-03, -9.30995E-03, -1.00979E-02, -1.09832E-02, -1.19791E-02, -1.30980E-02, -1.43480E-02, -1.57245E-02, -1.71925E-02, -1.86531E-02, -1.98830E-02, -2.04358E-02, -1.94867E-02, -1.55958E-02, -6.34815E-03,  1.21453E-02,  4.56989E-02,  1.01642E-01,  1.85788E-01,  2.95339E-01,  4.11193E-01,  5.02099E-01,  5.50639E-01,  5.82100E-01,  6.57339E-01,  8.20521E-01,  1.02609E+00,  1.11635E+00,  9.78857E-01,  7.05398E-01,  4.48600E-01,  2.71371E-01,  1.66610E-01,  1.08867E-01,  7.72167E-02,  5.90644E-02,  4.78440E-02,  4.03183E-02,  3.48821E-02,  3.07063E-02,  2.73410E-02,  2.45315E-02,  2.21287E-02,  2.00417E-02,  1.82117E-02,  1.65977E-02,  1.51689E-02,  1.39005E-02,
 -6.80747E-03, -7.29998E-03, -7.84726E-03, -8.45741E-03, -9.13999E-03, -9.90623E-03, -1.07692E-02, -1.17433E-02, -1.28433E-02, -1.40803E-02, -1.54522E-02, -1.69227E-02, -1.83795E-02, -1.95562E-02, -1.98955E-02, -1.83154E-02, -1.27941E-02,  3.90919E-04,  2.80020E-02,  8.17322E-02,  1.79277E-01,  3.40051E-01,  5.68098E-01,  8.22120E-01,  1.00468E+00,  1.02605E+00,  9.02970E-01,  7.46267E-01,  6.48216E-01,  6.14692E-01,  5.86253E-01,  5.11190E-01,  3.95464E-01,  2.78216E-01,  1.86831E-01,  1.26039E-01,  8.87812E-02,  6.63954E-02,  5.25686E-02,  4.35379E-02,  3.72405E-02,  3.25638E-02,  2.88967E-02,  2.58938E-02,  2.33550E-02,  2.11616E-02,  1.92404E-02,  1.75438E-02,  1.60384E-02,  1.46985E-02,  1.35031E-02,
 -6.68036E-03, -7.15479E-03, -7.68124E-03, -8.26752E-03, -8.92295E-03, -9.65867E-03, -1.04878E-02, -1.14254E-02, -1.24869E-02, -1.36840E-02, -1.50133E-02, -1.64316E-02, -1.78033E-02, -1.88022E-02, -1.87288E-02, -1.61727E-02, -8.34298E-03,  1.03312E-02,  5.10529E-02,  1.35691E-01,  3.02875E-01,  6.07449E-01,  1.09183E+00,  1.69764E+00,  2.15939E+00,  2.14912E+00,  1.70005E+00,  1.15545E+00,  7.50184E-01,  5.15685E-01,  3.89919E-01,  3.08316E-01,  2.39117E-01,  1.78028E-01,  1.29247E-01,  9.42909E-02,  7.09448E-02,  5.57336E-02,  4.56769E-02,  3.87511E-02,  3.37225E-02,  2.98688E-02,  2.67700E-02,  2.41801E-02,  2.19540E-02,  2.00046E-02,  1.82782E-02,  1.67392E-02,  1.53624E-02,  1.41282E-02,  1.30200E-02,
 -6.52915E-03, -6.98169E-03, -7.48261E-03, -8.03914E-03, -8.65992E-03, -9.35537E-03, -1.01378E-02, -1.10212E-02, -1.20196E-02, -1.31420E-02, -1.43789E-02, -1.56729E-02, -1.68561E-02, -1.75292E-02, -1.68315E-02, -1.29862E-02, -2.32796E-03,  2.29119E-02,  7.95897E-02,  2.03819E-01,  4.68093E-01,  1.00068E+00,  1.97644E+00,  3.45966E+00,  4.85581E+00,  4.74062E+00,  3.29987E+00,  1.92002E+00,  1.04193E+00,  5.71469E-01,  3.40173E-01,  2.26050E-01,  1.62498E-01,  1.20869E-01,  9.12839E-02,  7.02759E-02,  5.57152E-02,  4.57251E-02,  3.87685E-02,  3.37471E-02,  2.99467E-02,  2.69267E-02,  2.44211E-02,  2.22714E-02,  2.03834E-02,  1.87008E-02,  1.71887E-02,  1.58242E-02,  1.45907E-02,  1.34748E-02,  1.24646E-02,
 -6.35587E-03, -6.78295E-03, -7.25390E-03, -7.77501E-03, -8.35378E-03, -8.99915E-03, -9.72151E-03, -1.05322E-02, -1.14413E-02, -1.24515E-02, -1.35425E-02, -1.46369E-02, -1.55282E-02, -1.57413E-02, -1.42594E-02, -8.96749E-03,  4.59533E-03,  3.62151E-02,  1.08109E-01,  2.70802E-01,  6.35422E-01,  1.43487E+00,  3.13686E+00,  6.71519E+00,  1.30965E+01,  1.21552E+01,  6.04962E+00,  2.89117E+00,  1.38081E+00,  6.66890E-01,  3.39843E-01,  1.92027E-01,  1.22654E-01,  8.66143E-02,  6.54591E-02,  5.19211E-02,  4.28585E-02,  3.66025E-02,  3.21206E-02,  2.87519E-02,  2.60834E-02,  2.38644E-02,  2.19460E-02,  2.02414E-02,  1.87006E-02,  1.72949E-02,  1.60075E-02,  1.48274E-02,  1.37461E-02,  1.27564E-02,  1.18515E-02,
 -6.16300E-03, -6.56152E-03, -6.99859E-03, -7.47926E-03, -8.00942E-03, -8.59585E-03, -9.24597E-03, -9.96696E-03, -1.07628E-02, -1.16270E-02, -1.25251E-02, -1.33568E-02, -1.38780E-02, -1.35487E-02, -1.12360E-02, -4.59975E-03,  1.12991E-02,  4.73616E-02,  1.28615E-01,  3.13097E-01,  7.33261E-01,  1.68892E+00,  3.90775E+00,  1.02122E+01,  4.50520E+01,  3.46138E+01,  8.65958E+00,  3.48221E+00,  1.54815E+00,  7.03644E-01,  3.31254E-01,  1.68345E-01,  9.64143E-02,  6.31804E-02,  4.65661E-02,  3.74647E-02,  3.20200E-02,  2.84687E-02,  2.59328E-02,  2.39520E-02,  2.22833E-02,  2.07995E-02,  1.94360E-02,  1.81614E-02,  1.69618E-02,  1.58320E-02,  1.47706E-02,  1.37773E-02,  1.28515E-02,  1.19918E-02,  1.11959E-02,
 -5.95355E-03, -6.32102E-03, -6.72109E-03, -7.15734E-03, -7.63368E-03, -8.15420E-03, -8.72262E-03, -9.34087E-03, -1.00055E-02, -1.06994E-02, -1.13729E-02, -1.19043E-02, -1.20208E-02, -1.11448E-02, -8.09826E-03, -4.99381E-04,  1.65754E-02,  5.37532E-02,  1.34857E-01,  3.13768E-01,  7.09931E-01,  1.58174E+00,  3.49505E+00,  8.01218E+00,  1.93760E+01,  1.72480E+01,  6.99341E+00,  3.08433E+00,  1.39762E+00,  6.32423E-01,  2.89603E-01,  1.38912E-01,  7.32951E-02,  4.45339E-02,  3.16817E-02,  2.57725E-02,  2.29141E-02,  2.13673E-02,  2.03432E-02,  1.94921E-02,  1.86716E-02,  1.78342E-02,  1.69731E-02,  1.60971E-02,  1.52197E-02,  1.43542E-02,  1.35120E-02,  1.27017E-02,  1.19296E-02,  1.11993E-02,  1.05126E-02,
 -5.73085E-03, -6.06557E-03, -6.42655E-03, -6.81577E-03, -7.23497E-03, -7.68528E-03, -8.16638E-03, -8.67459E-03, -9.19872E-03, -9.71119E-03, -1.01490E-02, -1.03754E-02, -1.01040E-02, -8.75753E-03, -5.19949E-03,  2.78923E-03,  1.96172E-02,  5.43503E-02,  1.26186E-01,  2.75718E-01,  5.85112E-01,  1.20674E+00,  2.37766E+00,  4.29631E+00,  6.33813E+00,  6.08317E+00,  3.90161E+00,  2.08416E+00,  1.02331E+00,  4.79891E-01,  2.20675E-01,  1.02703E-01,  5.07451E-02,  2.85453E-02,  1.95324E-02,  1.62618E-02,  1.53662E-02,  1.53166E-02,  1.54413E-02,  1.54761E-02,  1.53450E-02,  1.50514E-02,  1.46262E-02,  1.41050E-02,  1.35205E-02,  1.28993E-02,  1.22625E-02,  1.16259E-02,  1.10010E-02,  1.03959E-02,  9.81579E-03,
 -5.49851E-03, -5.79963E-03, -6.12060E-03, -6.46175E-03, -6.82265E-03, -7.20153E-03, -7.59413E-03, -7.99149E-03, -8.37549E-03, -8.70996E-03, -8.92276E-03, -8.87069E-03, -8.27337E-03, -6.59225E-03, -2.81261E-03,  4.95914E-03,  2.02814E-02,  4.99755E-02,  1.07303E-01,  2.17551E-01,  4.25267E-01,  7.95980E-01,  1.38819E+00,  2.14505E+00,  2.71973E+00,  2.63138E+00,  1.94762E+00,  1.18402E+00,  6.33873E-01,  3.12493E-01,  1.45916E-01,  6.60650E-02,  3.00909E-02,  1.50917E-02,  9.76654E-03,  8.69191E-03,  9.27889E-03,  1.03154E-02,  1.12747E-02,  1.19695E-02,  1.23706E-02,  1.25127E-02,  1.24488E-02,  1.22306E-02,  1.19022E-02,  1.14991E-02,  1.10487E-02,  1.05719E-02,  1.00842E-02,  9.59705E-03,  9.11846E-03,
 -5.26019E-03, -5.52777E-03, -5.80898E-03, -6.10261E-03, -6.40628E-03, -6.71560E-03, -7.02291E-03, -7.31490E-03, -7.56818E-03, -7.74101E-03, -7.75743E-03, -7.47775E-03, -6.64488E-03, -4.79039E-03, -1.07435E-03,  5.98788E-03,  1.90039E-02,  4.25558E-02,  8.46325E-02,  1.58554E-01,  2.83903E-01,  4.81593E-01,  7.54068E-01,  1.04724E+00,  1.23109E+00,  1.18249E+00,  9.25603E-01,  6.07712E-01,  3.47671E-01,  1.78540E-01,  8.34878E-02,  3.53832E-02,  1.33142E-02,  4.60308E-03,  2.34642E-03,  2.94589E-03,  4.57115E-03,  6.33410E-03,  7.85122E-03,  9.00088E-03,  9.78558E-03,  1.02568E-02,  1.04775E-02,  1.05067E-02,  1.03938E-02,  1.01785E-02,  9.89200E-03,  9.55807E-03,  9.19490E-03,  8.81614E-03,  8.43190E-03,
 -5.01946E-03, -5.25441E-03, -5.49721E-03, -5.74539E-03, -5.99488E-03, -6.23923E-03, -6.46822E-03, -6.66549E-03, -6.80453E-03, -6.84144E-03, -6.70191E-03, -6.25817E-03, -5.28905E-03, -3.41358E-03,  1.45986E-05,  6.06987E-03,  1.65004E-02,  3.40862E-02,  6.30866E-02,  1.09505E-01,  1.80239E-01,  2.79201E-01,  3.98786E-01,  5.10270E-01,  5.67504E-01,  5.36740E-01,  4.29409E-01,  2.93616E-01,  1.74314E-01,  9.04583E-02,  4.00854E-02,  1.34878E-02,  1.37284E-03, -2.74372E-03, -2.81947E-03, -1.11804E-03,  1.12934E-03,  3.30371E-03,  5.13996E-03,  6.56530E-03,  7.60012E-03,  8.30116E-03,  8.73270E-03,  8.95386E-03,  9.01462E-03,  8.95544E-03,  8.80839E-03,  8.59859E-03,  8.34548E-03,  8.06402E-03,  7.76560E-03,
 -4.77966E-03, -4.98361E-03, -5.19033E-03, -5.39631E-03, -5.59629E-03, -5.78237E-03, -5.94272E-03, -6.05942E-03, -6.10503E-03, -6.03667E-03, -5.78617E-03, -5.24342E-03, -4.22921E-03, -2.45285E-03,  5.49555E-04,  5.49838E-03,  1.34712E-02,  2.60009E-02,  4.51026E-02,  7.30442E-02,  1.11476E-01,  1.59470E-01,  2.10688E-01,  2.51914E-01,  2.66971E-01,  2.46768E-01,  1.97327E-01,  1.36198E-01,  8.06409E-02,  3.95757E-02,  1.37695E-02, -8.43498E-05, -5.99901E-03, -7.22532E-03, -5.99899E-03, -3.72310E-03, -1.21075E-03,  1.11565E-03,  3.07630E-03,  4.62916E-03,  5.80071E-03,  6.64462E-03,  7.21993E-03,  7.58126E-03,  7.77537E-03,  7.84078E-03,  7.80858E-03,  7.70355E-03,  7.54528E-03,  7.34915E-03,  7.12716E-03,
 -4.54372E-03, -4.71890E-03, -4.89256E-03, -5.06053E-03, -5.21676E-03, -5.35259E-03, -5.45553E-03, -5.50749E-03, -5.48196E-03, -5.33963E-03, -5.02141E-03, -4.43747E-03, -3.45052E-03, -1.85185E-03,  6.69792E-04,  4.56235E-03,  1.04358E-02,  1.90529E-02,  3.12367E-02,  4.76110E-02,  6.80744E-02,  9.10073E-02,  1.12566E-01,  1.26948E-01,  1.28508E-01,  1.15106E-01,  9.00436E-02,  6.04342E-02,  3.33032E-02,  1.27336E-02, -4.31946E-04, -7.33504E-03, -9.77315E-03, -9.42987E-03, -7.59831E-03, -5.15936E-03, -2.65255E-03, -3.67506E-04,  1.57146E-03,  3.13793E-03,  4.35603E-03,  5.27092E-03,  5.93261E-03,  6.38818E-03,  6.67887E-03,  6.83940E-03,  6.89840E-03,  6.87918E-03,  6.80054E-03,  6.67757E-03,  6.52226E-03,
 -4.31412E-03, -4.46316E-03, -4.60729E-03, -4.74193E-03, -4.86075E-03, -4.95489E-03, -5.01207E-03, -5.01509E-03, -4.93983E-03, -4.75213E-03, -4.40334E-03, -3.82381E-03, -2.91381E-03, -1.53209E-03,  5.16469E-04,  3.48887E-03,  7.69772E-03,  1.34732E-02,  2.10696E-02,  3.04919E-02,  4.12425E-02,  5.20601E-02,  6.08530E-02,  6.51080E-02,  6.28763E-02,  5.39030E-02,  4.00457E-02,  2.45064E-02,  1.03990E-02, -3.31629E-04, -7.12847E-03, -1.04202E-02, -1.10810E-02, -1.00372E-02, -8.06710E-03, -5.73732E-03, -3.41206E-03, -1.29445E-03,  5.24891E-04,  2.02513E-03,  3.22330E-03,  4.15355E-03,  4.85516E-03,  5.36638E-03,  5.72170E-03,  5.95099E-03,  6.07953E-03,  6.12835E-03,  6.11481E-03,  6.05311E-03,  5.95482E-03,
 -4.09282E-03, -4.21857E-03, -4.33690E-03, -4.44312E-03, -4.53093E-03, -4.59183E-03, -4.61433E-03, -4.58295E-03, -4.47678E-03, -4.26754E-03, -3.91702E-03, -3.37374E-03, -2.56897E-03, -1.41269E-03,  2.08594E-04,  2.42855E-03,  5.38578E-03,  9.18824E-03,  1.38491E-02,  1.91939E-02,  2.47578E-02,  2.97286E-02,  3.30207E-02,  3.35518E-02,  3.06826E-02,  2.46044E-02,  1.63928E-02,  7.63403E-03, -1.61613E-04, -6.00960E-03, -9.57868E-03, -1.10537E-02, -1.09004E-02, -9.65911E-03, -7.81552E-03, -5.74241E-03, -3.69082E-03, -1.80777E-03, -1.63690E-04,  1.22094E-03,  2.35457E-03,  3.26015E-03,  3.96631E-03,  4.50236E-03,  4.89580E-03,  5.17129E-03,  5.35028E-03,  5.45110E-03,  5.48925E-03,  5.47768E-03,  5.42714E-03,
 -3.88123E-03, -3.98664E-03, -4.08291E-03, -4.16548E-03, -4.22840E-03, -4.26384E-03, -4.26157E-03, -4.20822E-03, -4.08646E-03, -3.87387E-03, -3.54177E-03, -3.05388E-03, -2.36529E-03, -1.42242E-03, -1.65215E-04,  1.46612E-03,  3.51669E-03,  5.99183E-03,  8.82054E-03,  1.18130E-02,  1.46285E-02,  1.67829E-02,  1.77263E-02,  1.70007E-02,  1.44333E-02,  1.02703E-02,  5.15427E-03, -6.55539E-05, -4.59772E-03, -7.91422E-03, -9.82199E-03, -1.04125E-02, -9.95117E-03, -8.76628E-03, -7.16819E-03, -5.40654E-03, -3.65774E-03, -2.03141E-03, -5.85245E-04,  6.58969E-04,  1.70183E-03,  2.55645E-03,  3.24196E-03,  3.77953E-03,  4.19009E-03,  4.49318E-03,  4.70641E-03,  4.84526E-03,  4.92314E-03,  4.95153E-03,  4.94015E-03,
 -3.68029E-03, -3.76823E-03, -3.84600E-03, -3.90937E-03, -3.95292E-03, -3.96972E-03, -3.95099E-03, -3.88565E-03, -3.75988E-03, -3.55665E-03, -3.25530E-03, -2.83153E-03, -2.25776E-03, -1.50480E-03, -5.45330E-04,  6.39569E-04,  2.04972E-03,  3.65065E-03,  5.35533E-03,  7.00837E-03,  8.38230E-03,  9.19895E-03,  9.18480E-03,  8.15504E-03,  6.09877E-03,  3.22311E-03, -7.68970E-05, -3.31915E-03, -6.06328E-03, -8.01193E-03, -9.05084E-03, -9.22890E-03, -8.70321E-03, -7.67751E-03, -6.35305E-03, -4.89917E-03, -3.44186E-03, -2.06471E-03, -8.16283E-04,  2.80646E-04,  1.22068E-03,  2.00918E-03,  2.65753E-03,  3.18001E-03,  3.59180E-03,  3.90780E-03,  4.14198E-03,  4.30704E-03,  4.41428E-03,  4.47362E-03,  4.49365E-03,
 -3.49050E-03, -3.56363E-03, -3.62618E-03, -3.67432E-03, -3.70327E-03, -3.70711E-03, -3.67856E-03, -3.60875E-03, -3.48705E-03, -3.30103E-03, -3.03650E-03, -2.67804E-03, -2.21005E-03, -1.61877E-03, -8.95582E-04, -4.20841E-05,  9.22972E-04,  1.95545E-03,  2.97807E-03,  3.87683E-03,  4.50651E-03,  4.71040E-03,  4.35524E-03,  3.37494E-03,  1.80802E-03, -1.89935E-04, -2.37034E-03, -4.44717E-03, -6.16365E-03, -7.34493E-03, -7.92076E-03, -7.91734E-03, -7.42895E-03, -6.58343E-03, -5.51257E-03, -4.33241E-03, -3.13403E-03, -1.98195E-03, -9.17317E-04,  3.72134E-05,  8.72389E-04,  1.58802E-03,  2.18964E-03,  2.68605E-03,  3.08766E-03,  3.40539E-03,  3.64999E-03,  3.83157E-03,  3.95943E-03,  4.04195E-03,  4.08653E-03,
 -3.31196E-03, -3.37274E-03, -3.42295E-03, -3.45926E-03, -3.47758E-03, -3.47299E-03, -3.43963E-03, -3.37062E-03, -3.25810E-03, -3.09332E-03, -2.86705E-03, -2.57018E-03, -2.19498E-03, -1.73685E-03, -1.19699E-03, -5.85823E-04,  7.28983E-05,  7.38187E-04,  1.34939E-03,  1.82738E-03,  2.08174E-03,  2.02535E-03,  1.59531E-03,  7.75594E-04, -3.86785E-04, -1.78013E-03, -3.24496E-03, -4.60562E-03, -5.70643E-03, -6.44029E-03, -6.76181E-03, -6.68409E-03, -6.26377E-03, -5.58164E-03, -4.72468E-03, -3.77314E-03, -2.79336E-03, -1.83540E-03, -9.33819E-04, -1.10060E-04,  6.24662E-04,  1.26659E-03,  1.81711E-03,  2.28092E-03,  2.66468E-03,  2.97604E-03,  3.22299E-03,  3.41337E-03,  3.55467E-03,  3.65379E-03,  3.71702E-03,
 -3.14451E-03, -3.19507E-03, -3.23544E-03, -3.26276E-03, -3.27362E-03, -3.26403E-03, -3.22943E-03, -3.16463E-03, -3.06402E-03, -2.92174E-03, -2.73211E-03, -2.49036E-03, -2.19360E-03, -1.84233E-03, -1.44223E-03, -1.00633E-03, -5.57198E-04, -1.28441E-04,  2.35260E-04,  4.80767E-04,  5.52660E-04,  4.03123E-04,  4.22471E-06, -6.40447E-04, -1.48895E-03, -2.46265E-03, -3.45748E-03, -4.36242E-03, -5.07984E-03, -5.54157E-03, -5.71684E-03, -5.61117E-03, -5.25853E-03, -4.71026E-03, -4.02425E-03, -3.25642E-03, -2.45534E-03, -1.65982E-03, -8.98494E-04, -1.90787E-04,  4.51546E-04,  1.02274E-03,  1.52147E-03,  1.94952E-03,  2.31072E-03,  2.61014E-03,  2.85351E-03,  3.04674E-03,  3.19572E-03,  3.30602E-03,  3.38289E-03,
 -2.98774E-03, -3.02994E-03, -3.06254E-03, -3.08314E-03, -3.08898E-03, -3.07691E-03, -3.04343E-03, -2.98479E-03, -2.89711E-03, -2.77666E-03, -2.62029E-03, -2.42598E-03, -2.19371E-03, -1.92644E-03, -1.63137E-03, -1.32113E-03, -1.01480E-03, -7.38213E-04, -5.23072E-04, -4.04324E-04, -4.15522E-04, -5.82414E-04, -9.15833E-04, -1.40572E-03, -2.01841E-03, -2.69890E-03, -3.37819E-03, -3.98435E-03, -4.45429E-03, -4.74320E-03, -4.82941E-03, -4.71431E-03, -4.41821E-03, -3.97400E-03, -3.42054E-03, -2.79706E-03, -2.13926E-03, -1.47710E-03, -8.33971E-04, -2.26897E-04,  3.32786E-04,  8.38440E-04,  1.28712E-03,  1.67866E-03,  2.01483E-03,  2.29876E-03,  2.53437E-03,  2.72600E-03,  2.87816E-03,  2.99528E-03,  3.08163E-03,
 -2.84111E-03, -2.87649E-03, -2.90301E-03, -2.91870E-03, -2.92133E-03, -2.90848E-03, -2.87757E-03, -2.82593E-03, -2.75101E-03, -2.65061E-03, -2.52325E-03, -2.36860E-03, -2.18813E-03, -1.98578E-03, -1.76870E-03, -1.54787E-03, -1.33846E-03, -1.15958E-03, -1.03318E-03, -9.81912E-04, -1.02584E-03, -1.17838E-03, -1.44221E-03, -1.80622E-03, -2.24460E-03, -2.71880E-03, -3.18237E-03, -3.58766E-03, -3.89287E-03, -4.06773E-03, -4.09665E-03, -3.97898E-03, -3.72685E-03, -3.36154E-03, -2.90937E-03, -2.39809E-03, -1.85398E-03, -1.30010E-03, -7.55334E-04, -2.34189E-04,  2.52952E-04,  6.99322E-04,  1.10115E-03,  1.45704E-03,  1.76737E-03,  2.03382E-03,  2.25891E-03,  2.44574E-03,  2.59766E-03,  2.71814E-03,  2.81060E-03,
 -2.70397E-03, -2.73383E-03, -2.75561E-03, -2.76773E-03, -2.76845E-03, -2.75593E-03, -2.72831E-03, -2.68376E-03, -2.62071E-03, -2.53800E-03, -2.43518E-03, -2.31291E-03, -2.17330E-03, -2.02042E-03, -1.86064E-03, -1.70296E-03, -1.55901E-03, -1.44256E-03, -1.36859E-03, -1.35158E-03, -1.40334E-03, -1.53043E-03, -1.73185E-03, -1.99747E-03, -2.30786E-03, -2.63585E-03, -2.94970E-03, -3.21721E-03, -3.41010E-03, -3.50752E-03, -3.49810E-03, -3.38036E-03, -3.16157E-03, -2.85567E-03, -2.48069E-03, -2.05639E-03, -1.60219E-03, -1.13578E-03, -6.72257E-04, -2.23766E-04,  2.00521E-04,  5.94164E-04,  9.53102E-04,  1.27524E-03,  1.56004E-03,  1.80815E-03,  2.02107E-03,  2.20089E-03,  2.35007E-03,  2.47125E-03,  2.56713E-03,
 -2.57565E-03, -2.60101E-03, -2.61910E-03, -2.62866E-03, -2.62835E-03, -2.61680E-03, -2.59270E-03, -2.55486E-03, -2.50237E-03, -2.43477E-03, -2.35224E-03, -2.25590E-03, -2.14802E-03, -2.03235E-03, -1.91427E-03, -1.80087E-03, -1.70084E-03, -1.62395E-03, -1.58027E-03, -1.57896E-03, -1.62680E-03, -1.72659E-03, -1.87585E-03, -2.06599E-03, -2.28252E-03, -2.50612E-03, -2.71475E-03, -2.88631E-03, -3.00133E-03, -3.04521E-03, -3.00964E-03, -2.89293E-03, -2.69950E-03, -2.43860E-03, -2.12274E-03, -1.76609E-03, -1.38308E-03, -9.87274E-04, -5.90656E-04, -2.03247E-04,  1.67041E-04,  5.14335E-04,  8.34617E-04,  1.12547E-03,  1.38579E-03,  1.61553E-03,  1.81545E-03,  1.98688E-03,  2.13154E-03,  2.25141E-03,  2.34860E-03,
 -2.45546E-03, -2.47715E-03, -2.49234E-03, -2.50006E-03, -2.49927E-03, -2.48899E-03, -2.46832E-03, -2.43652E-03, -2.39314E-03, -2.33814E-03, -2.27204E-03, -2.19611E-03, -2.11255E-03, -2.02457E-03, -1.93655E-03, -1.85395E-03, -1.78312E-03, -1.73093E-03, -1.70405E-03, -1.70822E-03, -1.74714E-03, -1.82162E-03, -1.92874E-03, -2.06150E-03, -2.20908E-03, -2.35761E-03, -2.49159E-03, -2.59562E-03, -2.65609E-03, -2.66267E-03, -2.60928E-03, -2.49434E-03, -2.32057E-03, -2.09423E-03, -1.82412E-03, -1.52050E-03, -1.19414E-03, -8.55448E-04, -5.13912E-04, -1.77723E-04,  1.46408E-04,  4.53278E-04,  7.39108E-04,  1.00140E-03,  1.23874E-03,  1.45065E-03,  1.63734E-03,  1.79958E-03,  1.93853E-03,  2.05564E-03,  2.15250E-03,
 -2.34271E-03, -2.36138E-03, -2.37428E-03, -2.38065E-03, -2.37972E-03, -2.37078E-03, -2.35325E-03, -2.32669E-03, -2.29095E-03, -2.24623E-03, -2.19320E-03, -2.13314E-03, -2.06797E-03, -2.00039E-03, -1.93385E-03, -1.87246E-03, -1.82083E-03, -1.78370E-03, -1.76547E-03, -1.76962E-03, -1.79807E-03, -1.85057E-03, -1.92426E-03, -2.01356E-03, -2.11035E-03, -2.20458E-03, -2.28523E-03, -2.34140E-03, -2.36348E-03, -2.34411E-03, -2.27881E-03, -2.16627E-03, -2.00820E-03, -1.80891E-03, -1.57470E-03, -1.31308E-03, -1.03211E-03, -7.39840E-04, -4.43751E-04, -1.50503E-04,  1.34278E-04,  4.06068E-04,  6.61427E-04,  8.97927E-04,  1.11404E-03,  1.30899E-03,  1.48264E-03,  1.63535E-03,  1.76786E-03,  1.88118E-03,  1.97652E-03,
 -2.23679E-03, -2.25294E-03, -2.26399E-03, -2.26934E-03, -2.26842E-03, -2.26076E-03, -2.24595E-03, -2.22380E-03, -2.19432E-03, -2.15785E-03, -2.11508E-03, -2.06717E-03, -2.01578E-03, -1.96307E-03, -1.91172E-03, -1.86478E-03, -1.82556E-03, -1.79729E-03, -1.78283E-03, -1.78423E-03, -1.80234E-03, -1.83641E-03, -1.88388E-03, -1.94030E-03, -1.99958E-03, -2.05437E-03, -2.09674E-03, -2.11890E-03, -2.11399E-03, -2.07672E-03, -2.00381E-03, -1.89423E-03, -1.74909E-03, -1.57145E-03, -1.36584E-03, -1.13786E-03, -8.93612E-04, -6.39294E-04, -3.80841E-04, -1.23647E-04,  1.27606E-04,  3.69036E-04,  5.97583E-04,  8.10977E-04,  1.00767E-03,  1.18674E-03,  1.34783E-03,  1.49100E-03,  1.61668E-03,  1.72554E-03,  1.81848E-03,
 -2.13709E-03, -2.15112E-03, -2.16064E-03, -2.16518E-03, -2.16434E-03, -2.15778E-03, -2.14526E-03, -2.12672E-03, -2.10228E-03, -2.07230E-03, -2.03746E-03, -1.99876E-03, -1.95756E-03, -1.91558E-03, -1.87486E-03, -1.83765E-03, -1.80627E-03, -1.78291E-03, -1.76939E-03, -1.76686E-03, -1.77554E-03, -1.79451E-03, -1.82154E-03, -1.85313E-03, -1.88467E-03, -1.91075E-03, -1.92560E-03, -1.92360E-03, -1.89982E-03, -1.85044E-03, -1.77307E-03, -1.66691E-03, -1.53275E-03, -1.37278E-03, -1.19036E-03, -9.89679E-04, -7.75396E-04, -5.52336E-04, -3.25206E-04, -9.83705E-05,  1.24290E-04,  3.39475E-04,  5.44501E-04,  7.37299E-04,  9.16375E-04,  1.08076E-03,  1.22994E-03,  1.36379E-03,  1.48250E-03,  1.58650E-03,  1.67641E-03,
 -2.04310E-03, -2.05531E-03, -2.06351E-03, -2.06737E-03, -2.06659E-03, -2.06093E-03, -2.05027E-03, -2.03462E-03, -2.01414E-03, -1.98920E-03, -1.96040E-03, -1.92858E-03, -1.89485E-03, -1.86054E-03, -1.82718E-03, -1.79639E-03, -1.76980E-03, -1.74888E-03, -1.73474E-03, -1.72798E-03, -1.72847E-03, -1.73524E-03, -1.74645E-03, -1.75931E-03, -1.77035E-03, -1.77553E-03, -1.77062E-03, -1.75156E-03, -1.71475E-03, -1.65744E-03, -1.57790E-03, -1.47553E-03, -1.35091E-03, -1.20568E-03, -1.04234E-03, -8.64095E-04, -6.74525E-04, -4.77410E-04, -2.76496E-04, -7.53214E-05,  1.22906E-04,  3.15395E-04,  4.99819E-04,  6.74322E-04,  8.37509E-04,  9.88409E-04,  1.12644E-03,  1.25133E-03,  1.36312E-03,  1.46205E-03,  1.54855E-03,
 -1.95433E-03, -1.96494E-03, -1.97200E-03, -1.97525E-03, -1.97446E-03, -1.96950E-03, -1.96029E-03, -1.94688E-03, -1.92946E-03, -1.90837E-03, -1.88411E-03, -1.85739E-03, -1.82907E-03, -1.80017E-03, -1.77181E-03, -1.74519E-03, -1.72140E-03, -1.70141E-03, -1.68587E-03, -1.67504E-03, -1.66861E-03, -1.66568E-03, -1.66470E-03, -1.66350E-03, -1.65941E-03, -1.64942E-03, -1.63042E-03, -1.59942E-03, -1.55383E-03, -1.49162E-03, -1.41156E-03, -1.31323E-03, -1.19707E-03, -1.06435E-03, -9.16968E-04, -7.57387E-04, -5.88405E-04, -4.12999E-04, -2.34164E-04, -5.47770E-05,  1.22511E-04,  2.95349E-04,  4.61730E-04,  6.20013E-04,  7.68919E-04,  9.07514E-04,  1.03518E-03,  1.15159E-03,  1.25664E-03,  1.35045E-03,  1.43328E-03,
 -1.87036E-03, -1.87955E-03, -1.88558E-03, -1.88824E-03, -1.88739E-03, -1.88291E-03, -1.87478E-03, -1.86308E-03, -1.84798E-03, -1.82977E-03, -1.80889E-03, -1.78588E-03, -1.76142E-03, -1.73629E-03, -1.71130E-03, -1.68729E-03, -1.66501E-03, -1.64507E-03, -1.62784E-03, -1.61335E-03, -1.60122E-03, -1.59065E-03, -1.58036E-03, -1.56864E-03, -1.55345E-03, -1.53254E-03, -1.50359E-03, -1.46441E-03, -1.41309E-03, -1.34818E-03, -1.26879E-03, -1.17464E-03, -1.06611E-03, -9.44169E-04, -8.10311E-04, -6.66449E-04, -5.14787E-04, -3.57694E-04, -1.97577E-04, -3.67815E-05,  1.22498E-04,  2.78284E-04,  4.28853E-04,  5.72765E-04,  7.08866E-04,  8.36278E-04,  9.54389E-04,  1.06282E-03,  1.16140E-03,  1.25014E-03,  1.32920E-03,
