  8.57587E-03,  8.46693E-03,  8.28551E-03,  8.02083E-03,  7.66179E-03,  7.19746E-03,  6.61757E-03,  5.91320E-03,  5.07763E-03,  4.10713E-03,  3.00196E-03,  1.76714E-03,  4.13099E-04, -1.04393E-03, -2.58203E-03, -4.17410E-03, -5.78898E-03, -7.39293E-03, -8.95150E-03, -1.04315E-02, -1.18032E-02, -1.30413E-02, -1.41269E-02, -1.50476E-02, -1.57976E-02, -1.63775E-02, -1.67932E-02, -1.70549E-02, -1.71760E-02, -1.71716E-02, -1.70582E-02, -1.68520E-02, -1.65689E-02, -1.62236E-02, -1.58296E-02, -1.53989E-02, -1.49419E-02, -1.44674E-02, -1.39831E-02, -1.34952E-02,
  9.32908E-03,  9.25001E-03,  9.09206E-03,  8.84200E-03,  8.48599E-03,  8.00997E-03,  7.40034E-03,  6.64481E-03,  5.73340E-03,  4.65967E-03,  3.42194E-03,  2.02452E-03,  4.78763E-04, -1.19637E-03, -2.97417E-03, -4.82089E-03, -6.69708E-03, -8.55966E-03, -1.03646E-02, -1.20695E-02, -1.36367E-02, -1.50352E-02, -1.62423E-02, -1.72442E-02, -1.80362E-02, -1.86217E-02, -1.90106E-02, -1.92182E-02, -1.92633E-02, -1.91664E-02, -1.89487E-02, -1.86311E-02, -1.82331E-02, -1.77725E-02, -1.72650E-02, -1.67245E-02, -1.61627E-02, -1.55892E-02, -1.50121E-02, -1.44378E-02,
  1.01513E-02,  1.01112E-02,  9.98587E-03,  9.75926E-03,  9.41416E-03,  8.93263E-03,  8.29677E-03,  7.48978E-03,  6.49723E-03,  5.30865E-03,  3.91932E-03,  2.33203E-03,  5.58655E-04, -1.37873E-03, -3.44756E-03, -5.60540E-03, -7.80181E-03, -9.98119E-03, -1.20864E-02, -1.40630E-02, -1.58626E-02, -1.74468E-02, -1.87884E-02, -1.98728E-02, -2.06974E-02, -2.12701E-02, -2.16072E-02, -2.17310E-02, -2.16677E-02, -2.14449E-02, -2.10902E-02, -2.06297E-02, -2.00875E-02, -1.94848E-02, -1.88399E-02, -1.81684E-02, -1.74831E-02, -1.67945E-02, -1.61107E-02, -1.54382E-02,
  1.10466E-02,  1.10562E-02,  1.09747E-02,  1.07828E-02,  1.04590E-02,  9.98077E-03,  9.32462E-03,  8.46777E-03,  7.38965E-03,  6.07403E-03,  4.51143E-03,  2.70175E-03,  6.56703E-04, -1.59836E-03, -4.02359E-03, -6.56529E-03, -9.15824E-03, -1.17297E-02, -1.42047E-02, -1.65120E-02, -1.85892E-02, -2.03881E-02, -2.18767E-02, -2.30401E-02, -2.38799E-02, -2.44112E-02, -2.46599E-02, -2.46584E-02, -2.44430E-02, -2.40505E-02, -2.35165E-02, -2.28738E-02, -2.21515E-02, -2.13745E-02, -2.05638E-02, -1.97367E-02, -1.89069E-02, -1.80850E-02, -1.72794E-02, -1.64959E-02,
  1.20181E-02,  1.20902E-02,  1.20661E-02,  1.19228E-02,  1.16340E-02,  1.11712E-02,  1.05040E-02,  9.60161E-03,  8.43522E-03,  6.98025E-03,  5.21998E-03,  3.14923E-03,  7.78153E-04, -1.86468E-03, -4.73054E-03, -7.75092E-03, -1.08405E-02, -1.39029E-02, -1.68381E-02, -1.95516E-02, -2.19621E-02, -2.40086E-02, -2.56536E-02, -2.68841E-02, -2.77090E-02, -2.81553E-02, -2.82627E-02, -2.80781E-02, -2.76516E-02, -2.70320E-02, -2.62649E-02, -2.53908E-02, -2.44444E-02, -2.34548E-02, -2.24453E-02, -2.14343E-02, -2.04361E-02, -1.94611E-02, -1.85169E-02, -1.76086E-02,
  1.30675E-02,  1.32170E-02,  1.32667E-02,  1.31892E-02,  1.29528E-02,  1.25218E-02,  1.18570E-02,  1.09176E-02,  9.66305E-03,  8.05715E-03,  6.07218E-03,  3.69445E-03,  9.30078E-04, -2.18988E-03, -5.60603E-03, -9.23036E-03, -1.29499E-02, -1.66348E-02, -2.01496E-02, -2.33669E-02, -2.61792E-02, -2.85091E-02, -3.03137E-02, -3.15851E-02, -3.23455E-02, -3.26403E-02, -3.25300E-02, -3.20821E-02, -3.13651E-02, -3.04435E-02, -2.93747E-02, -2.82083E-02, -2.69850E-02, -2.57373E-02, -2.44905E-02, -2.32637E-02, -2.20706E-02, -2.09208E-02, -1.98203E-02, -1.87729E-02,
  1.41951E-02,  1.44389E-02,  1.45814E-02,  1.45907E-02,  1.44286E-02,  1.40510E-02,  1.34079E-02,  1.24452E-02,  1.11072E-02,  9.34088E-03,  7.10209E-03,  4.36325E-03,  1.12211E-03, -2.58977E-03, -6.70068E-03, -1.10968E-02, -1.56266E-02, -2.01121E-02, -2.43668E-02, -2.82153E-02, -3.15138E-02, -3.41636E-02, -3.61179E-02, -3.73801E-02, -3.79953E-02, -3.80383E-02, -3.76004E-02, -3.67780E-02, -3.56643E-02, -3.43432E-02, -3.28864E-02, -3.13529E-02, -2.97891E-02, -2.82304E-02, -2.67028E-02, -2.52245E-02, -2.38077E-02, -2.24597E-02, -2.11845E-02, -1.99833E-02,
  1.53984E-02,  1.57554E-02,  1.60128E-02,  1.61337E-02,  1.60729E-02,  1.57766E-02,  1.51816E-02,  1.42171E-02,  1.28069E-02,  1.08747E-02,  8.35211E-03,  5.18905E-03,  1.36749E-03, -3.08491E-03, -8.08313E-03, -1.34794E-02, -1.90675E-02, -2.45996E-02, -2.98125E-02, -3.44611E-02, -3.83491E-02, -4.13507E-02, -4.34196E-02, -4.45824E-02, -4.49234E-02, -4.45637E-02, -4.36402E-02, -4.22898E-02, -4.06378E-02, -3.87917E-02, -3.68388E-02, -3.48474E-02, -3.28683E-02, -3.09378E-02, -2.90804E-02, -2.73118E-02, -2.56405E-02, -2.40704E-02, -2.26016E-02, -2.12318E-02,
  1.66718E-02,  1.71628E-02,  1.75597E-02,  1.78209E-02,  1.78940E-02,  1.77139E-02,  1.72023E-02,  1.62672E-02,  1.48059E-02,  1.27097E-02,  9.87452E-03,  6.21495E-03,  1.68453E-03, -3.70192E-03, -9.84725E-03, -1.65594E-02, -2.35542E-02, -3.04789E-02, -3.69543E-02, -4.26293E-02, -4.72313E-02, -5.06012E-02, -5.27028E-02, -5.36089E-02, -5.34704E-02, -5.24813E-02, -5.08461E-02, -4.87567E-02, -4.63790E-02, -4.38476E-02, -4.12656E-02, -3.87080E-02, -3.62270E-02, -3.38563E-02, -3.16158E-02, -2.95154E-02, -2.75580E-02, -2.57413E-02, -2.40604E-02, -2.25082E-02,
  1.80059E-02,  1.86525E-02,  1.92156E-02,  1.96496E-02,  1.98945E-02,  1.98736E-02,  1.94908E-02,  1.86289E-02,  1.71507E-02,  1.49040E-02,  1.17326E-02,  7.49618E-03,  2.09872E-03, -4.47499E-03, -1.21221E-02, -2.05945E-02, -2.94953E-02, -3.83115E-02, -4.64827E-02, -5.34922E-02, -5.89542E-02, -6.26700E-02, -6.46371E-02, -6.50163E-02, -6.40726E-02, -6.21146E-02, -5.94447E-02, -5.63283E-02, -5.29800E-02, -4.95620E-02, -4.61894E-02, -4.29392E-02, -3.98586E-02, -3.69730E-02, -3.42930E-02, -3.18185E-02, -2.95433E-02, -2.74568E-02, -2.55466E-02, -2.37994E-02,
  1.93863E-02,  2.02102E-02,  2.09675E-02,  2.16092E-02,  2.20688E-02,  2.22578E-02,  2.20606E-02,  2.13304E-02,  1.98872E-02,  1.75206E-02,  1.40007E-02,  9.10226E-03,  2.64552E-03, -5.44724E-03, -1.50856E-02, -2.59546E-02, -3.74940E-02, -4.89409E-02, -5.94415E-02, -6.82121E-02, -7.46941E-02, -7.86483E-02, -8.01571E-02, -7.95484E-02, -7.72829E-02, -7.38485E-02, -6.96864E-02, -6.51548E-02, -6.05205E-02, -5.59680E-02, -5.16147E-02, -4.75284E-02, -4.37415E-02, -4.02627E-02, -3.70860E-02, -3.41962E-02, -3.15735E-02, -2.91961E-02, -2.70419E-02, -2.50894E-02,
  2.07933E-02,  2.18149E-02,  2.27936E-02,  2.36789E-02,  2.43994E-02,  2.48553E-02,  2.49115E-02,  2.43881E-02,  2.30535E-02,  2.06220E-02,  1.67611E-02,  1.11182E-02,  3.37379E-03, -6.67115E-03, -1.89818E-02, -3.31752E-02, -4.84562E-02, -6.36621E-02, -7.74489E-02, -8.85834E-02, -9.62349E-02, -1.00140E-01, -1.00577E-01, -9.81945E-02, -9.37889E-02, -8.81236E-02, -8.18284E-02, -7.53672E-02, -6.90508E-02, -6.30676E-02, -5.75169E-02, -5.24385E-02, -4.78345E-02, -4.36845E-02, -3.99568E-02, -3.66143E-02, -3.36188E-02, -3.09336E-02, -2.85243E-02, -2.63597E-02,
  2.22012E-02,  2.34376E-02,  2.46623E-02,  2.58255E-02,  2.68530E-02,  2.76367E-02,  2.80229E-02,  2.77971E-02,  2.66689E-02,  2.42588E-02,  2.00964E-02,  1.36417E-02,  4.34936E-03, -8.20634E-03, -2.41403E-02, -4.30330E-02, -6.37604E-02, -8.45107E-02, -1.03086E-01, -1.17459E-01, -1.26351E-01, -1.29540E-01, -1.27751E-01, -1.22252E-01, -1.14413E-01, -1.05407E-01, -9.60975E-02, -8.70441E-02, -7.85655E-02, -7.08128E-02, -6.38304E-02, -5.76003E-02, -5.20718E-02, -4.71795E-02, -4.28542E-02, -3.90292E-02, -3.56424E-02, -3.26384E-02, -2.99681E-02, -2.75887E-02,
  2.35788E-02,  2.50417E-02,  2.65311E-02,  2.80007E-02,  2.93772E-02,  3.05479E-02,  3.13441E-02,  3.15184E-02,  3.07173E-02,  2.84513E-02,  2.40717E-02,  1.67736E-02,  5.65647E-03, -1.01114E-02, -3.09899E-02, -5.66426E-02, -8.55253E-02, -1.14762E-01, -1.40606E-01, -1.59532E-01, -1.69483E-01, -1.70487E-01, -1.64289E-01, -1.53371E-01, -1.40067E-01, -1.26120E-01, -1.12624E-01, -1.00160E-01, -8.89683E-02, -7.90836E-02, -7.04354E-02, -6.29051E-02, -5.63595E-02, -5.06686E-02, -4.57130E-02, -4.13874E-02, -3.76007E-02, -3.42751E-02, -3.13445E-02, -2.87530E-02,
  2.48893E-02,  2.65826E-02,  2.83466E-02,  3.01412E-02,  3.18980E-02,  3.35053E-02,  3.47854E-02,  3.54639E-02,  3.51256E-02,  3.31601E-02,  2.87025E-02,  2.05911E-02,  7.39178E-03, -1.24245E-02, -4.00438E-02, -7.55516E-02, -1.16999E-01, -1.59800E-01, -1.97276E-01, -2.22854E-01, -2.32987E-01, -2.28586E-01, -2.13796E-01, -1.93509E-01, -1.71610E-01, -1.50493E-01, -1.31329E-01, -1.14514E-01, -1.00029E-01, -8.76642E-02, -7.71458E-02, -6.81990E-02, -6.05736E-02, -5.40531E-02, -4.84548E-02, -4.36271E-02, -3.94448E-02, -3.58048E-02, -3.26224E-02, -2.98278E-02,
  2.60923E-02,  2.80100E-02,  3.00458E-02,  3.21688E-02,  3.43198E-02,  3.63936E-02,  3.82120E-02,  3.94830E-02,  3.97390E-02,  3.82492E-02,  3.39054E-02,  2.50981E-02,  9.63982E-03, -1.51269E-02, -5.18043E-02, -1.01728E-01, -1.63024E-01, -2.28609E-01, -2.86080E-01, -3.22000E-01, -3.29565E-01, -3.12530E-01, -2.80995E-01, -2.44631E-01, -2.09494E-01, -1.78304E-01, -1.51768E-01, -1.29643E-01, -1.11343E-01, -9.62250E-02, -8.37033E-02, -7.32833E-02, -6.45620E-02, -5.72168E-02, -5.09908E-02, -4.56799E-02, -4.11217E-02, -3.71864E-02, -3.37698E-02, -3.07877E-02,
  2.71457E-02,  2.92698E-02,  3.15596E-02,  3.39950E-02,  3.65292E-02,  3.90687E-02,  4.14437E-02,  4.33567E-02,  4.43036E-02,  4.34476E-02,  3.94347E-02,  3.01436E-02,  1.24132E-02, -1.80904E-02, -6.64882E-02, -1.37134E-01, -2.30167E-01, -3.36095E-01, -4.31463E-01, -4.85380E-01, -4.82271E-01, -4.35566E-01, -3.71212E-01, -3.07793E-01, -2.53083E-01, -2.08494E-01, -1.72943E-01, -1.44742E-01, -1.22301E-01, -1.04319E-01, -8.97824E-02, -7.79210E-02, -6.81516E-02, -6.00323E-02, -5.32262E-02, -4.74748E-02, -4.25778E-02, -3.83789E-02, -3.47550E-02, -3.16082E-02,
  2.80085E-02,  3.03087E-02,  3.28177E-02,  3.55270E-02,  3.84031E-02,  4.13680E-02,  4.42659E-02,  4.68060E-02,  4.84664E-02,  4.83319E-02,  4.48308E-02,  3.53263E-02,  1.55479E-02, -2.10320E-02, -8.34550E-02, -1.82186E-01, -3.24846E-01, -5.05222E-01, -6.82284E-01, -7.74570E-01, -7.35208E-01, -6.15877E-01, -4.87608E-01, -3.80986E-01, -2.99558E-01, -2.38719E-01, -1.93158E-01, -1.58642E-01, -1.32111E-01, -1.11406E-01, -9.50127E-02, -8.18547E-02, -7.11610E-02, -6.23700E-02, -5.50674E-02, -4.89431E-02, -4.37620E-02, -3.93439E-02, -3.55488E-02, -3.22668E-02,
  2.86443E-02,  3.10783E-02,  3.37554E-02,  3.66771E-02,  3.98223E-02,  4.31278E-02,  4.64540E-02,  4.95232E-02,  5.18115E-02,  5.23573E-02,  4.94270E-02,  3.99475E-02,  1.85929E-02, -2.35312E-02, -1.00418E-01, -2.32254E-01, -4.44728E-01, -7.59790E-01, -1.13893E+00, -1.34407E+00, -1.17232E+00, -8.66979E-01, -6.22524E-01, -4.55449E-01, -3.42798E-01, -2.65153E-01, -2.10078E-01, -1.69911E-01, -1.39875E-01, -1.16914E-01, -9.90187E-02, -8.48333E-02, -7.34186E-02, -6.41104E-02, -5.64295E-02, -5.00235E-02, -4.46295E-02, -4.00481E-02, -3.61261E-02, -3.27444E-02,
  2.90246E-02,  3.15401E-02,  3.43206E-02,  3.73737E-02,  4.06870E-02,  4.42079E-02,  4.78090E-02,  5.12247E-02,  5.39360E-02,  5.49609E-02,  5.24731E-02,  4.31179E-02,  2.08230E-02, -2.51526E-02, -1.13167E-01, -2.73681E-01, -5.58554E-01, -1.06539E+00, -1.93630E+00, -2.60506E+00, -1.87608E+00, -1.14520E+00, -7.41315E-01, -5.12874E-01, -3.73590E-01, -2.83048E-01, -2.21150E-01, -1.77110E-01, -1.44749E-01, -1.20326E-01, -1.01476E-01, -8.66459E-02, -7.47837E-02, -6.51573E-02, -5.72452E-02, -5.06683E-02, -4.51456E-02, -4.04659E-02, -3.64678E-02, -3.30265E-02,
  2.91315E-02,  3.16703E-02,  3.44801E-02,  3.75708E-02,  4.09323E-02,  4.45152E-02,  4.81962E-02,  5.17136E-02,  5.45509E-02,  5.57216E-02,  5.33747E-02,  4.40749E-02,  2.15244E-02, -2.56047E-02, -1.17151E-01, -2.87408E-01, -5.99851E-01, -1.19920E+00, -2.46920E+00, -3.86940E+00, -2.30442E+00, -1.26032E+00, -7.82612E-01, -5.31222E-01, -3.82988E-01, -2.88361E-01, -2.24378E-01, -1.79184E-01, -1.46141E-01, -1.21294E-01, -1.02169E-01, -8.71553E-02, -7.51660E-02, -6.54497E-02, -5.74726E-02, -5.08476E-02, -4.52889E-02, -4.05817E-02, -3.65625E-02, -3.31046E-02,
  2.89601E-02,  3.14617E-02,  3.42244E-02,  3.72549E-02,  4.05391E-02,  4.40227E-02,  4.75759E-02,  5.09310E-02,  5.35680E-02,  5.45080E-02,  5.19412E-02,  4.25640E-02,  2.04425E-02, -2.48106E-02, -1.10685E-01, -2.65469E-01, -5.34892E-01, -9.95166E-01, -1.71474E+00, -2.20411E+00, -1.68800E+00, -1.08325E+00, -7.17300E-01, -5.01827E-01, -3.67827E-01, -2.79753E-01, -2.19132E-01, -1.75807E-01, -1.43871E-01, -1.19713E-01, -1.01036E-01, -8.63215E-02, -7.45396E-02, -6.49702E-02, -5.70995E-02, -5.05530E-02, -4.50534E-02, -4.03912E-02, -3.64067E-02, -3.29760E-02,
  2.85185E-02,  3.09256E-02,  3.35689E-02,  3.64476E-02,  3.95380E-02,  4.27739E-02,  4.60119E-02,  4.89714E-02,  5.11280E-02,  5.15291E-02,  4.84745E-02,  3.89851E-02,  1.79709E-02, -2.29095E-02, -9.64277E-02, -2.20178E-01, -4.14368E-01, -6.90179E-01, -1.00167E+00, -1.16535E+00, -1.04370E+00, -8.00344E-01, -5.89515E-01, -4.38177E-01, -3.33105E-01, -2.59359E-01, -2.06425E-01, -1.67504E-01, -1.38228E-01, -1.15752E-01, -9.81772E-02, -8.42094E-02, -7.29467E-02, -6.37472E-02, -5.61455E-02, -4.97984E-02, -4.44489E-02, -3.99015E-02, -3.60059E-02, -3.26449E-02,
  2.78272E-02,  3.00897E-02,  3.25515E-02,  3.52016E-02,  3.80033E-02,  4.08750E-02,  4.36573E-02,  4.60573E-02,  4.75558E-02,  4.72544E-02,  4.36298E-02,  3.41660E-02,  1.48635E-02, -2.02421E-02, -7.91235E-02, -1.70430E-01, -2.99195E-01, -4.57189E-01, -6.07855E-01, -6.87515E-01, -6.61312E-01, -5.66057E-01, -4.57195E-01, -3.62698E-01, -2.88323E-01, -2.31585E-01, -1.88469E-01, -1.55459E-01, -1.29885E-01, -1.09810E-01, -9.38407E-02, -8.09768E-02, -7.04915E-02, -6.18512E-02, -5.46595E-02, -4.86182E-02, -4.35003E-02, -3.91308E-02, -3.53735E-02, -3.21214E-02,
  2.69168E-02,  2.89951E-02,  3.12281E-02,  3.35934E-02,  3.60408E-02,  3.84740E-02,  4.07205E-02,  4.24835E-02,  4.32661E-02,  4.22553E-02,  3.81555E-02,  2.89717E-02,  1.17947E-02, -1.72540E-02, -6.25680E-02, -1.27545E-01, -2.11519E-01, -3.05413E-01, -3.89085E-01, -4.37566E-01, -4.38362E-01, -4.01338E-01, -3.47039E-01, -2.91443E-01, -2.42117E-01, -2.01068E-01, -1.67825E-01, -1.41141E-01, -1.19715E-01, -1.02424E-01, -8.83683E-02, -7.68476E-02, -6.73240E-02, -5.93852E-02, -5.27137E-02, -4.70640E-02, -4.22451E-02, -3.81067E-02, -3.45303E-02, -3.14211E-02,
  2.58252E-02,  2.76919E-02,  2.96654E-02,  3.17127E-02,  3.37720E-02,  3.57362E-02,  3.74268E-02,  3.85550E-02,  3.86649E-02,  3.70542E-02,  3.26750E-02,  2.40327E-02,  9.14242E-03, -1.43358E-02, -4.85801E-02, -9.45096E-02, -1.50137E-01, -2.09042E-01, -2.60574E-01, -2.93531E-01, -3.02171E-01, -2.89230E-01, -2.62824E-01, -2.31164E-01, -1.99746E-01, -1.71289E-01, -1.46696E-01, -1.25939E-01, -1.08602E-01, -9.41688E-02, -8.21391E-02, -7.20772E-02, -6.36202E-02, -5.64724E-02, -5.03958E-02, -4.51994E-02, -4.07299E-02, -3.68641E-02, -3.35024E-02, -3.05642E-02,
  2.45939E-02,  2.62339E-02,  2.79338E-02,  2.96520E-02,  3.13186E-02,  3.28213E-02,  3.39841E-02,  3.45384E-02,  3.40836E-02,  3.20390E-02,  2.75949E-02,  1.96841E-02,  7.01941E-03, -1.17272E-02, -3.75190E-02, -7.02903E-02, -1.08174E-01, -1.47069E-01, -1.81189E-01, -2.04918E-01, -2.15168E-01, -2.12534E-01, -2.00376E-01, -1.82844E-01, -1.63387E-01, -1.44247E-01, -1.26606E-01, -1.10935E-01, -9.72996E-02, -8.55648E-02, -7.55156E-02, -6.69205E-02, -5.95608E-02, -5.32428E-02, -4.78006E-02, -4.30941E-02, -3.90069E-02, -3.54422E-02, -3.23199E-02, -2.95736E-02,
  2.32648E-02,  2.46745E-02,  2.61013E-02,  2.74979E-02,  2.87904E-02,  2.98671E-02,  3.05623E-02,  3.06366E-02,  2.97516E-02,  2.74458E-02,  2.31171E-02,  1.60322E-02,  5.38998E-03, -9.52241E-03, -2.90567E-02, -5.28379E-02, -7.94297E-02, -1.06262E-01, -1.30054E-01, -1.47737E-01, -1.57484E-01, -1.59230E-01, -1.54389E-01, -1.45070E-01, -1.33329E-01, -1.20758E-01, -1.08401E-01, -9.68469E-02, -8.63661E-02, -7.70319E-02, -6.88085E-02, -6.16062E-02, -5.53149E-02, -4.98221E-02, -4.50218E-02, -4.08189E-02, -3.71298E-02, -3.38823E-02, -3.10147E-02, -2.84744E-02,
  2.18776E-02,  2.30631E-02,  2.42290E-02,  2.53252E-02,  2.62780E-02,  2.69813E-02,  2.72854E-02,  2.69844E-02,  2.58024E-02,  2.33845E-02,  1.92967E-02,  1.30504E-02,  4.16424E-03, -7.72044E-03, -2.26703E-02, -4.02689E-02, -5.94816E-02, -7.86833E-02, -9.59292E-02, -1.09428E-01, -1.18031E-01, -1.21494E-01, -1.20399E-01, -1.15825E-01, -1.08973E-01, -1.00904E-01, -9.24216E-02, -8.40667E-02, -7.61614E-02, -6.88712E-02, -6.22585E-02, -5.63227E-02, -5.10283E-02, -4.63224E-02, -4.21463E-02, -3.84409E-02, -3.51508E-02, -3.22251E-02, -2.96187E-02, -2.72917E-02,
  2.04679E-02,  2.14422E-02,  2.23676E-02,  2.31938E-02,  2.38503E-02,  2.42403E-02,  2.42330E-02,  2.36570E-02,  2.22938E-02,  1.98773E-02,  1.61029E-02,  1.06530E-02,  3.24807E-03, -6.27474E-03, -1.78616E-02, -3.11454E-02, -4.53957E-02, -5.95645E-02, -7.24507E-02, -8.29527E-02, -9.03169E-02, -9.42820E-02, -9.50633E-02, -9.32115E-02, -8.94245E-02, -8.43883E-02, -7.86826E-02, -7.27455E-02, -6.68790E-02, -6.12733E-02, -5.60349E-02, -5.12126E-02, -4.68176E-02, -4.28381E-02, -3.92492E-02, -3.60202E-02, -3.31176E-02, -3.05088E-02, -2.81626E-02, -2.60502E-02,
  1.90656E-02,  1.98469E-02,  2.05571E-02,  2.11481E-02,  2.15549E-02,  2.16918E-02,  2.14480E-02,  2.06842E-02,  1.92315E-02,  1.68950E-02,  1.34646E-02,  8.73889E-03,  2.56201E-03, -5.12487E-03, -1.42260E-02, -2.44435E-02, -3.52625E-02, -4.59912E-02, -5.58603E-02, -6.41628E-02, -7.03889E-02, -7.43080E-02, -7.59747E-02, -7.56661E-02, -7.37854E-02, -7.07696E-02, -6.70222E-02, -6.28774E-02, -5.85895E-02, -5.43386E-02, -5.02432E-02, -4.63745E-02, -4.27698E-02, -3.94430E-02, -3.63925E-02, -3.36077E-02, -3.10724E-02, -2.87679E-02, -2.66745E-02, -2.47730E-02,
  1.76950E-02,  1.83040E-02,  1.88267E-02,  1.92184E-02,  1.94209E-02,  1.93605E-02,  1.89454E-02,  1.80649E-02,  1.65909E-02,  1.43827E-02,  1.12984E-02,  7.21303E-03,  2.04477E-03, -4.21234E-03, -1.14560E-02, -1.94529E-02, -2.78375E-02, -3.61420E-02, -4.38576E-02, -5.05146E-02, -5.57586E-02, -5.94006E-02, -6.14266E-02, -6.19704E-02, -6.12636E-02, -5.95821E-02, -5.72014E-02, -5.43672E-02, -5.12819E-02, -4.81011E-02, -4.49378E-02, -4.18692E-02, -3.89444E-02, -3.61916E-02, -3.36242E-02, -3.12450E-02, -2.90502E-02, -2.70318E-02, -2.51792E-02, -2.34807E-02,
  1.63744E-02,  1.68330E-02,  1.71959E-02,  1.74228E-02,  1.74629E-02,  1.72540E-02,  1.67216E-02,  1.57793E-02,  1.43311E-02,  1.22774E-02,  9.52362E-03,  5.99428E-03,  1.65114E-03, -3.48687E-03, -9.32541E-03, -1.56843E-02, -2.23009E-02, -2.88517E-02, -3.49906E-02, -4.03959E-02, -4.48161E-02, -4.81005E-02, -5.02090E-02, -5.12000E-02, -5.12051E-02, -5.03971E-02, -4.89620E-02, -4.70767E-02, -4.48968E-02, -4.25497E-02, -4.01352E-02, -3.77269E-02, -3.53772E-02, -3.31207E-02, -3.09790E-02, -2.89637E-02, -2.70792E-02, -2.53251E-02, -2.36978E-02, -2.21915E-02,
  1.51171E-02,  1.54467E-02,  1.56761E-02,  1.57697E-02,  1.56841E-02,  1.53677E-02,  1.47610E-02,  1.37973E-02,  1.24060E-02,  1.05170E-02,  8.06846E-03,  5.01675E-03,  1.34836E-03, -2.90765E-03, -7.66959E-03, -1.27988E-02, -1.81043E-02, -2.33574E-02, -2.83165E-02, -3.27559E-02, -3.64935E-02, -3.94107E-02, -4.14600E-02, -4.26611E-02, -4.30866E-02, -4.28441E-02, -4.20582E-02, -4.08546E-02, -3.93500E-02, -3.76458E-02, -3.58257E-02, -3.39557E-02, -3.20858E-02, -3.02524E-02, -2.84805E-02, -2.67867E-02, -2.51807E-02, -2.36673E-02, -2.22476E-02, -2.09205E-02,
  1.39314E-02,  1.41524E-02,  1.42724E-02,  1.42605E-02,  1.40804E-02,  1.36898E-02,  1.30417E-02,  1.20854E-02,  1.07693E-02,  9.04485E-03,  6.87244E-03,  4.22837E-03,  1.11284E-03, -2.44252E-03, -6.36920E-03, -1.05603E-02, -1.48749E-02, -1.91484E-02, -2.32083E-02, -2.68925E-02, -3.00669E-02, -3.26385E-02, -3.45611E-02, -3.58345E-02, -3.64968E-02, -3.66145E-02, -3.62703E-02, -3.55528E-02, -3.45483E-02, -3.33358E-02, -3.19833E-02, -3.05476E-02, -2.90738E-02, -2.75967E-02, -2.61423E-02, -2.47292E-02, -2.33700E-02, -2.20729E-02, -2.08423E-02, -1.96802E-02,
  1.28223E-02,  1.29531E-02,  1.29850E-02,  1.28915E-02,  1.26425E-02,  1.22040E-02,  1.15392E-02,  1.06097E-02,  9.37838E-03,  7.81196E-03,  5.88578E-03,  3.58856E-03,  9.27606E-04, -2.06656E-03, -5.33737E-03, -8.80205E-03, -1.23552E-02, -1.58761E-02, -1.92392E-02, -2.23257E-02, -2.50356E-02, -2.72956E-02, -2.90640E-02, -3.03311E-02, -3.11152E-02, -3.14563E-02, -3.14091E-02, -3.10355E-02, -3.03990E-02, -2.95599E-02, -2.85727E-02, -2.74845E-02, -2.63347E-02, -2.51551E-02, -2.39704E-02, -2.27998E-02, -2.16572E-02, -2.05524E-02, -1.94921E-02, -1.84803E-02,
  1.17914E-02,  1.18485E-02,  1.18106E-02,  1.16556E-02,  1.13586E-02,  1.08924E-02,  1.02286E-02,  9.33844E-03,  8.19526E-03,  6.77677E-03,  5.06821E-03,  3.06586E-03,  7.80342E-04, -1.76056E-03, -4.51047E-03, -7.40486E-03, -1.03639E-02, -1.32976E-02, -1.61129E-02, -1.87214E-02, -2.10471E-02, -2.30321E-02, -2.46404E-02, -2.58582E-02, -2.66922E-02, -2.71659E-02, -2.73151E-02, -2.71828E-02, -2.68152E-02, -2.62580E-02, -2.55543E-02, -2.47424E-02, -2.38558E-02, -2.29225E-02, -2.19652E-02, -2.10024E-02, -2.00479E-02, -1.91126E-02, -1.82041E-02, -1.73279E-02,
  1.08381E-02,  1.08358E-02,  1.07439E-02,  1.05438E-02,  1.02152E-02,  9.73669E-03,  9.08627E-03,  8.24271E-03,  7.18710E-03,  5.90473E-03,  4.38745E-03,  2.63596E-03,  6.62056E-04, -1.50974E-03, -3.84151E-03, -6.28258E-03, -8.77174E-03, -1.12409E-02, -1.36199E-02, -1.58420E-02, -1.78487E-02, -1.95942E-02, -2.10476E-02, -2.21942E-02, -2.30340E-02, -2.35802E-02, -2.38559E-02, -2.38907E-02, -2.37181E-02, -2.33726E-02, -2.28877E-02, -2.22942E-02, -2.16201E-02, -2.08895E-02, -2.01226E-02, -1.93364E-02, -1.85443E-02, -1.77571E-02, -1.69830E-02, -1.62281E-02,
  9.96028E-03,  9.91093E-03,  9.77794E-03,  9.54598E-03,  9.19867E-03,  8.71909E-03,  8.09046E-03,  7.29715E-03,  6.32593E-03,  5.16741E-03,  3.81769E-03,  2.28001E-03,  5.66120E-04, -1.30271E-03, -3.29547E-03, -5.37205E-03, -7.48498E-03, -9.58202E-03, -1.16096E-02, -1.35164E-02, -1.52571E-02, -1.67950E-02, -1.81041E-02, -1.91700E-02, -1.99893E-02, -2.05685E-02, -2.09223E-02, -2.10709E-02, -2.10386E-02, -2.08509E-02, -2.05339E-02, -2.01123E-02, -1.96089E-02, -1.90441E-02, -1.84357E-02, -1.77988E-02, -1.71459E-02, -1.64873E-02, -1.58313E-02, -1.51842E-02,
  9.15457E-03,  9.06852E-03,  8.90519E-03,  8.65197E-03,  8.29572E-03,  7.82319E-03,  7.22166E-03,  6.47970E-03,  5.58822E-03,  4.54149E-03,  3.33836E-03,  1.98336E-03,  4.87599E-04, -1.13066E-03, -2.84601E-03, -4.62644E-03, -6.43475E-03, -8.23036E-03, -9.97178E-03, -1.16192E-02, -1.31369E-02, -1.44954E-02, -1.56729E-02, -1.66561E-02, -1.74397E-02, -1.80263E-02, -1.84248E-02, -1.86490E-02, -1.87161E-02, -1.86453E-02, -1.84566E-02, -1.81695E-02, -1.78025E-02, -1.73729E-02, -1.68957E-02, -1.63843E-02, -1.58500E-02, -1.53025E-02, -1.47496E-02, -1.41977E-02,
