 -4.86995E-02, -4.99429E-02, -5.12277E-02, -5.25535E-02, -5.39195E-02, -5.53243E-02, -5.67657E-02, -5.82404E-02, -5.97438E-02, -6.12698E-02, -6.28103E-02, -6.43548E-02, -6.58899E-02, -6.73995E-02, -6.88639E-02, -7.02605E-02, -7.15640E-02, -7.27475E-02, -7.37835E-02, -7.46459E-02, -7.53116E-02, -7.57625E-02, -7.59865E-02, -7.59787E-02, -7.57414E-02, -7.52838E-02, -7.46208E-02, -7.37720E-02, -7.27598E-02, -7.16082E-02, -7.03417E-02, -6.89839E-02, -6.75568E-02, -6.60805E-02, -6.45728E-02, -6.30490E-02, -6.15223E-02, -6.00036E-02, -5.85016E-02, -5.70237E-02,
 -4.97601E-02, -5.10872E-02, -5.24632E-02, -5.38884E-02, -5.53628E-02, -5.68857E-02, -5.84556E-02, -6.00701E-02, -6.17253E-02, -6.34157E-02, -6.51334E-02, -6.68677E-02, -6.86046E-02, -7.03259E-02, -7.20088E-02, -7.36263E-02, -7.51469E-02, -7.65365E-02, -7.77593E-02, -7.87809E-02, -7.95707E-02, -8.01044E-02, -8.03662E-02, -8.03498E-02, -8.00591E-02, -7.95070E-02, -7.87140E-02, -7.77062E-02, -7.65131E-02, -7.51656E-02, -7.36944E-02, -7.21286E-02, -7.04947E-02, -6.88162E-02, -6.71136E-02, -6.54041E-02, -6.37020E-02, -6.20187E-02, -6.03634E-02, -5.87430E-02,
 -5.08322E-02, -5.22474E-02, -5.37199E-02, -5.52508E-02, -5.68411E-02, -5.84910E-02, -6.02002E-02, -6.19674E-02, -6.37900E-02, -6.56636E-02, -6.75812E-02, -6.95326E-02, -7.15035E-02, -7.34739E-02, -7.54182E-02, -7.73038E-02, -7.90918E-02, -8.07382E-02, -8.21961E-02, -8.34194E-02, -8.43666E-02, -8.50046E-02, -8.53123E-02, -8.52822E-02, -8.49203E-02, -8.42452E-02, -8.32856E-02, -8.20769E-02, -8.06583E-02, -7.90697E-02, -7.73500E-02, -7.55349E-02, -7.36561E-02, -7.17413E-02, -6.98136E-02, -6.78919E-02, -6.59913E-02, -6.41238E-02, -6.22983E-02, -6.05213E-02,
 -5.19122E-02, -5.34198E-02, -5.49939E-02, -5.66367E-02, -5.83502E-02, -6.01361E-02, -6.19955E-02, -6.39287E-02, -6.59350E-02, -6.80117E-02, -7.01538E-02, -7.23527E-02, -7.45946E-02, -7.68591E-02, -7.91172E-02, -8.13307E-02, -8.34512E-02, -8.54217E-02, -8.71798E-02, -8.86625E-02, -8.98123E-02, -9.05836E-02, -9.09476E-02, -9.08950E-02, -9.04360E-02, -8.95982E-02, -8.84221E-02, -8.69565E-02, -8.52538E-02, -8.33664E-02, -8.13431E-02, -7.92279E-02, -7.70587E-02, -7.48673E-02, -7.26793E-02, -7.05152E-02, -6.83906E-02, -6.63173E-02, -6.43035E-02, -6.23550E-02,
 -5.29960E-02, -5.45999E-02, -5.62805E-02, -5.80410E-02, -5.98851E-02, -6.18157E-02, -6.38360E-02, -6.59484E-02, -6.81547E-02, -7.04552E-02, -7.28481E-02, -7.53277E-02, -7.78827E-02, -8.04938E-02, -8.31303E-02, -8.57476E-02, -8.82861E-02, -9.06715E-02, -9.28191E-02, -9.46412E-02, -9.60565E-02, -9.70006E-02, -9.74334E-02, -9.73440E-02, -9.67499E-02, -9.56924E-02, -9.42303E-02, -9.24319E-02, -9.03681E-02, -8.81073E-02, -8.57113E-02, -8.32338E-02, -8.07193E-02, -7.82038E-02, -7.57153E-02, -7.32750E-02, -7.08982E-02, -6.85957E-02, -6.63745E-02, -6.42386E-02,
 -5.40791E-02, -5.57829E-02, -5.75744E-02, -5.94583E-02, -6.14395E-02, -6.35233E-02, -6.57146E-02, -6.80189E-02, -7.04412E-02, -7.29859E-02, -7.56560E-02, -7.84514E-02, -8.13663E-02, -8.43852E-02, -8.74783E-02, -9.05962E-02, -9.36661E-02, -9.65905E-02, -9.92530E-02, -1.01528E-01, -1.03299E-01, -1.04470E-01, -1.04987E-01, -1.04837E-01, -1.04049E-01, -1.02689E-01, -1.00843E-01, -9.86081E-02, -9.60804E-02, -9.33498E-02, -9.04940E-02, -8.75778E-02, -8.46526E-02, -8.17580E-02, -7.89233E-02, -7.61691E-02, -7.35094E-02, -7.09529E-02, -6.85042E-02, -6.61650E-02,
 -5.51562E-02, -5.69631E-02, -5.88696E-02, -6.08819E-02, -6.30066E-02, -6.52510E-02, -6.76228E-02, -7.01305E-02, -7.27833E-02, -7.55912E-02, -7.85640E-02, -8.17103E-02, -8.50341E-02, -8.85295E-02, -9.21733E-02, -9.59151E-02, -9.96681E-02, -1.03305E-01, -1.06662E-01, -1.09557E-01, -1.11813E-01, -1.13290E-01, -1.13907E-01, -1.13654E-01, -1.12583E-01, -1.10797E-01, -1.08426E-01, -1.05610E-01, -1.02481E-01, -9.91557E-02, -9.57309E-02, -9.22830E-02, -8.88697E-02, -8.55327E-02, -8.23003E-02, -7.91911E-02, -7.62158E-02, -7.33794E-02, -7.06829E-02, -6.81244E-02,
 -5.62217E-02, -5.81345E-02, -6.01595E-02, -6.23046E-02, -6.45784E-02, -6.69903E-02, -6.95508E-02, -7.22719E-02, -7.51676E-02, -7.82544E-02, -8.15516E-02, -8.50803E-02, -8.88608E-02, -9.29059E-02, -9.72097E-02, -1.01730E-01, -1.06371E-01, -1.10968E-01, -1.15286E-01, -1.19051E-01, -1.21989E-01, -1.23884E-01, -1.24617E-01, -1.24185E-01, -1.22685E-01, -1.20285E-01, -1.17186E-01, -1.13587E-01, -1.09671E-01, -1.05589E-01, -1.01459E-01, -9.73669E-02, -9.33753E-02, -8.95240E-02, -8.58377E-02, -8.23296E-02, -7.90046E-02, -7.58622E-02, -7.28978E-02, -7.01047E-02,
 -5.72695E-02, -5.92904E-02, -6.14369E-02, -6.37187E-02, -6.61465E-02, -6.87318E-02, -7.14879E-02, -7.44305E-02, -7.75783E-02, -8.09552E-02, -8.45914E-02, -8.85250E-02, -9.28010E-02, -9.74651E-02, -1.02548E-01, -1.08039E-01, -1.13845E-01, -1.19759E-01, -1.25445E-01, -1.30472E-01, -1.34398E-01, -1.36876E-01, -1.37729E-01, -1.36981E-01, -1.34813E-01, -1.31507E-01, -1.27375E-01, -1.22710E-01, -1.17758E-01, -1.12711E-01, -1.07706E-01, -1.02838E-01, -9.81641E-02, -9.37193E-02, -8.95189E-02, -8.55664E-02, -8.18577E-02, -7.83836E-02, -7.51325E-02, -7.20909E-02,
 -5.82929E-02, -6.04235E-02, -6.26940E-02, -6.51159E-02, -6.77019E-02, -7.04660E-02, -7.34239E-02, -7.65942E-02, -8.00000E-02, -8.36717E-02, -8.76508E-02, -9.19954E-02, -9.67842E-02, -1.02115E-01, -1.08090E-01, -1.14771E-01, -1.22115E-01, -1.29879E-01, -1.37574E-01, -1.44502E-01, -1.49914E-01, -1.53223E-01, -1.54168E-01, -1.52839E-01, -1.49595E-01, -1.44918E-01, -1.39302E-01, -1.33169E-01, -1.26848E-01, -1.20571E-01, -1.14487E-01, -1.08687E-01, -1.03217E-01, -9.80941E-02, -9.33175E-02, -8.88755E-02, -8.47504E-02, -8.09214E-02, -7.73668E-02, -7.40649E-02,
 -5.92849E-02, -6.15262E-02, -6.39224E-02, -6.64873E-02, -6.92356E-02, -7.21835E-02, -7.53490E-02, -7.87526E-02, -8.24199E-02, -8.63850E-02, -9.06975E-02, -9.54340E-02, -1.00712E-01, -1.06705E-01, -1.13636E-01, -1.21730E-01, -1.31092E-01, -1.41507E-01, -1.52272E-01, -1.62203E-01, -1.69948E-01, -1.74465E-01, -1.75367E-01, -1.72941E-01, -1.67904E-01, -1.61107E-01, -1.53325E-01, -1.45161E-01, -1.37031E-01, -1.29193E-01, -1.21790E-01, -1.14886E-01, -1.08496E-01, -1.02609E-01, -9.71956E-02, -9.22221E-02, -8.76516E-02, -8.34479E-02, -7.95766E-02, -7.60059E-02,
 -6.02377E-02, -6.25899E-02, -6.51131E-02, -6.78234E-02, -7.07380E-02, -7.38753E-02, -7.72551E-02, -8.08991E-02, -8.48321E-02, -8.90866E-02, -9.37114E-02, -9.87897E-02, -1.04471E-01, -1.11014E-01, -1.18830E-01, -1.28462E-01, -1.40403E-01, -1.54685E-01, -1.70355E-01, -1.85310E-01, -1.96921E-01, -2.03207E-01, -2.03646E-01, -1.99061E-01, -1.90942E-01, -1.80799E-01, -1.69832E-01, -1.58856E-01, -1.48351E-01, -1.38556E-01, -1.29563E-01, -1.21371E-01, -1.13939E-01, -1.07206E-01, -1.01102E-01, -9.55615E-02, -9.05229E-02, -8.59303E-02, -8.17340E-02, -7.78903E-02,
 -6.11432E-02, -6.36056E-02, -6.62562E-02, -6.91138E-02, -7.21987E-02, -7.55320E-02, -7.91357E-02, -8.30316E-02, -8.72413E-02, -9.17878E-02, -9.67031E-02, -1.02049E-01, -1.07967E-01, -1.14771E-01, -1.23101E-01, -1.34045E-01, -1.49008E-01, -1.68941E-01, -1.92867E-01, -2.16865E-01, -2.35319E-01, -2.44145E-01, -2.42880E-01, -2.33883E-01, -2.20317E-01, -2.04827E-01, -1.89174E-01, -1.74340E-01, -1.60765E-01, -1.48566E-01, -1.37698E-01, -1.28041E-01, -1.19456E-01, -1.11807E-01, -1.04971E-01, -9.88392E-02, -9.33190E-02, -8.83311E-02, -8.38079E-02, -7.96918E-02,
 -6.19923E-02, -6.45631E-02, -6.73405E-02, -7.03466E-02, -7.36057E-02, -7.71431E-02, -8.09842E-02, -8.51521E-02, -8.96641E-02, -9.45278E-02, -9.97387E-02, -1.05291E-01, -1.11224E-01, -1.17770E-01, -1.25678E-01, -1.36766E-01, -1.54330E-01, -1.82180E-01, -2.20801E-01, -2.62691E-01, -2.94327E-01, -3.06349E-01, -2.99719E-01, -2.81368E-01, -2.58010E-01, -2.33980E-01, -2.11521E-01, -1.91512E-01, -1.74082E-01, -1.59023E-01, -1.46018E-01, -1.34746E-01, -1.24924E-01, -1.16315E-01, -1.08724E-01, -1.01992E-01, -9.59888E-02, -9.06087E-02, -8.57642E-02, -8.13828E-02,
 -6.27756E-02, -6.54515E-02, -6.83533E-02, -7.15077E-02, -7.49441E-02, -7.86942E-02, -8.27901E-02, -8.72606E-02, -9.21236E-02, -9.73729E-02, -1.02957E-01, -1.08752E-01, -1.14555E-01, -1.20181E-01, -1.25932E-01, -1.33908E-01, -1.50431E-01, -1.87184E-01, -2.53203E-01, -3.35177E-01, -3.95223E-01, -4.08630E-01, -3.85471E-01, -3.46836E-01, -3.05963E-01, -2.68599E-01, -2.36595E-01, -2.09940E-01, -1.87897E-01, -1.69595E-01, -1.54265E-01, -1.41290E-01, -1.30194E-01, -1.20615E-01, -1.12272E-01, -1.04949E-01, -9.84768E-02, -9.27189E-02, -8.75675E-02, -8.29344E-02,
 -6.34830E-02, -6.62586E-02, -6.92803E-02, -7.25800E-02, -7.61943E-02, -8.01643E-02, -8.45338E-02, -8.93459E-02, -9.46327E-02, -1.00394E-01, -1.06553E-01, -1.12864E-01, -1.18765E-01, -1.23182E-01, -1.24611E-01, -1.22770E-01, -1.25184E-01, -1.60611E-01, -2.76503E-01, -4.64050E-01, -5.96033E-01, -5.92208E-01, -5.17169E-01, -4.35290E-01, -3.64619E-01, -3.07696E-01, -2.63244E-01, -2.28695E-01, -2.01539E-01, -1.79814E-01, -1.62111E-01, -1.47438E-01, -1.35095E-01, -1.24578E-01, -1.15518E-01, -1.07638E-01, -1.00726E-01, -9.46167E-02, -8.91821E-02, -8.43182E-02,
 -6.41039E-02, -6.69715E-02, -7.01053E-02, -7.35436E-02, -7.73317E-02, -8.15231E-02, -8.61800E-02, -9.13713E-02, -9.71664E-02, -1.03614E-01, -1.10686E-01, -1.18141E-01, -1.25182E-01, -1.29681E-01, -1.26651E-01, -1.06676E-01, -6.20951E-02, -3.20457E-02, -2.01744E-01, -7.25352E-01, -1.09292E+00, -9.43639E-01, -7.05906E-01, -5.43422E-01, -4.29137E-01, -3.47439E-01, -2.88992E-01, -2.46288E-01, -2.14112E-01, -1.89119E-01, -1.69187E-01, -1.52938E-01, -1.39447E-01, -1.28076E-01, -1.18366E-01, -1.09984E-01, -1.02679E-01, -9.62584E-02, -9.05736E-02, -8.55069E-02,
 -6.46279E-02, -6.75768E-02, -7.08111E-02, -7.43758E-02, -7.83260E-02, -8.27302E-02, -8.76738E-02, -9.32638E-02, -9.96317E-02, -1.06932E-01, -1.15313E-01, -1.24818E-01, -1.35023E-01, -1.43873E-01, -1.43961E-01, -1.11364E-01,  1.99875E-02,  3.48076E-01,  5.11535E-01, -1.19199E+00, -2.76921E+00, -1.54120E+00, -8.74722E-01, -6.33401E-01, -4.81504E-01, -3.79597E-01, -3.10136E-01, -2.60951E-01, -2.24678E-01, -1.96958E-01, -1.75141E-01, -1.57550E-01, -1.43082E-01, -1.30984E-01, -1.20725E-01, -1.11920E-01, -1.04285E-01, -9.76035E-02, -9.17105E-02, -8.64757E-02,
 -6.50449E-02, -6.80614E-02, -7.13804E-02, -7.50530E-02, -7.91441E-02, -8.37374E-02, -8.89438E-02, -9.49133E-02, -1.01856E-01, -1.10074E-01, -1.20009E-01, -1.32312E-01, -1.47868E-01, -1.67452E-01, -1.89204E-01, -1.94366E-01, -6.98506E-02,  7.73022E-01,  4.12730E+00,  2.43188E+00, -1.12424E+01, -1.62312E+00, -5.14014E-01, -5.61243E-01, -4.84441E-01, -3.94402E-01, -3.23681E-01, -2.71466E-01, -2.32586E-01, -2.02919E-01, -1.79690E-01, -1.61075E-01, -1.45856E-01, -1.33198E-01, -1.22515E-01, -1.13385E-01, -1.05498E-01, -9.86177E-02, -9.25662E-02, -8.72036E-02,
 -6.53463E-02, -6.84139E-02, -7.17971E-02, -7.55527E-02, -7.97532E-02, -8.44955E-02, -8.99119E-02, -9.61909E-02, -1.03614E-01, -1.12626E-01, -1.23972E-01, -1.39000E-01, -1.60344E-01, -1.93595E-01, -2.51655E-01, -3.66113E-01, -6.08914E-01, -9.72871E-01,  2.01485E+00,  5.32294E+01, -2.52097E+01, -1.17411E+01,  2.53489E+00, -1.29131E-01, -4.34169E-01, -3.95779E-01, -3.31002E-01, -2.78023E-01, -2.37683E-01, -2.06793E-01, -1.82652E-01, -1.63369E-01, -1.47658E-01, -1.34635E-01, -1.23676E-01, -1.14335E-01, -1.06283E-01, -9.92740E-02, -9.31197E-02, -8.76744E-02,
 -6.55251E-02, -6.86247E-02, -7.20487E-02, -7.58567E-02, -8.01266E-02, -8.49630E-02, -9.05110E-02, -9.69815E-02, -1.04696E-01, -1.14178E-01, -1.26338E-01, -1.42896E-01, -1.67424E-01, -2.08183E-01, -2.86820E-01, -4.69266E-01, -9.96159E-01, -2.95217E+00, -1.23980E+01, -1.78878E+02,  1.14387E+03, -5.29086E+00,  3.34888E+00, -1.90920E-01, -4.63670E-01, -4.07734E-01, -3.36989E-01, -2.81602E-01, -2.40072E-01, -2.08496E-01, -1.83918E-01, -1.64339E-01, -1.48418E-01, -1.35240E-01, -1.24167E-01, -1.14738E-01, -1.06618E-01, -9.95547E-02, -9.33574E-02, -8.78773E-02,
 -6.55769E-02, -6.86881E-02, -7.21267E-02, -7.59534E-02, -8.02474E-02, -8.51144E-02, -9.07012E-02, -9.72190E-02, -1.04987E-01, -1.14511E-01, -1.26652E-01, -1.42960E-01, -1.66450E-01, -2.03381E-01, -2.67374E-01, -3.86426E-01, -5.78383E-01, -2.14401E-01,  1.12551E+01,  7.09226E+01, -7.49836E+01,  7.35401E+00, -1.97946E+00, -9.17286E-01, -5.79657E-01, -4.29778E-01, -3.41176E-01, -2.81930E-01, -2.39585E-01, -2.07919E-01, -1.83416E-01, -1.63935E-01, -1.48099E-01, -1.34990E-01, -1.23969E-01, -1.14581E-01, -1.06491E-01, -9.94521E-02, -9.32733E-02, -8.78078E-02,
 -6.55000E-02, -6.86017E-02, -7.20284E-02, -7.58394E-02, -8.01113E-02, -8.49452E-02, -9.04785E-02, -9.69035E-02, -1.04499E-01, -1.13682E-01, -1.25103E-01, -1.39792E-01, -1.59379E-01, -1.86174E-01, -2.21704E-01, -2.55563E-01, -2.02174E-01,  3.66991E-01,  2.11292E+00, -2.58492E+00, -6.51525E+00,  6.38796E-01, -1.05986E+00, -8.87595E-01, -5.90521E-01, -4.28792E-01, -3.36496E-01, -2.77240E-01, -2.35736E-01, -2.04924E-01, -1.81111E-01, -1.62153E-01, -1.46708E-01, -1.33891E-01, -1.23089E-01, -1.13868E-01, -1.05908E-01, -9.89692E-02, -9.28698E-02, -8.74678E-02,
 -6.52955E-02, -6.83673E-02, -7.17566E-02, -7.55192E-02, -7.97265E-02, -8.44702E-02, -8.98717E-02, -9.60932E-02, -1.03356E-01, -1.11964E-01, -1.22327E-01, -1.34970E-01, -1.50412E-01, -1.68602E-01, -1.86844E-01, -1.93662E-01, -1.58873E-01, -7.42199E-02, -3.04341E-01, -1.60743E+00, -1.94707E+00, -9.42600E-01, -7.74854E-01, -6.69637E-01, -5.15134E-01, -3.98020E-01, -3.19896E-01, -2.66586E-01, -2.28302E-01, -1.99510E-01, -1.77058E-01, -1.59053E-01, -1.44294E-01, -1.31981E-01, -1.21558E-01, -1.12623E-01, -1.04885E-01, -9.81196E-02, -9.21575E-02, -8.68653E-02,
 -6.49672E-02, -6.79903E-02, -7.13188E-02, -7.50042E-02, -7.91106E-02, -8.37185E-02, -8.89306E-02, -9.48775E-02, -1.01726E-01, -1.09683E-01, -1.18988E-01, -1.29876E-01, -1.42433E-01, -1.56263E-01, -1.69915E-01, -1.81079E-01, -1.93628E-01, -2.48054E-01, -4.54821E-01, -8.10284E-01, -9.35356E-01, -7.67876E-01, -6.25480E-01, -5.25934E-01, -4.32816E-01, -3.54612E-01, -2.95200E-01, -2.51064E-01, -2.17760E-01, -1.91960E-01, -1.71448E-01, -1.54772E-01, -1.40958E-01, -1.29336E-01, -1.19428E-01, -1.10888E-01, -1.03453E-01, -9.69268E-02, -9.11543E-02, -8.60144E-02,
 -6.45213E-02, -6.74787E-02, -7.07263E-02, -7.43104E-02, -7.82873E-02, -8.27261E-02, -8.77116E-02, -9.33478E-02, -9.97596E-02, -1.07092E-01, -1.15500E-01, -1.25126E-01, -1.36052E-01, -1.48297E-01, -1.62092E-01, -1.79334E-01, -2.07855E-01, -2.67092E-01, -3.76972E-01, -5.07493E-01, -5.71260E-01, -5.44699E-01, -4.84388E-01, -4.22302E-01, -3.63321E-01, -3.10987E-01, -2.67601E-01, -2.32829E-01, -2.05110E-01, -1.82809E-01, -1.64606E-01, -1.49522E-01, -1.36845E-01, -1.26058E-01, -1.16777E-01, -1.08716E-01, -1.01655E-01, -9.54227E-02, -8.98849E-02, -8.49343E-02,
 -6.39656E-02, -6.68428E-02, -6.99929E-02, -7.34565E-02, -7.72825E-02, -8.15294E-02, -8.62674E-02, -9.15797E-02, -9.75638E-02, -1.04331E-01, -1.12007E-01, -1.20730E-01, -1.30682E-01, -1.42201E-01, -1.56135E-01, -1.74668E-01, -2.02403E-01, -2.45616E-01, -3.05205E-01, -3.65762E-01, -4.01259E-01, -4.01343E-01, -3.77406E-01, -3.43301E-01, -3.06692E-01, -2.71692E-01, -2.40514E-01, -2.13848E-01, -1.91449E-01, -1.72695E-01, -1.56925E-01, -1.43559E-01, -1.32130E-01, -1.22271E-01, -1.13694E-01, -1.06176E-01, -9.95407E-02, -9.36460E-02, -8.83792E-02, -8.36485E-02,
 -6.33092E-02, -6.60944E-02, -6.91335E-02, -7.24621E-02, -7.61219E-02, -8.01625E-02, -8.46419E-02, -8.96284E-02, -9.52015E-02, -1.01455E-01, -1.08501E-01, -1.16490E-01, -1.25645E-01, -1.36373E-01, -1.49450E-01, -1.66268E-01, -1.88795E-01, -2.18434E-01, -2.53293E-01, -2.86088E-01, -3.07224E-01, -3.11842E-01, -3.02236E-01, -2.83797E-01, -2.61265E-01, -2.37884E-01, -2.15622E-01, -1.95456E-01, -1.77680E-01, -1.62209E-01, -1.48795E-01, -1.37149E-01, -1.27000E-01, -1.18109E-01, -1.10277E-01, -1.03342E-01, -9.71661E-02, -9.16398E-02, -8.66709E-02, -8.21834E-02,
 -6.25622E-02, -6.52458E-02, -6.81636E-02, -7.13464E-02, -7.48298E-02, -7.86552E-02, -8.28711E-02, -8.75338E-02, -9.27098E-02, -9.84793E-02, -1.04943E-01, -1.12241E-01, -1.20577E-01, -1.30280E-01, -1.41856E-01, -1.55994E-01, -1.73331E-01, -1.93795E-01, -2.15682E-01, -2.35382E-01, -2.48737E-01, -2.53320E-01, -2.49441E-01, -2.39225E-01, -2.25193E-01, -2.09471E-01, -1.93564E-01, -1.78394E-01, -1.64425E-01, -1.51818E-01, -1.40555E-01, -1.30537E-01, -1.21631E-01, -1.13703E-01, -1.06625E-01, -1.00286E-01, -9.45888E-02, -8.94489E-02, -8.47953E-02, -8.05672E-02,
 -6.17348E-02, -6.43095E-02, -6.70986E-02, -7.01283E-02, -7.34286E-02, -7.70341E-02, -8.09848E-02, -8.53271E-02, -9.01158E-02, -9.54175E-02, -1.01316E-01, -1.07924E-01, -1.15396E-01, -1.23944E-01, -1.33837E-01, -1.45339E-01, -1.58531E-01, -1.73002E-01, -1.87562E-01, -2.00297E-01, -2.09179E-01, -2.12920E-01, -2.11414E-01, -2.05532E-01, -1.96580E-01, -1.85855E-01, -1.74408E-01, -1.62985E-01, -1.52047E-01, -1.41841E-01, -1.32463E-01, -1.23922E-01, -1.16180E-01, -1.09172E-01, -1.02830E-01, -9.70829E-02, -9.18655E-02, -8.71182E-02, -8.27882E-02, -7.88286E-02,
 -6.08376E-02, -6.32982E-02, -6.59535E-02, -6.88256E-02, -7.19394E-02, -7.53233E-02, -7.90097E-02, -8.30361E-02, -8.74462E-02, -9.22920E-02, -9.76373E-02, -1.03562E-01, -1.10164E-01, -1.17560E-01, -1.25860E-01, -1.35112E-01, -1.45202E-01, -1.55714E-01, -1.65858E-01, -1.74556E-01, -1.80725E-01, -1.83643E-01, -1.83151E-01, -1.79620E-01, -1.73737E-01, -1.66275E-01, -1.57941E-01, -1.49290E-01, -1.40716E-01, -1.32471E-01, -1.24697E-01, -1.17459E-01, -1.10770E-01, -1.04619E-01, -9.89730E-02, -9.37963E-02, -8.90485E-02, -8.46901E-02, -8.06840E-02, -7.69958E-02,
 -5.98809E-02, -6.22241E-02, -6.47427E-02, -6.74551E-02, -7.03815E-02, -7.35448E-02, -7.69706E-02, -8.06880E-02, -8.47300E-02, -8.91343E-02, -9.39448E-02, -9.92111E-02, -1.04986E-01, -1.11317E-01, -1.18225E-01, -1.25665E-01, -1.33470E-01, -1.41303E-01, -1.48641E-01, -1.54842E-01, -1.59287E-01, -1.61548E-01, -1.61495E-01, -1.59288E-01, -1.55298E-01, -1.49992E-01, -1.43834E-01, -1.37222E-01, -1.30472E-01, -1.23805E-01, -1.17369E-01, -1.11252E-01, -1.05498E-01, -1.00123E-01, -9.51225E-02, -9.04833E-02, -8.61848E-02, -8.22033E-02, -7.85148E-02, -7.50954E-02,
 -5.88749E-02, -6.10990E-02, -6.34800E-02, -6.60326E-02, -6.87732E-02, -7.17195E-02, -7.48910E-02, -7.83091E-02, -8.19972E-02, -8.59803E-02, -9.02849E-02, -9.49365E-02, -9.99556E-02, -1.05348E-01, -1.11089E-01, -1.17100E-01, -1.23221E-01, -1.29194E-01, -1.34668E-01, -1.39243E-01, -1.42545E-01, -1.44311E-01, -1.44442E-01, -1.43010E-01, -1.40222E-01, -1.36363E-01, -1.31737E-01, -1.26629E-01, -1.21277E-01, -1.15868E-01, -1.10534E-01, -1.05369E-01, -1.00429E-01, -9.57457E-02, -9.13325E-02, -8.71909E-02, -8.33145E-02, -7.96921E-02, -7.63096E-02, -7.31518E-02,
 -5.78292E-02, -5.99340E-02, -6.21780E-02, -6.45730E-02, -6.71313E-02, -6.98665E-02, -7.27925E-02, -7.59243E-02, -7.92767E-02, -8.28643E-02, -8.67000E-02, -9.07921E-02, -9.51400E-02, -9.97270E-02, -1.04509E-01, -1.09402E-01, -1.14269E-01, -1.18918E-01, -1.23108E-01, -1.26580E-01, -1.29098E-01, -1.30494E-01, -1.30695E-01, -1.29733E-01, -1.27729E-01, -1.24859E-01, -1.21328E-01, -1.17333E-01, -1.13055E-01, -1.08642E-01, -1.04210E-01, -9.98450E-02, -9.56055E-02, -9.15308E-02, -8.76439E-02, -8.39562E-02, -8.04708E-02, -7.71853E-02, -7.40934E-02, -7.11868E-02,
 -5.67530E-02, -5.87396E-02, -6.08489E-02, -6.30896E-02, -6.54712E-02, -6.80031E-02, -7.06949E-02, -7.35558E-02, -7.65940E-02, -7.98159E-02, -8.32246E-02, -8.68169E-02, -9.05802E-02, -9.44869E-02, -9.84875E-02, -1.02504E-01, -1.06427E-01, -1.10110E-01, -1.13388E-01, -1.16086E-01, -1.18050E-01, -1.19167E-01, -1.19386E-01, -1.18720E-01, -1.17242E-01, -1.15064E-01, -1.12323E-01, -1.09161E-01, -1.05710E-01, -1.02087E-01, -9.83894E-02, -9.46914E-02, -9.10500E-02, -8.75057E-02, -8.40859E-02, -8.08075E-02, -7.76800E-02, -7.47069E-02, -7.18877E-02, -6.92193E-02,
 -5.56548E-02, -5.75255E-02, -5.95033E-02, -6.15949E-02, -6.38066E-02, -6.61448E-02, -6.86153E-02, -7.12227E-02, -7.39702E-02, -7.68583E-02, -7.98833E-02, -8.30352E-02, -8.62953E-02, -8.96320E-02, -9.29976E-02, -9.63247E-02, -9.95249E-02, -1.02491E-01, -1.05103E-01, -1.07242E-01, -1.08802E-01, -1.09708E-01, -1.09922E-01, -1.09448E-01, -1.08332E-01, -1.06647E-01, -1.04487E-01, -1.01953E-01, -9.91431E-02, -9.61486E-02, -9.30477E-02, -8.99050E-02, -8.67715E-02, -8.36861E-02, -8.06774E-02, -7.77651E-02, -7.49621E-02, -7.22759E-02, -6.97101E-02, -6.72652E-02,
 -5.45423E-02, -5.63003E-02, -5.81512E-02, -6.00995E-02, -6.21495E-02, -6.43047E-02, -6.65679E-02, -6.89405E-02, -7.14218E-02, -7.40082E-02, -7.66918E-02, -7.94592E-02, -8.22889E-02, -8.51497E-02, -8.79984E-02, -9.07783E-02, -9.34194E-02, -9.58409E-02, -9.79563E-02, -9.96811E-02, -1.00942E-01, -1.01686E-01, -1.01884E-01, -1.01539E-01, -1.00679E-01, -9.93525E-02, -9.76254E-02, -9.55703E-02, -9.32610E-02, -9.07677E-02, -8.81533E-02, -8.54720E-02, -8.27684E-02, -8.00785E-02, -7.74296E-02, -7.48424E-02, -7.23315E-02, -6.99068E-02, -6.75745E-02, -6.53377E-02,
 -5.34227E-02, -5.50719E-02, -5.68010E-02, -5.86129E-02, -6.05100E-02, -6.24937E-02, -6.45644E-02, -6.67211E-02, -6.89605E-02, -7.12763E-02, -7.36584E-02, -7.60918E-02, -7.85548E-02, -8.10184E-02, -8.34447E-02, -8.57868E-02, -8.79896E-02, -8.99915E-02, -9.17288E-02, -9.31404E-02, -9.41740E-02, -9.47913E-02, -9.49718E-02, -9.47151E-02, -9.40392E-02, -9.29785E-02, -9.15790E-02, -8.98938E-02, -8.79783E-02, -8.58870E-02, -8.36701E-02, -8.13726E-02, -7.90327E-02, -7.66824E-02, -7.43473E-02, -7.20475E-02, -6.97981E-02, -6.76103E-02, -6.54917E-02, -6.34474E-02,
 -5.23022E-02, -5.38470E-02, -5.54602E-02, -5.71431E-02, -5.88965E-02, -6.07205E-02, -6.26137E-02, -6.45732E-02, -6.65941E-02, -6.86686E-02, -7.07857E-02, -7.29298E-02, -7.50807E-02, -7.72120E-02, -7.92914E-02, -8.12805E-02, -8.31353E-02, -8.48089E-02, -8.62533E-02, -8.74236E-02, -8.82816E-02, -8.87993E-02, -8.89615E-02, -8.87666E-02, -8.82270E-02, -8.73666E-02, -8.62186E-02, -8.48222E-02, -8.32194E-02, -8.14525E-02, -7.95617E-02, -7.75839E-02, -7.55517E-02, -7.34929E-02, -7.14308E-02, -6.93842E-02, -6.73679E-02, -6.53936E-02, -6.34697E-02, -6.16024E-02,
 -5.11862E-02, -5.26317E-02, -5.41350E-02, -5.56965E-02, -5.73160E-02, -5.89920E-02, -6.07223E-02, -6.25026E-02, -6.43271E-02, -6.61873E-02, -6.80718E-02, -6.99659E-02, -7.18508E-02, -7.37035E-02, -7.54965E-02, -7.71982E-02, -7.87738E-02, -8.01868E-02, -8.14009E-02, -8.23822E-02, -8.31025E-02, -8.35409E-02, -8.36856E-02, -8.35352E-02, -8.30980E-02, -8.23910E-02, -8.14387E-02, -8.02703E-02, -7.89179E-02, -7.74146E-02, -7.57926E-02, -7.40821E-02, -7.23105E-02, -7.05019E-02, -6.86769E-02, -6.68529E-02, -6.50440E-02, -6.32614E-02, -6.15142E-02, -5.98088E-02,
