NA,NA,NA,NA,NA,NA,NA,NA,NA,NA,NA,NA,NA,NA,NA,NA,NA,NA,NA,NA,NA,NA,NA,NA,  4.04806E-03,  4.07641E-03,  4.10115E-03,  4.12271E-03,  4.14160E-03,  4.15838E-03,  4.17365E-03,  4.18803E-03,  4.20215E-03,  4.21663E-03,  4.23203E-03,  4.24887E-03,  4.26757E-03,  4.28845E-03,  4.31174E-03,  4.33752E-03,  4.36573E-03,  4.39619E-03,  4.42861E-03,  4.46255E-03,  4.49748E-03,  4.53277E-03,  4.56773E-03,  4.60163E-03,  4.63369E-03,  4.66317E-03,  4.68931E-03,  4.71141E-03,  4.72885E-03,  4.74103E-03,  4.74749E-03,  4.74784E-03,NA,NA,NA,NA,NA,NA,NA,NA,NA,NA,NA,NA,NA,NA,NA,NA,NA,NA,NA,NA,NA,NA,NA,
NA,NA,NA,NA,NA,NA,NA,NA,NA,NA,NA,NA,NA,NA,NA,NA,NA,NA,NA,NA,NA,  4.09969E-03,  4.14120E-03,  4.17766E-03,  4.20927E-03,  4.23635E-03,  4.25932E-03,  4.27869E-03,  4.29505E-03,  4.30909E-03,  4.32151E-03,  4.33310E-03,  4.34460E-03,  4.35678E-03,  4.37033E-03,  4.38589E-03,  4.40398E-03,  4.42501E-03,  4.44925E-03,  4.47681E-03,  4.50764E-03,  4.54153E-03,  4.57812E-03,  4.61687E-03,  4.65716E-03,  4.69821E-03,  4.73921E-03,  4.77925E-03,  4.81743E-03,  4.85282E-03,  4.88454E-03,  4.91175E-03,  4.93372E-03,  4.94976E-03,  4.95931E-03,  4.96193E-03,  4.95729E-03,  4.94518E-03,NA,NA,NA,NA,NA,NA,NA,NA,NA,NA,NA,NA,NA,NA,NA,NA,NA,NA,NA,NA,NA,
NA,NA,NA,NA,NA,NA,NA,NA,NA,NA,NA,NA,NA,NA,NA,NA,NA,NA,NA,  4.17045E-03,  4.22420E-03,  4.27204E-03,  4.31397E-03,  4.35010E-03,  4.38065E-03,  4.40598E-03,  4.42659E-03,  4.44308E-03,  4.45615E-03,  4.46663E-03,  4.47537E-03,  4.48332E-03,  4.49139E-03,  4.50052E-03,  4.51157E-03,  4.52532E-03,  4.54242E-03,  4.56339E-03,  4.58856E-03,  4.61809E-03,  4.65191E-03,  4.68978E-03,  4.73126E-03,  4.77571E-03,  4.82236E-03,  4.87028E-03,  4.91846E-03,  4.96584E-03,  5.01129E-03,  5.05373E-03,  5.09210E-03,  5.12541E-03,  5.15275E-03,  5.17337E-03,  5.18660E-03,  5.19193E-03,  5.18900E-03,  5.17758E-03,  5.15759E-03,  5.12905E-03,NA,NA,NA,NA,NA,NA,NA,NA,NA,NA,NA,NA,NA,NA,NA,NA,NA,NA,NA,
NA,NA,NA,NA,NA,NA,NA,NA,NA,NA,NA,NA,NA,NA,NA,NA,NA,NA,  4.28934E-03,  4.35173E-03,  4.40751E-03,  4.45652E-03,  4.49872E-03,  4.53423E-03,  4.56328E-03,  4.58630E-03,  4.60384E-03,  4.61662E-03,  4.62548E-03,  4.63139E-03,  4.63542E-03,  4.63868E-03,  4.64233E-03,  4.64748E-03,  4.65521E-03,  4.66648E-03,  4.68212E-03,  4.70275E-03,  4.72881E-03,  4.76050E-03,  4.79775E-03,  4.84027E-03,  4.88751E-03,  4.93872E-03,  4.99294E-03,  5.04905E-03,  5.10583E-03,  5.16196E-03,  5.21612E-03,  5.26697E-03,  5.31326E-03,  5.35380E-03,  5.38755E-03,  5.41359E-03,  5.43116E-03,  5.43970E-03,  5.43879E-03,  5.42819E-03,  5.40784E-03,  5.37782E-03,  5.33834E-03,  5.28975E-03,NA,NA,NA,NA,NA,NA,NA,NA,NA,NA,NA,NA,NA,NA,NA,NA,NA,
NA,NA,NA,NA,NA,NA,NA,NA,NA,NA,NA,NA,NA,NA,NA,NA,  4.32852E-03,  4.40805E-03,  4.48081E-03,  4.54636E-03,  4.60433E-03,  4.65452E-03,  4.69684E-03,  4.73139E-03,  4.75845E-03,  4.77847E-03,  4.79209E-03,  4.80016E-03,  4.80368E-03,  4.80382E-03,  4.80185E-03,  4.79915E-03,  4.79711E-03,  4.79713E-03,  4.80051E-03,  4.80847E-03,  4.82202E-03,  4.84196E-03,  4.86884E-03,  4.90290E-03,  4.94410E-03,  4.99207E-03,  5.04614E-03,  5.10540E-03,  5.16867E-03,  5.23459E-03,  5.30165E-03,  5.36827E-03,  5.43283E-03,  5.49374E-03,  5.54947E-03,  5.59862E-03,  5.63995E-03,  5.67240E-03,  5.69510E-03,  5.70739E-03,  5.70883E-03,  5.69918E-03,  5.67840E-03,  5.64663E-03,  5.60416E-03,  5.55143E-03,  5.48899E-03,NA,NA,NA,NA,NA,NA,NA,NA,NA,NA,NA,NA,NA,NA,NA,NA,
NA,NA,NA,NA,NA,NA,NA,NA,NA,NA,NA,NA,NA,NA,NA,  4.43253E-03,  4.52452E-03,  4.60949E-03,  4.68680E-03,  4.75587E-03,  4.81625E-03,  4.86766E-03,  4.90995E-03,  4.94319E-03,  4.96766E-03,  4.98387E-03,  4.99256E-03,  4.99472E-03,  4.99154E-03,  4.98442E-03,  4.97489E-03,  4.96463E-03,  4.95536E-03,  4.94878E-03,  4.94654E-03,  4.95011E-03,  4.96079E-03,  4.97957E-03,  5.00715E-03,  5.04384E-03,  5.08960E-03,  5.14399E-03,  5.20619E-03,  5.27507E-03,  5.34920E-03,  5.42689E-03,  5.50631E-03,  5.58551E-03,  5.66254E-03,  5.73546E-03,  5.80245E-03,  5.86183E-03,  5.91215E-03,  5.95216E-03,  5.98086E-03,  5.99752E-03,  6.00167E-03,  5.99307E-03,  5.97173E-03,  5.93786E-03,  5.89187E-03,  5.83430E-03,  5.76585E-03,  5.68730E-03,  5.59953E-03,NA,NA,NA,NA,NA,NA,NA,NA,NA,NA,NA,NA,NA,NA,
NA,NA,NA,NA,NA,NA,NA,NA,NA,NA,NA,NA,NA,  4.41803E-03,  4.53020E-03,  4.63626E-03,  4.73532E-03,  4.82649E-03,  4.90897E-03,  4.98204E-03,  5.04514E-03,  5.09785E-03,  5.13995E-03,  5.17147E-03,  5.19268E-03,  5.20415E-03,  5.20671E-03,  5.20152E-03,  5.18998E-03,  5.17377E-03,  5.15476E-03,  5.13498E-03,  5.11654E-03,  5.10156E-03,  5.09206E-03,  5.08991E-03,  5.09670E-03,  5.11372E-03,  5.14182E-03,  5.18142E-03,  5.23248E-03,  5.29447E-03,  5.36639E-03,  5.44683E-03,  5.53401E-03,  5.62588E-03,  5.72017E-03,  5.81451E-03,  5.90650E-03,  5.99380E-03,  6.07422E-03,  6.14577E-03,  6.20672E-03,  6.25562E-03,  6.29134E-03,  6.31306E-03,  6.32027E-03,  6.31279E-03,  6.29067E-03,  6.25425E-03,  6.20405E-03,  6.14078E-03,  6.06530E-03,  5.97858E-03,  5.88166E-03,  5.77563E-03,NA,NA,NA,NA,NA,NA,NA,NA,NA,NA,NA,NA,NA,
NA,NA,NA,NA,NA,NA,NA,NA,NA,NA,NA,NA,  4.49148E-03,  4.61876E-03,  4.74042E-03,  4.85537E-03,  4.96252E-03,  5.06081E-03,  5.14925E-03,  5.22694E-03,  5.29315E-03,  5.34731E-03,  5.38910E-03,  5.41846E-03,  5.43565E-03,  5.44128E-03,  5.43629E-03,  5.42201E-03,  5.40011E-03,  5.37260E-03,  5.34173E-03,  5.31000E-03,  5.27999E-03,  5.25432E-03,  5.23553E-03,  5.22594E-03,  5.22756E-03,  5.24200E-03,  5.27037E-03,  5.31321E-03,  5.37047E-03,  5.44150E-03,  5.52508E-03,  5.61945E-03,  5.72241E-03,  5.83141E-03,  5.94366E-03,  6.05624E-03,  6.16622E-03,  6.27076E-03,  6.36722E-03,  6.45322E-03,  6.52673E-03,  6.58607E-03,  6.62994E-03,  6.65745E-03,  6.66810E-03,  6.66173E-03,  6.63851E-03,  6.59892E-03,  6.54364E-03,  6.47361E-03,  6.38987E-03,  6.29361E-03,  6.18610E-03,  6.06862E-03,  5.94250E-03,NA,NA,NA,NA,NA,NA,NA,NA,NA,NA,NA,NA,
NA,NA,NA,NA,NA,NA,NA,NA,NA,NA,NA,  4.55192E-03,  4.69528E-03,  4.83383E-03,  4.96632E-03,  5.09145E-03,  5.20793E-03,  5.31446E-03,  5.40984E-03,  5.49294E-03,  5.56280E-03,  5.61866E-03,  5.66006E-03,  5.68681E-03,  5.69913E-03,  5.69764E-03,  5.68342E-03,  5.65798E-03,  5.62330E-03,  5.58177E-03,  5.53613E-03,  5.48942E-03,  5.44484E-03,  5.40564E-03,  5.37497E-03,  5.35577E-03,  5.35056E-03,  5.36139E-03,  5.38966E-03,  5.43609E-03,  5.50064E-03,  5.58249E-03,  5.68013E-03,  5.79137E-03,  5.91346E-03,  6.04324E-03,  6.17724E-03,  6.31186E-03,  6.44350E-03,  6.56873E-03,  6.68435E-03,  6.78752E-03,  6.87585E-03,  6.94739E-03,  7.00070E-03,  7.03480E-03,  7.04921E-03,  7.04386E-03,  7.01906E-03,  6.97548E-03,  6.91404E-03,  6.83590E-03,  6.74240E-03,  6.63496E-03,  6.51512E-03,  6.38442E-03,  6.24440E-03,  6.09658E-03,NA,NA,NA,NA,NA,NA,NA,NA,NA,NA,NA,
NA,NA,NA,NA,NA,NA,NA,NA,NA,NA,  4.59662E-03,  4.75672E-03,  4.91315E-03,  5.06452E-03,  5.20940E-03,  5.34626E-03,  5.47356E-03,  5.58972E-03,  5.69326E-03,  5.78277E-03,  5.85702E-03,  5.91499E-03,  5.95598E-03,  5.97967E-03,  5.98619E-03,  5.97614E-03,  5.95071E-03,  5.91164E-03,  5.86125E-03,  5.80238E-03,  5.73838E-03,  5.67294E-03,  5.61004E-03,  5.55370E-03,  5.50790E-03,  5.47630E-03,  5.46214E-03,  5.46800E-03,  5.49568E-03,  5.54610E-03,  5.61925E-03,  5.71411E-03,  5.82880E-03,  5.96055E-03,  6.10594E-03,  6.26100E-03,  6.42142E-03,  6.58274E-03,  6.74054E-03,  6.89063E-03,  7.02914E-03,  7.15270E-03,  7.25848E-03,  7.34426E-03,  7.40842E-03,  7.44994E-03,  7.46838E-03,  7.46381E-03,  7.43674E-03,  7.38810E-03,  7.31910E-03,  7.23121E-03,  7.12609E-03,  7.00549E-03,  6.87126E-03,  6.72523E-03,  6.56923E-03,  6.40500E-03,  6.23422E-03,NA,NA,NA,NA,NA,NA,NA,NA,NA,NA,
NA,NA,NA,NA,NA,NA,NA,NA,NA,  4.62300E-03,  4.80008E-03,  4.97496E-03,  5.14618E-03,  5.31220E-03,  5.47132E-03,  5.62176E-03,  5.76167E-03,  5.88917E-03,  6.00240E-03,  6.09963E-03,  6.17924E-03,  6.23991E-03,  6.28064E-03,  6.30087E-03,  6.30057E-03,  6.28032E-03,  6.24139E-03,  6.18574E-03,  6.11609E-03,  6.03584E-03,  5.94903E-03,  5.86021E-03,  5.77427E-03,  5.69627E-03,  5.63118E-03,  5.58365E-03,  5.55779E-03,  5.55689E-03,  5.58328E-03,  5.63817E-03,  5.72153E-03,  5.83213E-03,  5.96757E-03,  6.12439E-03,  6.29826E-03,  6.48419E-03,  6.67681E-03,  6.87057E-03,  7.06002E-03,  7.24001E-03,  7.40590E-03,  7.55366E-03,  7.67997E-03,  7.78230E-03,  7.85886E-03,  7.90862E-03,  7.93125E-03,  7.92700E-03,  7.89669E-03,  7.84157E-03,  7.76323E-03,  7.66354E-03,  7.54455E-03,  7.40840E-03,  7.25732E-03,  7.09348E-03,  6.91903E-03,  6.73600E-03,  6.54632E-03,  6.35177E-03,NA,NA,NA,NA,NA,NA,NA,NA,NA,
NA,NA,NA,NA,NA,NA,NA,NA,  4.62872E-03,  4.82257E-03,  5.01597E-03,  5.20751E-03,  5.39555E-03,  5.57831E-03,  5.75385E-03,  5.92008E-03,  6.07478E-03,  6.21570E-03,  6.34056E-03,  6.44717E-03,  6.53349E-03,  6.59775E-03,  6.63855E-03,  6.65500E-03,  6.64685E-03,  6.61456E-03,  6.55945E-03,  6.48373E-03,  6.39056E-03,  6.28398E-03,  6.16889E-03,  6.05086E-03,  5.93599E-03,  5.83058E-03,  5.74092E-03,  5.67291E-03,  5.63179E-03,  5.62181E-03,  5.64596E-03,  5.70581E-03,  5.80138E-03,  5.93111E-03,  6.09197E-03,  6.27956E-03,  6.48839E-03,  6.71219E-03,  6.94418E-03,  7.17745E-03,  7.40526E-03,  7.62129E-03,  7.81993E-03,  7.99638E-03,  8.14678E-03,  8.26825E-03,  8.35888E-03,  8.41767E-03,  8.44445E-03,  8.43979E-03,  8.40489E-03,  8.34144E-03,  8.25150E-03,  8.13746E-03,  8.00183E-03,  7.84725E-03,  7.67637E-03,  7.49179E-03,  7.29601E-03,  7.09141E-03,  6.88018E-03,  6.66434E-03,  6.44573E-03,NA,NA,NA,NA,NA,NA,NA,NA,
NA,NA,NA,NA,NA,NA,NA,  4.61181E-03,  4.82172E-03,  5.03321E-03,  5.24491E-03,  5.45525E-03,  5.66242E-03,  5.86438E-03,  6.05891E-03,  6.24354E-03,  6.41568E-03,  6.57259E-03,  6.71150E-03,  6.82966E-03,  6.92447E-03,  6.99358E-03,  7.03509E-03,  7.04763E-03,  7.03060E-03,  6.98426E-03,  6.90992E-03,  6.81002E-03,  6.68819E-03,  6.54924E-03,  6.39908E-03,  6.24459E-03,  6.09333E-03,  5.95322E-03,  5.83223E-03,  5.73790E-03,  5.67692E-03,  5.65478E-03,  5.67537E-03,  5.74076E-03,  5.85099E-03,  6.00413E-03,  6.19627E-03,  6.42182E-03,  6.67379E-03,  6.94420E-03,  7.22451E-03,  7.50605E-03,  7.78044E-03,  8.03996E-03,  8.27779E-03,  8.48823E-03,  8.66682E-03,  8.81034E-03,  8.91676E-03,  8.98523E-03,  9.01585E-03,  9.00964E-03,  8.96829E-03,  8.89408E-03,  8.78970E-03,  8.65812E-03,  8.50248E-03,  8.32597E-03,  8.13179E-03,  7.92300E-03,  7.70254E-03,  7.47314E-03,  7.23732E-03,  6.99737E-03,  6.75531E-03,  6.51294E-03,NA,NA,NA,NA,NA,NA,NA,
NA,NA,NA,NA,NA,NA,  4.57080E-03,  4.79555E-03,  5.02411E-03,  5.25523E-03,  5.48744E-03,  5.71902E-03,  5.94796E-03,  6.17198E-03,  6.38849E-03,  6.59467E-03,  6.78743E-03,  6.96350E-03,  7.11949E-03,  7.25199E-03,  7.35766E-03,  7.43346E-03,  7.47675E-03,  7.48554E-03,  7.45871E-03,  7.39618E-03,  7.29914E-03,  7.17022E-03,  7.01357E-03,  6.83486E-03,  6.64127E-03,  6.44122E-03,  6.24416E-03,  6.06008E-03,  5.89909E-03,  5.77084E-03,  5.68400E-03,  5.64565E-03,  5.66089E-03,  5.73242E-03,  5.86039E-03,  6.04230E-03,  6.27316E-03,  6.54578E-03,  6.85121E-03,  7.17926E-03,  7.51908E-03,  7.85976E-03,  8.19088E-03,  8.50292E-03,  8.78765E-03,  9.03831E-03,  9.24978E-03,  9.41850E-03,  9.54247E-03,  9.62103E-03,  9.65478E-03,  9.64530E-03,  9.59500E-03,  9.50688E-03,  9.38443E-03,  9.23137E-03,  9.05157E-03,  8.84894E-03,  8.62726E-03,  8.39018E-03,  8.14110E-03,  7.88320E-03,  7.61931E-03,  7.35201E-03,  7.08355E-03,  6.81589E-03,  6.55070E-03,NA,NA,NA,NA,NA,NA,
NA,NA,NA,NA,NA,NA,  4.74271E-03,  4.98675E-03,  5.23589E-03,  5.48883E-03,  5.74402E-03,  5.99959E-03,  6.25332E-03,  6.50267E-03,  6.74470E-03,  6.97614E-03,  7.19338E-03,  7.39250E-03,  7.56939E-03,  7.71979E-03,  7.83950E-03,  7.92452E-03,  7.97130E-03,  7.97698E-03,  7.93966E-03,  7.85874E-03,  7.73514E-03,  7.57158E-03,  7.37274E-03,  7.14528E-03,  6.89786E-03,  6.64087E-03,  6.38607E-03,  6.14614E-03,  5.93397E-03,  5.76199E-03,  5.64141E-03,  5.58148E-03,  5.58889E-03,  5.66723E-03,  5.81675E-03,  6.03426E-03,  6.31332E-03,  6.64463E-03,  7.01664E-03,  7.41626E-03,  7.82966E-03,  8.24303E-03,  8.64335E-03,  9.01891E-03,  9.35974E-03,  9.65791E-03,  9.90756E-03,  1.01049E-02,  1.02480E-02,  1.03367E-02,  1.03723E-02,  1.03571E-02,  1.02944E-02,  1.01883E-02,  1.00432E-02,  9.86378E-03,  9.65479E-03,  9.42094E-03,  9.16677E-03,  8.89658E-03,  8.61432E-03,  8.32361E-03,  8.02768E-03,  7.72939E-03,  7.43122E-03,  7.13529E-03,  6.84337E-03,  6.55693E-03,NA,NA,NA,NA,NA,
NA,NA,NA,NA,NA,  4.66249E-03,  4.91995E-03,  5.18509E-03,  5.45690E-03,  5.73406E-03,  6.01495E-03,  6.29758E-03,  6.57954E-03,  6.85800E-03,  7.12967E-03,  7.39078E-03,  7.63714E-03,  7.86408E-03,  8.06662E-03,  8.23951E-03,  8.37745E-03,  8.47524E-03,  8.52810E-03,  8.53199E-03,  8.48396E-03,  8.38255E-03,  8.22818E-03,  8.02351E-03,  7.77370E-03,  7.48653E-03,  7.17242E-03,  6.84415E-03,  6.51648E-03,  6.20546E-03,  5.92764E-03,  5.69908E-03,  5.53440E-03,  5.44573E-03,  5.44190E-03,  5.52771E-03,  5.70358E-03,  5.96540E-03,  6.30480E-03,  6.70968E-03,  7.16504E-03,  7.65396E-03,  8.15868E-03,  8.66169E-03,  9.14662E-03,  9.59905E-03,  1.00070E-02,  1.03611E-02,  1.06548E-02,  1.08843E-02,  1.10479E-02,  1.11462E-02,  1.11814E-02,  1.11570E-02,  1.10775E-02,  1.09482E-02,  1.07746E-02,  1.05628E-02,  1.03184E-02,  1.00472E-02,  9.75464E-03,  9.44565E-03,  9.12487E-03,  8.79641E-03,  8.46391E-03,  8.13052E-03,  7.79895E-03,  7.47145E-03,  7.14989E-03,  6.83577E-03,NA,NA,NA,NA,NA,
NA,NA,NA,NA,  4.55494E-03,  4.82330E-03,  5.10190E-03,  5.39005E-03,  5.68676E-03,  5.99074E-03,  6.30034E-03,  6.61344E-03,  6.92750E-03,  7.23940E-03,  7.54549E-03,  7.84149E-03,  8.12252E-03,  8.38311E-03,  8.61725E-03,  8.81850E-03,  8.98018E-03,  9.09559E-03,  9.15837E-03,  9.16287E-03,  9.10464E-03,  8.98096E-03,  8.79140E-03,  8.53828E-03,  8.22712E-03,  7.86692E-03,  7.47016E-03,  7.05259E-03,  6.63271E-03,  6.23097E-03,  5.86867E-03,  5.56671E-03,  5.34422E-03,  5.21721E-03,  5.19742E-03,  5.29133E-03,  5.49958E-03,  5.81688E-03,  6.23227E-03,  6.72991E-03,  7.29017E-03,  7.89104E-03,  8.50959E-03,  9.12346E-03,  9.71206E-03,  1.02576E-02,  1.07456E-02,  1.11654E-02,  1.15098E-02,  1.17749E-02,  1.19598E-02,  1.20663E-02,  1.20977E-02,  1.20592E-02,  1.19569E-02,  1.17976E-02,  1.15884E-02,  1.13366E-02,  1.10494E-02,  1.07335E-02,  1.03954E-02,  1.00410E-02,  9.67551E-03,  9.30361E-03,  8.92938E-03,  8.55627E-03,  8.18718E-03,  7.82450E-03,  7.47014E-03,  7.12560E-03,  6.79201E-03,NA,NA,NA,NA,
NA,NA,NA,NA,  4.69725E-03,  4.98633E-03,  5.28773E-03,  5.60087E-03,  5.92485E-03,  6.25845E-03,  6.60000E-03,  6.94737E-03,  7.29786E-03,  7.64813E-03,  7.99416E-03,  8.33115E-03,  8.65351E-03,  8.95484E-03,  9.22796E-03,  9.46502E-03,  9.65768E-03,  9.79734E-03,  9.87558E-03,  9.88460E-03,  9.81790E-03,  9.67089E-03,  9.44172E-03,  9.13198E-03,  8.74733E-03,  8.29797E-03,  7.79878E-03,  7.26915E-03,  6.73235E-03,  6.21448E-03,NA,NA,NA,NA,NA,NA,NA,NA,NA,NA,NA,  8.12622E-03,  8.88725E-03,  9.63868E-03,  1.03545E-02,  1.10129E-02,  1.15964E-02,  1.20929E-02,  1.24948E-02,  1.27987E-02,  1.30049E-02,  1.31168E-02,  1.31396E-02,  1.30804E-02,  1.29475E-02,  1.27495E-02,  1.24955E-02,  1.21946E-02,  1.18553E-02,  1.14860E-02,  1.10940E-02,  1.06863E-02,  1.02689E-02,  9.84710E-03,  9.42530E-03,  9.00729E-03,  8.59615E-03,  8.19433E-03,  7.80375E-03,  7.42585E-03,  7.06168E-03,  6.71193E-03,NA,NA,NA,
NA,NA,NA,  4.54305E-03,  4.83932E-03,  5.15048E-03,  5.47635E-03,  5.81652E-03,  6.17025E-03,  6.53641E-03,  6.91344E-03,  7.29920E-03,  7.69093E-03,  8.08512E-03,  8.47742E-03,  8.86251E-03,  9.23409E-03,  9.58474E-03,  9.90598E-03,  1.01883E-02,  1.04214E-02,  1.05942E-02,  1.06958E-02,  1.07155E-02,  1.06439E-02,  1.04737E-02,  1.02010E-02,  9.82585E-03,  9.35363E-03,NA,NA,NA,NA,NA,NA,NA,NA,NA,NA,NA,NA,NA,NA,NA,NA,NA,NA,NA,  1.10936E-02,  1.18885E-02,  1.25857E-02,  1.31712E-02,  1.36376E-02,  1.39828E-02,  1.42089E-02,  1.43215E-02,  1.43286E-02,  1.42399E-02,  1.40661E-02,  1.38185E-02,  1.35084E-02,  1.31469E-02,  1.27446E-02,  1.23111E-02,  1.18554E-02,  1.13853E-02,  1.09077E-02,  1.04285E-02,  9.95261E-03,  9.48395E-03,  9.02575E-03,  8.58050E-03,  8.15004E-03,  7.73570E-03,  7.33835E-03,  6.95848E-03,NA,NA,NA,
NA,NA,  4.36269E-03,  4.66269E-03,  4.97984E-03,  5.31439E-03,  5.66640E-03,  6.03566E-03,  6.42166E-03,  6.82348E-03,  7.23969E-03,  7.66830E-03,  8.10655E-03,  8.55085E-03,  8.99659E-03,  9.43803E-03,  9.86812E-03,  1.02784E-02,  1.06590E-02,  1.09985E-02,  1.12842E-02,  1.15022E-02,  1.16382E-02,  1.16777E-02,  1.16076E-02,  1.14167E-02,NA,NA,NA,NA,NA,NA,NA,NA,NA,NA,NA,NA,NA,NA,NA,NA,NA,NA,NA,NA,NA,NA,NA,NA,NA,NA,NA,NA,NA,NA,  1.56905E-02,  1.55603E-02,  1.53325E-02,  1.50214E-02,  1.46410E-02,  1.42050E-02,  1.37261E-02,  1.32159E-02,  1.26847E-02,  1.21416E-02,  1.15943E-02,  1.10493E-02,  1.05119E-02,  9.98620E-03,  9.47551E-03,  8.98221E-03,  8.50800E-03,  8.05397E-03,  7.62076E-03,  7.20860E-03,  6.81741E-03,NA,NA,
NA,NA,  4.45903E-03,  4.77831E-03,  5.11728E-03,  5.47646E-03,  5.85618E-03,  6.25656E-03,  6.67737E-03,  7.11799E-03,  7.57729E-03,  8.05346E-03,  8.54394E-03,  9.04516E-03,  9.55241E-03,  1.00596E-02,  1.05590E-02,  1.10413E-02,  1.14949E-02,  1.19064E-02,  1.22604E-02,  1.25395E-02,  1.27253E-02,  1.27983E-02,NA,NA,NA,NA,NA,NA,NA,NA,NA,NA,NA,NA,NA,NA,NA,NA,NA,NA,NA,NA,NA,NA,NA,NA,NA,NA,NA,NA,NA,NA,NA,NA,NA,NA,  1.67693E-02,  1.63770E-02,  1.59088E-02,  1.53812E-02,  1.48095E-02,  1.42074E-02,  1.35870E-02,  1.29585E-02,  1.23306E-02,  1.17103E-02,  1.11031E-02,  1.05135E-02,  9.94443E-03,  9.39818E-03,  8.87615E-03,  8.37911E-03,  7.90735E-03,  7.46071E-03,  7.03877E-03,NA,NA,
NA,  4.23156E-03,  4.54916E-03,  4.88827E-03,  5.24985E-03,  5.63475E-03,  6.04366E-03,  6.47707E-03,  6.93518E-03,  7.41776E-03,  7.92409E-03,  8.45276E-03,  9.00152E-03,  9.56706E-03,  1.01447E-02,  1.07283E-02,  1.13096E-02,  1.18782E-02,  1.24214E-02,  1.29234E-02,  1.33657E-02,  1.37270E-02,NA,NA,NA,NA,NA,NA,NA,NA,NA,NA,NA,NA,NA,NA,NA,NA,NA,NA,NA,NA,NA,NA,NA,NA,NA,NA,NA,NA,NA,NA,NA,NA,NA,NA,NA,NA,NA,NA,  1.73292E-02,  1.66891E-02,  1.60050E-02,  1.52930E-02,  1.45671E-02,  1.38389E-02,  1.31179E-02,  1.24116E-02,  1.17258E-02,  1.10646E-02,  1.04309E-02,  9.82654E-03,  9.25252E-03,  8.70912E-03,  8.19613E-03,  7.71292E-03,  7.25859E-03,  6.83205E-03,NA,
NA,  4.29628E-03,  4.63142E-03,  4.99073E-03,  5.37552E-03,  5.78704E-03,  6.22641E-03,  6.69461E-03,  7.19233E-03,  7.71992E-03,  8.27721E-03,  8.86338E-03,  9.47673E-03,  1.01144E-02,  1.07722E-02,  1.14439E-02,  1.21212E-02,  1.27932E-02,  1.34456E-02,  1.40607E-02,  1.46166E-02,NA,NA,NA,NA,NA,NA,NA,NA,NA,NA,NA,NA,NA,NA,NA,NA,NA,NA,NA,NA,NA,NA,NA,NA,NA,NA,NA,NA,NA,NA,NA,NA,NA,NA,NA,NA,NA,NA,NA,NA,  1.81431E-02,  1.73229E-02,  1.64797E-02,  1.56294E-02,  1.47850E-02,  1.39569E-02,  1.31528E-02,  1.23783E-02,  1.16375E-02,  1.09325E-02,  1.02648E-02,  9.63456E-03,  9.04149E-03,  8.48470E-03,  7.96295E-03,  7.47477E-03,  7.01854E-03,NA,
NA,  4.35130E-03,  4.70397E-03,  5.08363E-03,  5.49200E-03,  5.93078E-03,  6.40163E-03,  6.90609E-03,  7.44551E-03,  8.02091E-03,  8.63292E-03,  9.28150E-03,  9.96578E-03,  1.06837E-02,  1.14318E-02,  1.22045E-02,  1.29937E-02,  1.37882E-02,  1.45731E-02,  1.53285E-02,NA,NA,NA,NA,NA,NA,NA,NA,NA,NA,NA,NA,NA,NA,NA,NA,NA,NA,NA,NA,NA,NA,NA,NA,NA,NA,NA,NA,NA,NA,NA,NA,NA,NA,NA,NA,NA,NA,NA,NA,NA,NA,NA,  1.77741E-02,  1.67773E-02,  1.57979E-02,  1.48468E-02,  1.39318E-02,  1.30581E-02,  1.22290E-02,  1.14461E-02,  1.07096E-02,  1.00190E-02,  9.37313E-03,  8.77018E-03,  8.20816E-03,  7.68489E-03,  7.19810E-03,  6.74552E-03,
  4.05282E-03,  4.39489E-03,  4.76483E-03,  5.16472E-03,  5.59674E-03,  6.06312E-03,  6.56611E-03,  7.10794E-03,  7.69073E-03,  8.31639E-03,  8.98650E-03,  9.70211E-03,  1.04635E-02,  1.12698E-02,  1.21188E-02,  1.30059E-02,  1.39242E-02,  1.48629E-02,  1.58068E-02,NA,NA,NA,NA,NA,NA,NA,NA,NA,NA,NA,NA,NA,NA,NA,NA,NA,NA,NA,NA,NA,NA,NA,NA,NA,NA,NA,NA,NA,NA,NA,NA,NA,NA,NA,NA,NA,NA,NA,NA,NA,NA,NA,NA,  1.91819E-02,  1.80129E-02,  1.68771E-02,  1.57854E-02,  1.47453E-02,  1.37612E-02,  1.28350E-02,  1.19672E-02,  1.11568E-02,  1.04020E-02,  9.70037E-03,  9.04919E-03,  8.44547E-03,  7.88618E-03,  7.36829E-03,  6.88886E-03,
  4.06902E-03,  4.42521E-03,  4.81189E-03,  5.23159E-03,  5.68699E-03,  6.18090E-03,  6.71626E-03,  7.29608E-03,  7.92340E-03,  8.60119E-03,  9.33221E-03,  1.01189E-02,  1.09630E-02,  1.18655E-02,  1.28257E-02,  1.38412E-02,  1.49067E-02,  1.60129E-02,NA,NA,NA,NA,NA,NA,NA,NA,NA,NA,NA,NA,NA,NA,NA,NA,NA,NA,NA,NA,NA,NA,NA,NA,NA,NA,NA,NA,NA,NA,NA,NA,NA,NA,NA,NA,NA,NA,NA,NA,NA,NA,NA,NA,NA,NA,  1.93361E-02,  1.80197E-02,  1.67683E-02,  1.55880E-02,  1.44816E-02,  1.34496E-02,  1.24903E-02,  1.16011E-02,  1.07786E-02,  1.00189E-02,  9.31785E-03,  8.67144E-03,  8.07559E-03,  7.52640E-03,  7.02020E-03,
  4.07091E-03,  4.44036E-03,  4.84295E-03,  5.28168E-03,  5.75977E-03,  6.28068E-03,  6.84810E-03,  7.46594E-03,  8.13828E-03,  8.86931E-03,  9.66325E-03,  1.05242E-02,  1.14559E-02,  1.24613E-02,  1.35426E-02,  1.46998E-02,  1.59306E-02,  1.72289E-02,NA,NA,NA,NA,NA,NA,NA,NA,NA,NA,NA,NA,NA,NA,NA,NA,NA,NA,NA,NA,NA,NA,NA,NA,NA,NA,NA,NA,NA,NA,NA,NA,NA,NA,NA,NA,NA,NA,NA,NA,NA,NA,NA,NA,NA,NA,NA,  1.92199E-02,  1.77881E-02,  1.64520E-02,  1.52118E-02,  1.40653E-02,  1.30085E-02,  1.20363E-02,  1.11432E-02,  1.03236E-02,  9.57174E-03,  8.88219E-03,  8.24974E-03,  7.66951E-03,  7.13697E-03,
  4.05684E-03,  4.43840E-03,  4.85574E-03,  5.31233E-03,  5.81198E-03,  6.35883E-03,  6.95740E-03,  7.61256E-03,  8.32957E-03,  9.11401E-03,  9.97176E-03,  1.09089E-02,  1.19315E-02,  1.30454E-02,  1.42559E-02,  1.55670E-02,  1.69805E-02,NA,NA,NA,NA,NA,NA,NA,NA,NA,NA,NA,NA,NA,NA,NA,NA,NA,NA,NA,NA,NA,NA,NA,NA,NA,NA,NA,NA,NA,NA,NA,NA,NA,NA,NA,NA,NA,NA,NA,NA,NA,NA,NA,NA,NA,NA,NA,NA,  2.04679E-02,  1.88341E-02,  1.73265E-02,  1.59415E-02,  1.46729E-02,  1.35133E-02,  1.24548E-02,  1.14893E-02,  1.06089E-02,  9.80594E-03,  9.07350E-03,  8.40501E-03,  7.79450E-03,  7.23652E-03,
  4.02516E-03,  4.41740E-03,  4.84797E-03,  5.32085E-03,  5.84043E-03,  6.41158E-03,  7.03967E-03,  7.73063E-03,  8.49098E-03,  9.32783E-03,  1.02489E-02,  1.12626E-02,  1.23777E-02,  1.36035E-02,  1.49491E-02,  1.64235E-02,  1.80344E-02,NA,NA,NA,NA,NA,NA,NA,NA,NA,NA,NA,NA,NA,NA,NA,NA,NA,NA,NA,NA,NA,NA,NA,NA,NA,NA,NA,NA,NA,NA,NA,NA,NA,NA,NA,NA,NA,NA,NA,NA,NA,NA,NA,NA,NA,NA,NA,NA,NA,  1.98912E-02,  1.81975E-02,  1.66577E-02,  1.52607E-02,  1.39948E-02,  1.28482E-02,  1.18095E-02,  1.08684E-02,  1.00151E-02,  9.24083E-03,  8.53755E-03,  7.89812E-03,  7.31608E-03,
  3.97431E-03,  4.37548E-03,  4.81741E-03,  5.30454E-03,  5.84190E-03,  6.43507E-03,  7.09031E-03,  7.81463E-03,  8.61588E-03,  9.50280E-03,  1.04852E-02,  1.15738E-02,  1.27806E-02,  1.41187E-02,  1.56020E-02,  1.72455E-02,NA,NA,NA,NA,NA,NA,NA,NA,NA,NA,NA,NA,NA,NA,NA,NA,NA,NA,NA,NA,NA,NA,NA,NA,NA,NA,NA,NA,NA,NA,NA,NA,NA,NA,NA,NA,NA,NA,NA,NA,NA,NA,NA,NA,NA,NA,NA,NA,NA,NA,  2.09389E-02,  1.90465E-02,  1.73446E-02,  1.58154E-02,  1.44415E-02,  1.32066E-02,  1.20957E-02,  1.10954E-02,  1.01936E-02,  9.37942E-03,  8.64339E-03,  7.97703E-03,  7.37287E-03,
  3.90281E-03,  4.31087E-03,  4.76190E-03,  5.26083E-03,  5.81327E-03,  6.42552E-03,  7.10473E-03,  7.85899E-03,  8.69749E-03,  9.63066E-03,  1.06704E-02,  1.18300E-02,  1.31249E-02,  1.45723E-02,  1.61916E-02,  1.80045E-02,NA,NA,NA,NA,NA,NA,NA,NA,NA,NA,NA,NA,NA,NA,NA,NA,NA,NA,NA,NA,NA,NA,NA,NA,NA,NA,NA,NA,NA,NA,NA,NA,NA,NA,NA,NA,NA,NA,NA,NA,NA,NA,NA,NA,NA,NA,NA,NA,NA,NA,NA,  1.98512E-02,  1.79835E-02,  1.63212E-02,  1.48404E-02,  1.35195E-02,  1.23392E-02,  1.12827E-02,  1.03354E-02,  9.48441E-03,  8.71850E-03,  8.02791E-03,  7.40414E-03,
  3.80934E-03,  4.22195E-03,  4.67946E-03,  5.18730E-03,  5.75159E-03,  6.37933E-03,  7.07852E-03,  7.85828E-03,  8.72914E-03,  9.70315E-03,  1.07943E-02,  1.20186E-02,  1.33947E-02,  1.49444E-02,  1.66926E-02,  1.86686E-02,NA,NA,NA,NA,NA,NA,NA,NA,NA,NA,NA,NA,NA,NA,NA,NA,NA,NA,NA,NA,NA,NA,NA,NA,NA,NA,NA,NA,NA,NA,NA,NA,NA,NA,NA,NA,NA,NA,NA,NA,NA,NA,NA,NA,NA,NA,NA,NA,NA,NA,NA,  2.05850E-02,  1.85526E-02,  1.67609E-02,  1.51777E-02,  1.37756E-02,  1.25308E-02,  1.14230E-02,  1.04347E-02,  9.55097E-03,  8.75896E-03,  8.04757E-03,  7.40726E-03,
  3.69276E-03,  4.10729E-03,  4.56836E-03,  5.08178E-03,  5.65419E-03,  6.29320E-03,  7.00758E-03,  7.80743E-03,  8.70448E-03,  9.71233E-03,  1.08469E-02,  1.21268E-02,  1.35740E-02,  1.52144E-02,  1.70788E-02,  1.92037E-02,NA,NA,NA,NA,NA,NA,NA,NA,NA,NA,NA,NA,NA,NA,NA,NA,NA,NA,NA,NA,NA,NA,NA,NA,NA,NA,NA,NA,NA,NA,NA,NA,NA,NA,NA,NA,NA,NA,NA,NA,NA,NA,NA,NA,NA,NA,NA,NA,NA,NA,NA,  2.12175E-02,  1.90285E-02,  1.71157E-02,  1.54387E-02,  1.39634E-02,  1.26615E-02,  1.15090E-02,  1.04856E-02,  9.57450E-03,  8.76106E-03,  8.03302E-03,  7.37983E-03,
  3.55215E-03,  3.96576E-03,  4.42715E-03,  4.94247E-03,  5.51879E-03,  6.16427E-03,  6.88833E-03,  7.70192E-03,  8.61783E-03,  9.65103E-03,  1.08192E-02,  1.21431E-02,  1.36478E-02,  1.53629E-02,  1.73244E-02,  1.95759E-02,NA,NA,NA,NA,NA,NA,NA,NA,NA,NA,NA,NA,NA,NA,NA,NA,NA,NA,NA,NA,NA,NA,NA,NA,NA,NA,NA,NA,NA,NA,NA,NA,NA,NA,NA,NA,NA,NA,NA,NA,NA,NA,NA,NA,NA,NA,NA,NA,NA,NA,NA,  2.17163E-02,  1.93863E-02,  1.73670E-02,  1.56090E-02,  1.40719E-02,  1.27227E-02,  1.15339E-02,  1.04829E-02,  9.55078E-03,  8.72147E-03,  7.98159E-03,  7.31972E-03,
  3.38689E-03,  3.79651E-03,  4.25473E-03,  4.76796E-03,  5.34361E-03,  5.99025E-03,  6.71786E-03,  7.53805E-03,  8.46447E-03,  9.51317E-03,  1.07032E-02,  1.20573E-02,  1.36027E-02,  1.53723E-02,  1.74064E-02,  1.97541E-02,NA,NA,NA,NA,NA,NA,NA,NA,NA,NA,NA,NA,NA,NA,NA,NA,NA,NA,NA,NA,NA,NA,NA,NA,NA,NA,NA,NA,NA,NA,NA,NA,NA,NA,NA,NA,NA,NA,NA,NA,NA,NA,NA,NA,NA,NA,NA,NA,NA,NA,NA,  2.20484E-02,  1.96020E-02,  1.74967E-02,  1.56750E-02,  1.40907E-02,  1.27064E-02,  1.14918E-02,  1.04220E-02,  9.47620E-03,  8.63737E-03,  7.89108E-03,  7.22522E-03,
  3.19664E-03,  3.59907E-03,  4.05043E-03,  4.55734E-03,  5.12742E-03,  5.76956E-03,  6.49408E-03,  7.31310E-03,  8.24084E-03,  9.29415E-03,  1.04930E-02,  1.18615E-02,  1.34284E-02,  1.52289E-02,  1.73061E-02,  1.97130E-02,NA,NA,NA,NA,NA,NA,NA,NA,NA,NA,NA,NA,NA,NA,NA,NA,NA,NA,NA,NA,NA,NA,NA,NA,NA,NA,NA,NA,NA,NA,NA,NA,NA,NA,NA,NA,NA,NA,NA,NA,NA,NA,NA,NA,NA,NA,NA,NA,NA,NA,NA,  2.21837E-02,  1.96538E-02,  1.74892E-02,  1.56253E-02,  1.40112E-02,  1.26063E-02,  1.13778E-02,  1.02990E-02,  9.34797E-03,  8.50663E-03,  7.75987E-03,  7.09506E-03,
  2.98140E-03,  3.37334E-03,  3.81405E-03,  4.31024E-03,  4.86966E-03,  5.50136E-03,  6.21585E-03,  7.02550E-03,  7.94485E-03,  8.99115E-03,  1.01849E-02,  1.15507E-02,  1.31182E-02,  1.49236E-02,  1.70112E-02,  1.94357E-02,NA,NA,NA,NA,NA,NA,NA,NA,NA,NA,NA,NA,NA,NA,NA,NA,NA,NA,NA,NA,NA,NA,NA,NA,NA,NA,NA,NA,NA,NA,NA,NA,NA,NA,NA,NA,NA,NA,NA,NA,NA,NA,NA,NA,NA,NA,NA,NA,NA,NA,NA,  2.20976E-02,  1.95246E-02,  1.73322E-02,  1.54511E-02,  1.38273E-02,  1.24179E-02,  1.11886E-02,  1.01116E-02,  9.16425E-03,  8.32789E-03,  7.58697E-03,  6.92855E-03,
  2.74152E-03,  3.11964E-03,  3.54586E-03,  4.02688E-03,  4.57048E-03,  5.18568E-03,  5.88305E-03,  6.67495E-03,  7.57596E-03,  8.60332E-03,  9.77752E-03,  1.11231E-02,  1.26697E-02,  1.44531E-02,  1.65170E-02,  1.89156E-02,NA,NA,NA,NA,NA,NA,NA,NA,NA,NA,NA,NA,NA,NA,NA,NA,NA,NA,NA,NA,NA,NA,NA,NA,NA,NA,NA,NA,NA,NA,NA,NA,NA,NA,NA,NA,NA,NA,NA,NA,NA,NA,NA,NA,NA,NA,NA,NA,NA,NA,NA,  2.17746E-02,  1.92040E-02,  1.70186E-02,  1.51475E-02,  1.35354E-02,  1.21386E-02,  1.09224E-02,  9.85859E-03,  8.92432E-03,  8.10070E-03,  7.37214E-03,  6.72558E-03,
  2.47770E-03,  2.83871E-03,  3.24663E-03,  3.70808E-03,  4.23071E-03,  4.82342E-03,  5.49663E-03,  6.26248E-03,  7.13527E-03,  8.13189E-03,  9.27233E-03,  1.05804E-02,  1.20848E-02,  1.38197E-02,  1.58270E-02,  1.81574E-02,NA,NA,NA,NA,NA,NA,NA,NA,NA,NA,NA,NA,NA,NA,NA,NA,NA,NA,NA,NA,NA,NA,NA,NA,NA,NA,NA,NA,NA,NA,NA,NA,NA,NA,NA,NA,NA,NA,NA,NA,NA,NA,NA,NA,NA,NA,NA,NA,NA,NA,NA,  2.12103E-02,  1.86894E-02,  1.65471E-02,  1.47138E-02,  1.31353E-02,  1.17686E-02,  1.05796E-02,  9.54044E-03,  8.62863E-03,  7.82558E-03,  7.11589E-03,  6.48669E-03,
  2.19103E-03,  2.53173E-03,  2.91765E-03,  3.35524E-03,  3.85192E-03,  4.41635E-03,  5.05859E-03,  5.79039E-03,  6.62551E-03,  7.58012E-03,  8.67330E-03,  9.92762E-03,  1.13699E-02,  1.30320E-02,  1.49523E-02,  1.71764E-02,  1.97595E-02,NA,NA,NA,NA,NA,NA,NA,NA,NA,NA,NA,NA,NA,NA,NA,NA,NA,NA,NA,NA,NA,NA,NA,NA,NA,NA,NA,NA,NA,NA,NA,NA,NA,NA,NA,NA,NA,NA,NA,NA,NA,NA,NA,NA,NA,NA,NA,NA,NA,  2.32832E-02,  2.04125E-02,  1.79870E-02,  1.59225E-02,  1.41540E-02,  1.26303E-02,  1.13106E-02,  1.01624E-02,  9.15905E-03,  8.27889E-03,  7.50401E-03,  6.81954E-03,  6.21305E-03,
  1.88292E-03,  2.20025E-03,  2.56067E-03,  2.97034E-03,  3.43638E-03,  3.96705E-03,  4.57194E-03,  5.26221E-03,  6.05087E-03,  6.95312E-03,  7.98675E-03,  9.17261E-03,  1.05352E-02,  1.21033E-02,  1.39108E-02,  1.59971E-02,  1.84087E-02,NA,NA,NA,NA,NA,NA,NA,NA,NA,NA,NA,NA,NA,NA,NA,NA,NA,NA,NA,NA,NA,NA,NA,NA,NA,NA,NA,NA,NA,NA,NA,NA,NA,NA,NA,NA,NA,NA,NA,NA,NA,NA,NA,NA,NA,NA,NA,NA,NA,  2.20991E-02,  1.94007E-02,  1.71108E-02,  1.51554E-02,  1.34761E-02,  1.20267E-02,  1.07697E-02,  9.67500E-03,  8.71786E-03,  7.87795E-03,  7.13840E-03,  6.48516E-03,  5.90643E-03,
  1.55510E-03,  1.84625E-03,  2.17791E-03,  2.55590E-03,  2.98695E-03,  3.47884E-03,  4.04057E-03,  4.68256E-03,  5.41689E-03,  6.25760E-03,  7.22096E-03,  8.32583E-03,  9.59406E-03,  1.10509E-02,  1.27253E-02,  1.46502E-02,  1.68627E-02,NA,NA,NA,NA,NA,NA,NA,NA,NA,NA,NA,NA,NA,NA,NA,NA,NA,NA,NA,NA,NA,NA,NA,NA,NA,NA,NA,NA,NA,NA,NA,NA,NA,NA,NA,NA,NA,NA,NA,NA,NA,NA,NA,NA,NA,NA,NA,NA,NA,  2.06882E-02,  1.82036E-02,  1.60819E-02,  1.42614E-02,  1.26921E-02,  1.13337E-02,  1.01531E-02,  9.12324E-03,  8.22163E-03,  7.42974E-03,  6.73204E-03,  6.11553E-03,  5.56922E-03,
  1.20962E-03,  1.47203E-03,  1.77198E-03,  2.11491E-03,  2.50709E-03,  2.95572E-03,  3.46914E-03,  4.05694E-03,  4.73016E-03,  5.50155E-03,  6.38573E-03,  7.39945E-03,  8.56183E-03,  9.89447E-03,  1.14216E-02,  1.31697E-02,  1.51673E-02,NA,NA,NA,NA,NA,NA,NA,NA,NA,NA,NA,NA,NA,NA,NA,NA,NA,NA,NA,NA,NA,NA,NA,NA,NA,NA,NA,NA,NA,NA,NA,NA,NA,NA,NA,NA,NA,NA,NA,NA,NA,NA,NA,NA,NA,NA,NA,NA,  2.17140E-02,  1.90992E-02,  1.68560E-02,  1.49258E-02,  1.32597E-02,  1.18167E-02,  1.05629E-02,  9.46999E-03,  8.51436E-03,  7.67626E-03,  6.93912E-03,  6.28897E-03,  5.71403E-03,  5.20428E-03,
  8.48809E-04,  1.08020E-03,  1.34585E-03,  1.65076E-03,  2.00068E-03,  2.40221E-03,  2.86293E-03,  3.39155E-03,  3.99805E-03,  4.69382E-03,  5.49183E-03,  6.40673E-03,  7.45500E-03,  8.65485E-03,  1.00261E-02,  1.15899E-02,  1.33673E-02,NA,NA,NA,NA,NA,NA,NA,NA,NA,NA,NA,NA,NA,NA,NA,NA,NA,NA,NA,NA,NA,NA,NA,NA,NA,NA,NA,NA,NA,NA,NA,NA,NA,NA,NA,NA,NA,NA,NA,NA,NA,NA,NA,NA,NA,NA,NA,  2.23176E-02,  1.96748E-02,  1.73828E-02,  1.53955E-02,  1.36708E-02,  1.21718E-02,  1.08664E-02,  9.72717E-03,  8.73056E-03,  7.85666E-03,  7.08850E-03,  6.41165E-03,  5.81384E-03,  5.28458E-03,  4.81493E-03,
  4.75194E-04,  6.73642E-04,  9.02800E-04,  1.16719E-03,  1.47202E-03,  1.82324E-03,  2.22767E-03,  2.69312E-03,  3.22847E-03,  3.84381E-03,  4.55051E-03,  5.36129E-03,  6.29022E-03,  7.35260E-03,  8.56464E-03,  9.94291E-03,  1.15033E-02,NA,NA,NA,NA,NA,NA,NA,NA,NA,NA,NA,NA,NA,NA,NA,NA,NA,NA,NA,NA,NA,NA,NA,NA,NA,NA,NA,NA,NA,NA,NA,NA,NA,NA,NA,NA,NA,NA,NA,NA,NA,NA,NA,NA,NA,NA,NA,  1.98032E-02,  1.75600E-02,  1.55880E-02,  1.38591E-02,  1.23452E-02,  1.10197E-02,  9.85856E-03,  8.84023E-03,  7.94588E-03,  7.15911E-03,  6.46572E-03,  5.85345E-03,  5.31173E-03,  4.83146E-03,  4.40480E-03,
  9.15092E-05,  2.55445E-04,  4.46325E-04,  6.68186E-04,  9.25657E-04,  1.22404E-03,  1.56940E-03,  1.96863E-03,  2.42958E-03,  2.96110E-03,  3.57309E-03,  4.27657E-03,  5.08357E-03,  6.00700E-03,  7.06034E-03,  8.25700E-03,  9.60938E-03,  1.11273E-02,NA,NA,NA,NA,NA,NA,NA,NA,NA,NA,NA,NA,NA,NA,NA,NA,NA,NA,NA,NA,NA,NA,NA,NA,NA,NA,NA,NA,NA,NA,NA,NA,NA,NA,NA,NA,NA,NA,NA,NA,NA,NA,NA,NA,NA,  1.93812E-02,  1.72960E-02,  1.54246E-02,  1.37578E-02,  1.22807E-02,  1.09757E-02,  9.82470E-03,  8.81016E-03,  7.91590E-03,  7.12721E-03,  6.43096E-03,  5.81558E-03,  5.27089E-03,  4.78802E-03,  4.35922E-03,  3.97778E-03,
 -2.99371E-04, -1.71147E-04, -1.98982E-05,  1.57911E-04,  3.66341E-04,  6.10040E-04,  8.94317E-04,  1.22522E-03,  1.60960E-03,  2.05518E-03,  2.57059E-03,  3.16537E-03,  3.84995E-03,  4.63547E-03,  5.53349E-03,  6.55559E-03,  7.71249E-03,  9.01304E-03,NA,NA,NA,NA,NA,NA,NA,NA,NA,NA,NA,NA,NA,NA,NA,NA,NA,NA,NA,NA,NA,NA,NA,NA,NA,NA,NA,NA,NA,NA,NA,NA,NA,NA,NA,NA,NA,NA,NA,NA,NA,NA,NA,NA,  1.83652E-02,  1.65348E-02,  1.48470E-02,  1.33115E-02,  1.19280E-02,  1.06898E-02,  9.58651E-03,  8.60647E-03,  7.73743E-03,  6.96752E-03,  6.28559E-03,  5.68142E-03,  5.14580E-03,  4.67050E-03,  4.24823E-03,  3.87257E-03,  3.53789E-03,
 -6.94466E-04, -6.02775E-04, -4.92081E-04, -3.59345E-04, -2.01076E-04, -1.32623E-05,  2.08683E-04,  4.69997E-04,  7.76622E-04,  1.13528E-03,  1.55349E-03,  2.03963E-03,  2.60288E-03,  3.25316E-03,  4.00097E-03,  4.85709E-03,  5.83213E-03,  6.93590E-03,NA,NA,NA,NA,NA,NA,NA,NA,NA,NA,NA,NA,NA,NA,NA,NA,NA,NA,NA,NA,NA,NA,NA,NA,NA,NA,NA,NA,NA,NA,NA,NA,NA,NA,NA,NA,NA,NA,NA,NA,NA,NA,NA,  1.67978E-02,  1.52791E-02,  1.38357E-02,  1.24897E-02,  1.12523E-02,  1.01266E-02,  9.11037E-03,  8.19815E-03,  7.38248E-03,  6.65508E-03,  6.00750E-03,  5.43151E-03,  4.91936E-03,  4.46392E-03,  4.05869E-03,  3.69786E-03,  3.37623E-03,  3.08920E-03,
 -1.09073E-03, -1.03602E-03, -9.66373E-04, -8.79248E-04, -7.71707E-04, -6.40357E-04, -4.81298E-04, -2.90050E-04, -6.14932E-05,  2.10201E-04,  5.31635E-04,  9.10238E-04,  1.35431E-03,  1.87302E-03,  2.47644E-03,  3.17541E-03,  3.98151E-03,  4.90694E-03,NA,NA,NA,NA,NA,NA,NA,NA,NA,NA,NA,NA,NA,NA,NA,NA,NA,NA,NA,NA,NA,NA,NA,NA,NA,NA,NA,NA,NA,NA,NA,NA,NA,NA,NA,NA,NA,NA,NA,NA,NA,NA,NA,NA,  1.24228E-02,  1.12983E-02,  1.02439E-02,  9.26794E-03,  8.37394E-03,  7.56150E-03,  6.82761E-03,  6.16766E-03,  5.57612E-03,  5.04711E-03,  4.57469E-03,  4.15316E-03,  3.77714E-03,  3.44169E-03,  3.14228E-03,  2.87485E-03,  2.63576E-03,
 -1.48511E-03, -1.46744E-03, -1.43891E-03, -1.39746E-03, -1.34069E-03, -1.26580E-03, -1.16953E-03, -1.04812E-03, -8.97192E-04, -7.11698E-04, -4.85821E-04, -2.12871E-04,  1.14823E-04,  5.06047E-04,  9.70848E-04,  1.52073E-03,  2.16893E-03,NA,NA,NA,NA,NA,NA,NA,NA,NA,NA,NA,NA,NA,NA,NA,NA,NA,NA,NA,NA,NA,NA,NA,NA,NA,NA,NA,NA,NA,NA,NA,NA,NA,NA,NA,NA,NA,NA,NA,NA,NA,NA,NA,NA,NA,  9.78533E-03,  8.92478E-03,  8.11877E-03,  7.37141E-03,  6.68441E-03,  6.05740E-03,  5.48842E-03,  4.97444E-03,  4.51175E-03,  4.09629E-03,  3.72390E-03,  3.39052E-03,  3.09223E-03,  2.82539E-03,  2.58665E-03,  2.37294E-03,  2.18150E-03,
 -1.87453E-03, -1.89361E-03, -1.90587E-03, -1.90971E-03, -1.90325E-03, -1.88426E-03, -1.85010E-03, -1.79766E-03, -1.72325E-03, -1.62253E-03, -1.49036E-03, -1.32066E-03, -1.10619E-03, -8.38367E-04, -5.06898E-04, -9.93598E-05,  3.99386E-04,NA,NA,NA,NA,NA,NA,NA,NA,NA,NA,NA,NA,NA,NA,NA,NA,NA,NA,NA,NA,NA,NA,NA,NA,NA,NA,NA,NA,NA,NA,NA,NA,NA,NA,NA,NA,NA,NA,NA,NA,NA,NA,NA,NA,NA,  7.34835E-03,  6.70904E-03,  6.11639E-03,  5.56945E-03,  5.06725E-03,  4.60842E-03,  4.19109E-03,  3.81296E-03,  3.47142E-03,  3.16370E-03,  2.88697E-03,  2.63842E-03,  2.41538E-03,  2.21530E-03,  2.03583E-03,  1.87479E-03,  1.73021E-03,
 -2.25599E-03, -2.31117E-03, -2.36348E-03, -2.41179E-03, -2.45470E-03, -2.49054E-03, -2.51726E-03, -2.53235E-03, -2.53278E-03, -2.51485E-03, -2.47403E-03, -2.40476E-03, -2.30021E-03, -2.15189E-03, -1.94921E-03, -1.67882E-03, -1.32378E-03,NA,NA,NA,NA,NA,NA,NA,NA,NA,NA,NA,NA,NA,NA,NA,NA,NA,NA,NA,NA,NA,NA,NA,NA,NA,NA,NA,NA,NA,NA,NA,NA,NA,NA,NA,NA,NA,NA,NA,NA,NA,NA,NA,NA,NA,  5.09078E-03,  4.64123E-03,  4.23448E-03,  3.86473E-03,  3.52814E-03,  3.22188E-03,  2.94363E-03,  2.69134E-03,  2.46302E-03,  2.25677E-03,  2.07074E-03,  1.90314E-03,  1.75226E-03,  1.61649E-03,  1.49434E-03,  1.38442E-03,  1.28546E-03,
 -2.62655E-03, -2.71684E-03, -2.80810E-03, -2.89964E-03, -2.99054E-03, -3.07966E-03, -3.16549E-03, -3.24614E-03, -3.31919E-03, -3.38155E-03, -3.42928E-03, -3.45735E-03, -3.45930E-03, -3.42680E-03, -3.34908E-03, -3.21209E-03, -2.99742E-03,NA,NA,NA,NA,NA,NA,NA,NA,NA,NA,NA,NA,NA,NA,NA,NA,NA,NA,NA,NA,NA,NA,NA,NA,NA,NA,NA,NA,NA,NA,NA,NA,NA,NA,NA,NA,NA,NA,NA,NA,NA,NA,NA,NA,NA,NA,  2.71027E-03,  2.46867E-03,  2.25751E-03,  2.07034E-03,  1.90286E-03,  1.75215E-03,  1.61610E-03,  1.49310E-03,  1.38183E-03,  1.28120E-03,  1.19019E-03,  1.10792E-03,  1.03356E-03,  9.66349E-04,  9.05584E-04,  8.50622E-04,
 -2.98338E-03, -3.10746E-03, -3.23621E-03, -3.36934E-03, -3.50642E-03, -3.64679E-03, -3.78950E-03, -3.93324E-03, -4.07618E-03, -4.21584E-03, -4.34890E-03, -4.47087E-03, -4.57576E-03, -4.65553E-03, -4.69946E-03, -4.69318E-03, -4.61744E-03,NA,NA,NA,NA,NA,NA,NA,NA,NA,NA,NA,NA,NA,NA,NA,NA,NA,NA,NA,NA,NA,NA,NA,NA,NA,NA,NA,NA,NA,NA,NA,NA,NA,NA,NA,NA,NA,NA,NA,NA,NA,NA,NA,NA,NA,NA,  9.05920E-04,  8.14167E-04,  7.46943E-04,  6.95728E-04,  6.55028E-04,  6.21348E-04,  5.92489E-04,  5.67077E-04,  5.44260E-04,  5.23500E-04,  5.04456E-04,  4.86900E-04,  4.70668E-04,  4.55637E-04,  4.41701E-04,  4.28772E-04,
 -3.32378E-03, -3.48002E-03, -3.64444E-03, -3.81716E-03, -3.99820E-03, -4.18737E-03, -4.38426E-03, -4.58811E-03, -4.79770E-03, -5.01120E-03, -5.22590E-03, -5.43795E-03, -5.64193E-03, -5.83034E-03, -5.99280E-03, -6.11511E-03, -6.17787E-03,NA,NA,NA,NA,NA,NA,NA,NA,NA,NA,NA,NA,NA,NA,NA,NA,NA,NA,NA,NA,NA,NA,NA,NA,NA,NA,NA,NA,NA,NA,NA,NA,NA,NA,NA,NA,NA,NA,NA,NA,NA,NA,NA,NA,NA,NA, -7.80038E-04, -7.33082E-04, -6.67926E-04, -5.94419E-04, -5.18838E-04, -4.45025E-04, -3.75192E-04, -3.10485E-04, -2.51368E-04, -1.97879E-04, -1.49810E-04, -1.06815E-04, -6.84855E-05, -3.43924E-05, -4.11645E-06,  2.27391E-05,
 -3.64521E-03, -3.83168E-03, -4.02964E-03, -4.23959E-03, -4.46196E-03, -4.69705E-03, -4.94495E-03, -5.20546E-03, -5.47799E-03, -5.76132E-03, -6.05345E-03, -6.35126E-03, -6.65006E-03, -6.94309E-03, -7.22071E-03, -7.46941E-03, -7.67041E-03,NA,NA,NA,NA,NA,NA,NA,NA,NA,NA,NA,NA,NA,NA,NA,NA,NA,NA,NA,NA,NA,NA,NA,NA,NA,NA,NA,NA,NA,NA,NA,NA,NA,NA,NA,NA,NA,NA,NA,NA,NA,NA,NA,NA,NA,NA, -2.35308E-03, -2.17573E-03, -1.98754E-03, -1.79889E-03, -1.61635E-03, -1.44380E-03, -1.28331E-03, -1.13573E-03, -1.00113E-03, -8.79087E-04, -7.68901E-04, -6.69716E-04, -5.80622E-04, -5.00704E-04, -4.29082E-04, -3.64928E-04,
 -3.94529E-03, -4.15981E-03, -4.38887E-03, -4.63334E-03, -4.89407E-03, -5.17178E-03, -5.46708E-03, -5.78032E-03, -6.11150E-03, -6.46012E-03, -6.82489E-03, -7.20351E-03, -7.59220E-03, -7.98518E-03, -8.37390E-03, -8.74606E-03, -9.08428E-03,NA,NA,NA,NA,NA,NA,NA,NA,NA,NA,NA,NA,NA,NA,NA,NA,NA,NA,NA,NA,NA,NA,NA,NA,NA,NA,NA,NA,NA,NA,NA,NA,NA,NA,NA,NA,NA,NA,NA,NA,NA,NA,NA,NA,NA,NA, -3.81570E-03, -3.51468E-03, -3.21145E-03, -2.91619E-03, -2.63523E-03, -2.37216E-03, -2.12871E-03, -1.90533E-03, -1.70165E-03, -1.51680E-03, -1.34960E-03, -1.19875E-03, -1.06287E-03, -9.40628E-04, -8.30726E-04, -7.31960E-04,
 -4.22188E-03, -4.46199E-03, -4.71943E-03, -4.99541E-03, -5.29115E-03, -5.60780E-03, -5.94645E-03, -6.30799E-03, -6.69304E-03, -7.10178E-03, -7.53372E-03, -7.98746E-03, -8.46026E-03, -8.94754E-03, -9.44218E-03, -9.93355E-03, -1.04063E-02,NA,NA,NA,NA,NA,NA,NA,NA,NA,NA,NA,NA,NA,NA,NA,NA,NA,NA,NA,NA,NA,NA,NA,NA,NA,NA,NA,NA,NA,NA,NA,NA,NA,NA,NA,NA,NA,NA,NA,NA,NA,NA,NA,NA,NA,NA, -5.16754E-03, -4.74905E-03, -4.33822E-03, -3.94438E-03, -3.57314E-03, -3.22748E-03, -2.90859E-03, -2.61639E-03, -2.35003E-03, -2.10816E-03, -1.88916E-03, -1.69129E-03, -1.51276E-03, -1.35185E-03, -1.20690E-03, -1.07637E-03,
 -4.47304E-03, -4.73606E-03, -5.01890E-03, -5.32309E-03, -5.65016E-03, -6.00170E-03, -6.37923E-03, -6.78417E-03, -7.21774E-03, -7.68081E-03, -8.17372E-03, -8.69603E-03, -9.24615E-03, -9.82087E-03, -1.04147E-02, -1.10192E-02, -1.16215E-02,NA,NA,NA,NA,NA,NA,NA,NA,NA,NA,NA,NA,NA,NA,NA,NA,NA,NA,NA,NA,NA,NA,NA,NA,NA,NA,NA,NA,NA,NA,NA,NA,NA,NA,NA,NA,NA,NA,NA,NA,NA,NA,NA,NA,NA,NA, -6.40575E-03, -5.87633E-03, -5.36547E-03, -4.88107E-03, -4.42763E-03, -4.00727E-03, -3.62041E-03, -3.26637E-03, -2.94376E-03, -2.65074E-03, -2.38524E-03, -2.14510E-03, -1.92818E-03, -1.73238E-03, -1.55575E-03, -1.39645E-03,
 -4.69710E-03, -4.98015E-03, -5.28518E-03, -5.61399E-03, -5.96845E-03, -6.35047E-03, -6.76201E-03, -7.20498E-03, -7.68117E-03, -8.19214E-03, -8.73906E-03, -9.32246E-03, -9.94195E-03, -1.05958E-02, -1.12805E-02, -1.19897E-02, -1.27136E-02,NA,NA,NA,NA,NA,NA,NA,NA,NA,NA,NA,NA,NA,NA,NA,NA,NA,NA,NA,NA,NA,NA,NA,NA,NA,NA,NA,NA,NA,NA,NA,NA,NA,NA,NA,NA,NA,NA,NA,NA,NA,NA,NA,NA,NA, -8.17832E-03, -7.52554E-03, -6.89276E-03, -6.29007E-03, -5.72352E-03, -5.19621E-03, -4.70915E-03, -4.26191E-03, -3.85311E-03, -3.48076E-03, -3.14252E-03, -2.83590E-03, -2.55835E-03, -2.30738E-03, -2.08060E-03, -1.87576E-03, -1.69077E-03,
 -4.89264E-03, -5.19266E-03, -5.51648E-03, -5.86612E-03, -6.24371E-03, -6.65151E-03, -7.09182E-03, -7.56702E-03, -8.07942E-03, -8.63124E-03, -9.22441E-03, -9.86046E-03, -1.05402E-02, -1.12634E-02, -1.20285E-02, -1.28315E-02, -1.36659E-02,NA,NA,NA,NA,NA,NA,NA,NA,NA,NA,NA,NA,NA,NA,NA,NA,NA,NA,NA,NA,NA,NA,NA,NA,NA,NA,NA,NA,NA,NA,NA,NA,NA,NA,NA,NA,NA,NA,NA,NA,NA,NA,NA,NA,NA, -9.28235E-03, -8.52084E-03, -7.79378E-03, -7.10847E-03, -6.46885E-03, -5.87642E-03, -5.33098E-03, -4.83114E-03, -4.37477E-03, -3.95930E-03, -3.58188E-03, -3.23960E-03, -2.92957E-03, -2.64898E-03, -2.39519E-03, -2.16569E-03, -1.95818E-03,
 -5.05854E-03, -5.37235E-03, -5.71138E-03, -6.07786E-03, -6.47413E-03, -6.90272E-03, -7.36626E-03, -7.86749E-03, -8.40922E-03, -8.99422E-03, -9.62517E-03, -1.03045E-02, -1.10341E-02, -1.18154E-02, -1.26484E-02, -1.35319E-02, -1.44623E-02,NA,NA,NA,NA,NA,NA,NA,NA,NA,NA,NA,NA,NA,NA,NA,NA,NA,NA,NA,NA,NA,NA,NA,NA,NA,NA,NA,NA,NA,NA,NA,NA,NA,NA,NA,NA,NA,NA,NA,NA,NA,NA,NA,NA,NA, -1.02441E-02, -9.38501E-03, -8.57452E-03, -7.81703E-03, -7.11426E-03, -6.46604E-03, -5.87089E-03, -5.32649E-03, -4.82994E-03, -4.37807E-03, -3.96759E-03, -3.59519E-03, -3.25767E-03, -2.95195E-03, -2.67516E-03, -2.42461E-03, -2.19780E-03,
 -5.19399E-03, -5.51828E-03, -5.86884E-03, -6.24802E-03, -6.65834E-03, -7.10253E-03, -7.58348E-03, -8.10424E-03, -8.66799E-03, -9.27801E-03, -9.93759E-03, -1.06499E-02, -1.14181E-02, -1.22446E-02, -1.31314E-02, -1.40793E-02, -1.50878E-02, -1.61542E-02,NA,NA,NA,NA,NA,NA,NA,NA,NA,NA,NA,NA,NA,NA,NA,NA,NA,NA,NA,NA,NA,NA,NA,NA,NA,NA,NA,NA,NA,NA,NA,NA,NA,NA,NA,NA,NA,NA,NA,NA,NA,NA,NA,NA, -1.10546E-02, -1.01116E-02, -9.23038E-03, -8.41243E-03, -7.65731E-03, -6.96322E-03, -6.32748E-03, -5.74681E-03, -5.21763E-03, -4.73622E-03, -4.29886E-03, -3.90193E-03, -3.54194E-03, -3.21562E-03, -2.91988E-03, -2.65189E-03, -2.40902E-03,
 -5.29847E-03, -5.62989E-03, -5.98821E-03, -6.37586E-03, -6.79549E-03, -7.24995E-03, -7.74230E-03, -8.27582E-03, -8.85398E-03, -9.48043E-03, -1.01590E-02, -1.08934E-02, -1.16876E-02, -1.25453E-02, -1.34699E-02, -1.44643E-02, -1.55303E-02, -1.66686E-02,NA,NA,NA,NA,NA,NA,NA,NA,NA,NA,NA,NA,NA,NA,NA,NA,NA,NA,NA,NA,NA,NA,NA,NA,NA,NA,NA,NA,NA,NA,NA,NA,NA,NA,NA,NA,NA,NA,NA,NA,NA,NA,NA, -1.27890E-02, -1.17057E-02, -1.06950E-02, -9.75747E-03, -8.89201E-03, -8.09619E-03, -7.36675E-03, -6.69988E-03, -6.09148E-03, -5.53737E-03, -5.03335E-03, -4.57536E-03, -4.15950E-03, -3.78208E-03, -3.43965E-03, -3.12901E-03, -2.84720E-03, -2.59151E-03,
 -5.37182E-03, -5.70698E-03, -6.06927E-03, -6.46113E-03, -6.88526E-03, -7.34458E-03, -7.84222E-03, -8.38160E-03, -8.96636E-03, -9.60038E-03, -1.02878E-02, -1.10328E-02, -1.18400E-02, -1.27139E-02, -1.36591E-02, -1.46798E-02, -1.57802E-02, -1.69636E-02,NA,NA,NA,NA,NA,NA,NA,NA,NA,NA,NA,NA,NA,NA,NA,NA,NA,NA,NA,NA,NA,NA,NA,NA,NA,NA,NA,NA,NA,NA,NA,NA,NA,NA,NA,NA,NA,NA,NA,NA,NA,NA,NA, -1.33364E-02, -1.21914E-02, -1.11311E-02, -1.01531E-02, -9.25413E-03, -8.42998E-03, -7.67615E-03, -6.98792E-03, -6.36052E-03, -5.78926E-03, -5.26960E-03, -4.79721E-03, -4.36800E-03, -3.97814E-03, -3.62408E-03, -3.30254E-03, -3.01050E-03, -2.74520E-03,
 -5.41416E-03, -5.74972E-03, -6.11220E-03, -6.50403E-03, -6.92788E-03, -7.38664E-03, -7.88347E-03, -8.42177E-03, -9.00524E-03, -9.63783E-03, -1.03238E-02, -1.10677E-02, -1.18743E-02, -1.27488E-02, -1.36962E-02, -1.47222E-02, -1.58321E-02, -1.70314E-02, -1.83252E-02,NA,NA,NA,NA,NA,NA,NA,NA,NA,NA,NA,NA,NA,NA,NA,NA,NA,NA,NA,NA,NA,NA,NA,NA,NA,NA,NA,NA,NA,NA,NA,NA,NA,NA,NA,NA,NA,NA,NA,NA,NA,NA, -1.36914E-02, -1.25078E-02, -1.14177E-02, -1.04163E-02, -9.49848E-03, -8.65883E-03, -7.89188E-03, -7.19223E-03, -6.55461E-03, -5.97401E-03, -5.44565E-03, -4.96503E-03, -4.52798E-03, -4.13061E-03, -3.76931E-03, -3.44080E-03, -3.14204E-03, -2.87027E-03,
 -5.42598E-03, -5.75865E-03, -6.11763E-03, -6.50526E-03, -6.92413E-03, -7.37703E-03, -7.86701E-03, -8.39739E-03, -8.97174E-03, -9.59397E-03, -1.02683E-02, -1.09992E-02, -1.17915E-02, -1.26506E-02, -1.35818E-02, -1.45912E-02, -1.56849E-02, -1.68693E-02, -1.81514E-02,NA,NA,NA,NA,NA,NA,NA,NA,NA,NA,NA,NA,NA,NA,NA,NA,NA,NA,NA,NA,NA,NA,NA,NA,NA,NA,NA,NA,NA,NA,NA,NA,NA,NA,NA,NA,NA,NA,NA,NA,NA, -1.51543E-02, -1.38520E-02, -1.26543E-02, -1.15550E-02, -1.05477E-02, -9.62624E-03, -8.78417E-03, -8.01547E-03, -7.31432E-03, -6.67522E-03, -6.09298E-03, -5.56272E-03, -5.07993E-03, -4.64042E-03, -4.24032E-03, -3.87607E-03, -3.54441E-03, -3.24235E-03, -2.96716E-03,
 -5.40806E-03, -5.73467E-03, -6.08658E-03, -6.46600E-03, -6.87536E-03, -7.31726E-03, -7.79456E-03, -8.31036E-03, -8.86802E-03, -9.47118E-03, -1.01238E-02, -1.08301E-02, -1.15947E-02, -1.24227E-02, -1.33192E-02, -1.42902E-02, -1.53418E-02, -1.64806E-02, -1.77138E-02, -1.90489E-02,NA,NA,NA,NA,NA,NA,NA,NA,NA,NA,NA,NA,NA,NA,NA,NA,NA,NA,NA,NA,NA,NA,NA,NA,NA,NA,NA,NA,NA,NA,NA,NA,NA,NA,NA,NA,NA,NA,NA, -1.65218E-02, -1.51137E-02, -1.38200E-02, -1.26331E-02, -1.15456E-02, -1.05503E-02, -9.64025E-03, -8.80874E-03, -8.04951E-03, -7.35664E-03, -6.72458E-03, -6.14818E-03, -5.62265E-03, -5.14353E-03, -4.70675E-03, -4.30854E-03, -3.94544E-03, -3.61430E-03, -3.31222E-03, -3.03657E-03,
 -5.36148E-03, -5.67902E-03, -6.02048E-03, -6.38789E-03, -6.78342E-03, -7.20945E-03, -7.66853E-03, -8.16346E-03, -8.69721E-03, -9.27302E-03, -9.89439E-03, -1.05651E-02, -1.12891E-02, -1.20709E-02, -1.29150E-02, -1.38266E-02, -1.48110E-02, -1.58742E-02, -1.70224E-02, -1.82624E-02,NA,NA,NA,NA,NA,NA,NA,NA,NA,NA,NA,NA,NA,NA,NA,NA,NA,NA,NA,NA,NA,NA,NA,NA,NA,NA,NA,NA,NA,NA,NA,NA,NA,NA,NA,NA,NA,NA,NA, -1.62249E-02, -1.48574E-02, -1.36018E-02, -1.24503E-02, -1.13951E-02, -1.04290E-02, -9.54507E-03, -8.73670E-03, -7.99776E-03, -7.32255E-03, -6.70572E-03, -6.14233E-03, -5.62781E-03, -5.15793E-03, -4.72881E-03, -4.33687E-03, -3.97884E-03, -3.65170E-03, -3.35273E-03, -3.07939E-03,
 -5.28762E-03, -5.59327E-03, -5.92114E-03, -6.27297E-03, -6.65068E-03, -7.05632E-03, -7.49206E-03, -7.96025E-03, -8.46341E-03, -9.00421E-03, -9.58548E-03, -1.02103E-02, -1.08817E-02, -1.16033E-02, -1.23785E-02, -1.32112E-02, -1.41052E-02, -1.50647E-02, -1.60942E-02, -1.71981E-02, -1.83813E-02,NA,NA,NA,NA,NA,NA,NA,NA,NA,NA,NA,NA,NA,NA,NA,NA,NA,NA,NA,NA,NA,NA,NA,NA,NA,NA,NA,NA,NA,NA,NA,NA,NA,NA,NA,NA,NA, -1.70944E-02, -1.56903E-02, -1.43972E-02, -1.32077E-02, -1.21148E-02, -1.11114E-02, -1.01909E-02, -9.34694E-03, -8.57354E-03, -7.86510E-03, -7.21635E-03, -6.62242E-03, -6.07875E-03, -5.58114E-03, -5.12571E-03, -4.70885E-03, -4.32729E-03, -3.97797E-03, -3.65811E-03, -3.36515E-03, -3.09676E-03,
 -5.18811E-03, -5.47931E-03, -5.79069E-03, -6.12373E-03, -6.47998E-03, -6.86111E-03, -7.26886E-03, -7.70505E-03, -8.17160E-03, -8.67047E-03, -9.20372E-03, -9.77340E-03, -1.03816E-02, -1.10305E-02, -1.17221E-02, -1.24583E-02, -1.32411E-02, -1.40721E-02, -1.49527E-02, -1.58840E-02, -1.68666E-02,NA,NA,NA,NA,NA,NA,NA,NA,NA,NA,NA,NA,NA,NA,NA,NA,NA,NA,NA,NA,NA,NA,NA,NA,NA,NA,NA,NA,NA,NA,NA,NA,NA,NA,NA,NA,NA, -1.62211E-02, -1.49378E-02, -1.37499E-02, -1.26520E-02, -1.16388E-02, -1.07049E-02, -9.84491E-03, -9.05363E-03, -8.32606E-03, -7.65742E-03, -7.04321E-03, -6.47918E-03, -5.96137E-03, -5.48608E-03, -5.04985E-03, -4.64951E-03, -4.28208E-03, -3.94483E-03, -3.63525E-03, -3.35101E-03, -3.08999E-03,
 -5.06482E-03, -5.33925E-03, -5.63158E-03, -5.94295E-03, -6.27454E-03, -6.62755E-03, -7.00323E-03, -7.40281E-03, -7.82750E-03, -8.27848E-03, -8.75683E-03, -9.26352E-03, -9.79935E-03, -1.03649E-02, -1.09603E-02, -1.15854E-02, -1.22394E-02, -1.29208E-02, -1.36273E-02, -1.43553E-02, -1.51001E-02,NA,NA,NA,NA,NA,NA,NA,NA,NA,NA,NA,NA,NA,NA,NA,NA,NA,NA,NA,NA,NA,NA,NA,NA,NA,NA,NA,NA,NA,NA,NA,NA,NA,NA,NA,NA,NA, -1.51229E-02, -1.39927E-02, -1.29364E-02, -1.19521E-02, -1.10371E-02, -1.01882E-02, -9.40180E-03, -8.67436E-03, -8.00215E-03, -7.38155E-03, -6.80902E-03, -6.28114E-03, -5.79466E-03, -5.34651E-03, -4.93377E-03, -4.55372E-03, -4.20381E-03, -3.88167E-03, -3.58509E-03, -3.31203E-03, -3.06058E-03,
NA, -5.17546E-03, -5.44652E-03, -5.73375E-03, -6.03791E-03, -6.35975E-03, -6.69992E-03, -7.05902E-03, -7.43750E-03, -7.83563E-03, -8.25347E-03, -8.69073E-03, -9.14676E-03, -9.62035E-03, -1.01096E-02, -1.06119E-02, -1.11234E-02, -1.16389E-02, -1.21518E-02, -1.26531E-02, -1.31315E-02,NA,NA,NA,NA,NA,NA,NA,NA,NA,NA,NA,NA,NA,NA,NA,NA,NA,NA,NA,NA,NA,NA,NA,NA,NA,NA,NA,NA,NA,NA,NA,NA,NA,NA,NA,NA, -1.48314E-02, -1.38357E-02, -1.28843E-02, -1.19811E-02, -1.11284E-02, -1.03267E-02, -9.57555E-03, -8.87371E-03, -8.21944E-03, -7.61067E-03, -7.04510E-03, -6.52034E-03, -6.03396E-03, -5.58353E-03, -5.16669E-03, -4.78115E-03, -4.42472E-03, -4.09531E-03, -3.79095E-03, -3.50978E-03, -3.25006E-03, -3.01016E-03,
NA, -4.99048E-03, -5.23841E-03, -5.49945E-03, -5.77395E-03, -6.06211E-03, -6.36402E-03, -6.67957E-03, -7.00842E-03, -7.34990E-03, -7.70294E-03, -8.06595E-03, -8.43670E-03, -8.81213E-03, -9.18815E-03, -9.55938E-03, -9.91879E-03, -1.02573E-02, -1.05635E-02, -1.08225E-02, -1.10158E-02, -1.11203E-02,NA,NA,NA,NA,NA,NA,NA,NA,NA,NA,NA,NA,NA,NA,NA,NA,NA,NA,NA,NA,NA,NA,NA,NA,NA,NA,NA,NA,NA,NA,NA,NA,NA,NA,NA, -1.31630E-02, -1.23988E-02, -1.16449E-02, -1.09108E-02, -1.02031E-02, -9.52617E-03, -8.88264E-03, -8.27383E-03, -7.70010E-03, -7.16118E-03, -6.65627E-03, -6.18423E-03, -5.74372E-03, -5.33324E-03, -4.95119E-03, -4.59597E-03, -4.26596E-03, -3.95959E-03, -3.67530E-03, -3.41162E-03, -3.16713E-03,NA,
NA,NA, -5.01030E-03, -5.24357E-03, -5.48666E-03, -5.73927E-03, -6.00087E-03, -6.27066E-03, -6.54746E-03, -6.82963E-03, -7.11498E-03, -7.40058E-03, -7.68259E-03, -7.95607E-03, -8.21464E-03, -8.45020E-03, -8.65242E-03, -8.80826E-03, -8.90128E-03, -8.91082E-03, -8.81097E-03, -8.56943E-03,NA,NA,NA,NA,NA,NA,NA,NA,NA,NA,NA,NA,NA,NA,NA,NA,NA,NA,NA,NA,NA,NA,NA,NA,NA,NA,NA,NA,NA,NA,NA,NA,NA,NA,NA, -1.13730E-02, -1.08535E-02, -1.03085E-02, -9.75339E-03, -9.19949E-03, -8.65504E-03, -8.12588E-03, -7.61603E-03, -7.12812E-03, -6.66373E-03, -6.22364E-03, -5.80808E-03, -5.41681E-03, -5.04930E-03, -4.70479E-03, -4.38239E-03, -4.08107E-03, -3.79980E-03, -3.53748E-03, -3.29302E-03, -3.06535E-03,NA,
NA,NA, -4.76534E-03, -4.96969E-03, -5.18018E-03, -5.39597E-03, -5.61594E-03, -5.83859E-03, -6.06191E-03, -6.28334E-03, -6.49953E-03, -6.70624E-03, -6.89808E-03, -7.06824E-03, -7.20815E-03, -7.30702E-03, -7.35135E-03, -7.32424E-03, -7.20452E-03, -6.96578E-03, -6.57506E-03, -5.99132E-03, -5.16355E-03,NA,NA,NA,NA,NA,NA,NA,NA,NA,NA,NA,NA,NA,NA,NA,NA,NA,NA,NA,NA,NA,NA,NA,NA,NA,NA,NA,NA,NA,NA,NA,NA,NA, -9.69478E-03, -9.51228E-03, -9.24141E-03, -8.90950E-03, -8.53750E-03, -8.14138E-03, -7.73320E-03, -7.32200E-03, -6.91448E-03, -6.51552E-03, -6.12857E-03, -5.75602E-03, -5.39943E-03, -5.05973E-03, -4.73736E-03, -4.43239E-03, -4.14466E-03, -3.87377E-03, -3.61920E-03, -3.38033E-03, -3.15647E-03,NA,NA,
NA,NA,NA, -4.68146E-03, -4.85866E-03, -5.03698E-03, -5.21471E-03, -5.38968E-03, -5.55909E-03, -5.71947E-03, -5.86640E-03, -5.99440E-03, -6.09660E-03, -6.16446E-03, -6.18734E-03, -6.15200E-03, -6.04200E-03, -5.83688E-03, -5.51122E-03, -5.03341E-03, -4.36413E-03, -3.45450E-03, -2.24384E-03,NA,NA,NA,NA,NA,NA,NA,NA,NA,NA,NA,NA,NA,NA,NA,NA,NA,NA,NA,NA,NA,NA,NA,NA,NA,NA,NA,NA,NA,NA,NA,NA,NA, -7.52789E-03, -7.62949E-03, -7.60280E-03, -7.48126E-03, -7.29093E-03, -7.05203E-03, -6.78021E-03, -6.48753E-03, -6.18320E-03, -5.87424E-03, -5.56592E-03, -5.26217E-03, -4.96586E-03, -4.67903E-03, -4.40308E-03, -4.13893E-03, -3.88709E-03, -3.64780E-03, -3.42106E-03, -3.20673E-03, -3.00451E-03,NA,NA,
NA,NA,NA, -4.38248E-03, -4.52622E-03, -4.66700E-03, -4.80257E-03, -4.93011E-03, -5.04611E-03, -5.14625E-03, -5.22513E-03, -5.27614E-03, -5.29108E-03, -5.25984E-03, -5.16997E-03, -5.00608E-03, -4.74916E-03, -4.37575E-03, -3.85678E-03, -3.15629E-03, -2.22969E-03, -1.02171E-03,  5.36185E-04,NA,NA,NA,NA,NA,NA,NA,NA,NA,NA,NA,NA,NA,NA,NA,NA,NA,NA,NA,NA,NA,NA,NA,NA,NA,NA,NA,NA,NA,NA,NA,NA, -4.81802E-03, -5.40035E-03, -5.76982E-03, -5.97523E-03, -6.05514E-03, -6.03995E-03, -5.95358E-03, -5.81481E-03, -5.63836E-03, -5.43573E-03, -5.21587E-03, -4.98574E-03, -4.75067E-03, -4.51477E-03, -4.28112E-03, -4.05205E-03, -3.82925E-03, -3.61392E-03, -3.40689E-03, -3.20867E-03, -3.01956E-03,NA,NA,NA,
NA,NA,NA,NA, -4.18684E-03, -4.29057E-03, -4.38469E-03, -4.46580E-03, -4.52976E-03, -4.57147E-03, -4.58471E-03, -4.56183E-03, -4.49353E-03, -4.36837E-03, -4.17237E-03, -3.88838E-03, -3.49535E-03, -2.96740E-03, -2.27268E-03, -1.37193E-03, -2.16720E-04,  1.25282E-03,  3.11070E-03,NA,NA,NA,NA,NA,NA,NA,NA,NA,NA,NA,NA,NA,NA,NA,NA,NA,NA,NA,NA,NA,NA,NA,NA,NA,NA,NA,NA,NA,NA,NA, -1.32420E-03, -2.49914E-03, -3.35994E-03, -3.97326E-03, -4.39231E-03, -4.65949E-03, -4.80857E-03, -4.86641E-03, -4.85434E-03, -4.78932E-03, -4.68478E-03, -4.55136E-03, -4.39746E-03, -4.22969E-03, -4.05325E-03, -3.87220E-03, -3.68967E-03, -3.50810E-03, -3.32931E-03, -3.15468E-03, -2.98522E-03,NA,NA,NA,NA,
NA,NA,NA,NA, -3.84433E-03, -3.91199E-03, -3.96595E-03, -4.00232E-03, -4.01637E-03, -4.00238E-03, -3.95339E-03, -3.86097E-03, -3.71486E-03, -3.50261E-03, -3.20906E-03, -2.81573E-03, -2.30009E-03, -1.63459E-03, -7.85537E-04,  2.88397E-04,  1.63794E-03,  3.32546E-03,  5.42772E-03,NA,NA,NA,NA,NA,NA,NA,NA,NA,NA,NA,NA,NA,NA,NA,NA,NA,NA,NA,NA,NA,NA,NA,NA,NA,NA,NA,NA,NA,NA,  2.97203E-03,  1.09889E-03, -3.45227E-04, -1.44628E-03, -2.27356E-03, -2.88283E-03, -3.31891E-03, -3.61786E-03, -3.80860E-03, -3.91438E-03, -3.95386E-03, -3.94199E-03, -3.89079E-03, -3.80985E-03, -3.70687E-03, -3.58799E-03, -3.45809E-03, -3.32106E-03, -3.17996E-03, -3.03721E-03, -2.89467E-03, -2.75380E-03,NA,NA,NA,NA,
NA,NA,NA,NA, -3.50223E-03, -3.53527E-03, -3.55088E-03, -3.54475E-03, -3.51170E-03, -3.44548E-03, -3.33858E-03, -3.18194E-03, -2.96462E-03, -2.67343E-03, -2.29241E-03, -1.80224E-03, -1.17951E-03, -3.95787E-04,  5.83518E-04,  1.80052E-03,  3.30658E-03,  5.16444E-03,  7.45079E-03,NA,NA,NA,NA,NA,NA,NA,NA,NA,NA,NA,NA,NA,NA,NA,NA,NA,NA,NA,NA,NA,NA,NA,NA,NA,NA,NA,NA,NA,NA,  5.37358E-03,  3.26802E-03,  1.60860E-03,  3.09912E-04, -6.97529E-04, -1.47016E-03, -2.05379E-03, -2.48558E-03, -2.79566E-03, -3.00845E-03, -3.14377E-03, -3.21768E-03, -3.24318E-03, -3.23084E-03, -3.18917E-03, -3.12510E-03, -3.04420E-03, -2.95098E-03, -2.84906E-03, -2.74135E-03, -2.63016E-03,NA,NA,NA,NA,NA,
NA,NA,NA,NA,NA, -3.16405E-03, -3.14355E-03, -3.09766E-03, -3.02086E-03, -2.90651E-03, -2.74669E-03, -2.53193E-03, -2.25085E-03, -1.88983E-03, -1.43249E-03, -8.59162E-04, -1.46139E-04,  7.35148E-04,  1.81919E-03,  3.14766E-03,  4.77101E-03,  6.75030E-03,  9.15949E-03,  1.20881E-02,NA,NA,NA,NA,NA,NA,NA,NA,NA,NA,NA,NA,NA,NA,NA,NA,NA,NA,NA,NA,NA,NA,NA,NA,NA,NA,NA,NA,NA,  7.42680E-03,  5.15820E-03,  3.33897E-03,  1.88711E-03,  7.35231E-04, -1.72022E-04, -8.80021E-04, -1.42594E-03, -1.84022E-03, -2.14779E-03, -2.36904E-03, -2.52070E-03, -2.61642E-03, -2.66739E-03, -2.68278E-03, -2.67008E-03, -2.63542E-03, -2.58378E-03, -2.51926E-03, -2.44518E-03, -2.36424E-03,NA,NA,NA,NA,NA,
NA,NA,NA,NA,NA, -2.80159E-03, -2.74756E-03, -2.66504E-03, -2.54826E-03, -2.39033E-03, -2.18309E-03, -1.91684E-03, -1.58003E-03, -1.15888E-03, -6.36992E-04,  5.23758E-06,  7.91217E-04,  1.74895E-03,  2.91195E-03,  4.32037E-03,  6.02232E-03,  8.07542E-03,  1.05487E-02,  1.35244E-02,NA,NA,NA,NA,NA,NA,NA,NA,NA,NA,NA,NA,NA,NA,NA,NA,NA,NA,NA,NA,NA,NA,NA,NA,NA,NA,NA,NA,NA,  9.12382E-03,  6.75874E-03,  4.83373E-03,  3.27267E-03,  2.01217E-03,  9.99509E-04,  1.91007E-04, -4.49531E-04, -9.52049E-04, -1.34131E-03, -1.63778E-03, -1.85838E-03, -2.01710E-03, -2.12548E-03, -2.19307E-03, -2.22776E-03, -2.23606E-03, -2.22335E-03, -2.19406E-03, -2.15184E-03, -2.09971E-03,NA,NA,NA,NA,NA,
NA,NA,NA,NA,NA,NA, -2.36600E-03, -2.25026E-03, -2.09757E-03, -1.90092E-03, -1.65208E-03, -1.34129E-03, -9.57057E-04, -4.85743E-04,  8.87680E-05,  7.85569E-04,  1.62729E-03,  2.64074E-03,  3.85773E-03,  5.31594E-03,  7.06003E-03,  9.14281E-03,  1.16266E-02,  1.45845E-02,NA,NA,NA,NA,NA,NA,NA,NA,NA,NA,NA,NA,NA,NA,NA,NA,NA,NA,NA,NA,NA,NA,NA,NA,NA,NA,NA,NA,  1.33743E-02,  1.04725E-02,  8.07151E-03,  6.09084E-03,  4.46207E-03,  3.12727E-03,  2.03764E-03,  1.15218E-03,  4.36527E-04, -1.38062E-04, -5.95611E-04, -9.56179E-04, -1.23651E-03, -1.45056E-03, -1.60999E-03, -1.72451E-03, -1.80222E-03, -1.84986E-03, -1.87307E-03, -1.87652E-03, -1.86412E-03,NA,NA,NA,NA,NA,NA,
NA,NA,NA,NA,NA,NA, -2.00145E-03, -1.85608E-03, -1.67172E-03, -1.44138E-03, -1.15688E-03, -8.08609E-04, -3.85295E-04,  1.26293E-04,  7.41692E-04,  1.47914E-03,  2.36007E-03,  3.40961E-03,  4.65727E-03,  6.13757E-03,  7.89091E-03,  9.96433E-03,  1.24124E-02,  1.52979E-02,  1.86924E-02,NA,NA,NA,NA,NA,NA,NA,NA,NA,NA,NA,NA,NA,NA,NA,NA,NA,NA,NA,NA,NA,NA,NA,NA,NA,NA,NA,  1.43396E-02,  1.14935E-02,  9.10877E-03,  7.11678E-03,  5.45779E-03,  4.08033E-03,  2.94035E-03,  2.00031E-03,  1.22836E-03,  5.97493E-04,  8.49153E-05, -3.28621E-04, -6.59338E-04, -9.20899E-04, -1.12481E-03, -1.28074E-03, -1.39684E-03, -1.47995E-03, -1.53582E-03, -1.56930E-03, -1.58444E-03,NA,NA,NA,NA,NA,NA,
NA,NA,NA,NA,NA,NA,NA, -1.48464E-03, -1.27292E-03, -1.01395E-03, -6.99724E-04, -3.20915E-04,  1.33323E-04,  6.75629E-04,  1.32071E-03,  2.08568E-03,  2.99044E-03,  4.05810E-03,  5.31540E-03,  6.79331E-03,  8.52744E-03,  1.05586E-02,  1.29330E-02,  1.57029E-02,  1.89259E-02,NA,NA,NA,NA,NA,NA,NA,NA,NA,NA,NA,NA,NA,NA,NA,NA,NA,NA,NA,NA,NA,NA,NA,NA,NA,NA,  1.81789E-02,  1.49580E-02,  1.22161E-02,  9.89055E-03,  7.92472E-03,  6.26801E-03,  4.87592E-03,  3.70966E-03,  2.73564E-03,  1.92496E-03,  1.25278E-03,  6.97907E-04,  2.42217E-04, -1.29707E-04, -4.30987E-04, -6.72770E-04, -8.64521E-04, -1.01427E-03, -1.12884E-03, -1.21399E-03, -1.27463E-03,NA,NA,NA,NA,NA,NA,NA,
NA,NA,NA,NA,NA,NA,NA, -1.13749E-03, -9.02707E-04, -6.20072E-04, -2.81884E-04,  1.20764E-04,  5.98159E-04,  1.16218E-03,  1.82653E-03,  2.60698E-03,  3.52170E-03,  4.59149E-03,  5.84018E-03,  7.29486E-03,  8.98621E-03,  1.09487E-02,  1.32204E-02,  1.58432E-02,  1.88615E-02,  2.23211E-02,NA,NA,NA,NA,NA,NA,NA,NA,NA,NA,NA,NA,NA,NA,NA,NA,NA,NA,NA,NA,NA,NA,NA,NA,NA,  1.82968E-02,  1.52775E-02,  1.26753E-02,  1.04421E-02,  8.53261E-03,  6.90521E-03,  5.52242E-03,  4.35090E-03,  3.36125E-03,  2.52777E-03,  1.82808E-03,  1.24279E-03,  7.55188E-04,  3.50851E-04,  1.73987E-05, -2.55793E-04, -4.77828E-04, -6.56500E-04, -7.98475E-04, -9.09449E-04,NA,NA,NA,NA,NA,NA,NA,NA,
NA,NA,NA,NA,NA,NA,NA,NA, -5.61956E-04, -2.60439E-04,  9.62099E-05,  5.16385E-04,  1.00970E-03,  1.58716E-03,  2.26132E-03,  3.04651E-03,  3.95901E-03,  5.01723E-03,  6.24195E-03,  7.65641E-03,  9.28640E-03,  1.11602E-02,  1.33085E-02,  1.57633E-02,  1.85577E-02,  2.17232E-02,  2.52877E-02,NA,NA,NA,NA,NA,NA,NA,NA,NA,NA,NA,NA,NA,NA,NA,NA,NA,NA,NA,NA,NA,NA,NA,  2.13301E-02,  1.81432E-02,  1.53473E-02,  1.29086E-02,  1.07916E-02,  8.96140E-03,  7.38476E-03,  6.03093E-03,  4.87190E-03,  3.88247E-03,  3.04023E-03,  2.32539E-03,  1.72054E-03,  1.21048E-03,  7.81958E-04,  4.23480E-04,  1.25072E-04, -1.21890E-04, -3.24854E-04, -4.90246E-04, -6.23601E-04,NA,NA,NA,NA,NA,NA,NA,NA,
NA,NA,NA,NA,NA,NA,NA,NA,NA,  6.48917E-05,  4.34867E-04,  8.66742E-04,  1.36938E-03,  1.95284E-03,  2.62846E-03,  3.40905E-03,  4.30896E-03,  5.34421E-03,  6.53258E-03,  7.89358E-03,  9.44842E-03,  1.12197E-02,  1.32312E-02,  1.55067E-02,  1.80692E-02,  2.09389E-02,  2.41307E-02,  2.76500E-02,NA,NA,NA,NA,NA,NA,NA,NA,NA,NA,NA,NA,NA,NA,NA,NA,NA,NA,NA,NA,NA,  2.38880E-02,  2.06639E-02,  1.77781E-02,  1.52151E-02,  1.29533E-02,  1.09681E-02,  9.23346E-03,  7.72374E-03,  6.41432E-03,  5.28222E-03,  4.30627E-03,  3.46732E-03,  2.74813E-03,  2.13335E-03,  1.60938E-03,  1.16422E-03,  7.87349E-04,  4.69536E-04,  2.02729E-04, -2.00930E-05, -2.05038E-04,NA,NA,NA,NA,NA,NA,NA,NA,NA,
NA,NA,NA,NA,NA,NA,NA,NA,NA,  3.56429E-04,  7.35025E-04,  1.17333E-03,  1.67941E-03,  2.26232E-03,  2.93219E-03,  3.70028E-03,  4.57906E-03,  5.58222E-03,  6.72469E-03,  8.02252E-03,  9.49271E-03,  1.11529E-02,  1.30207E-02,  1.51130E-02,  1.74449E-02,  2.00274E-02,  2.28658E-02,  2.59562E-02,  2.92816E-02,NA,NA,NA,NA,NA,NA,NA,NA,NA,NA,NA,NA,NA,NA,NA,NA,NA,NA,NA,  2.58348E-02,  2.27097E-02,  1.98482E-02,  1.72549E-02,  1.49244E-02,  1.28448E-02,  1.09998E-02,  9.37126E-03,  7.93981E-03,  6.68637E-03,  5.59248E-03,  4.64075E-03,  3.81509E-03,  3.10076E-03,  2.48442E-03,  1.95409E-03,  1.49907E-03,  1.10983E-03,  7.77965E-04,  4.96047E-04,  2.57542E-04,NA,NA,NA,NA,NA,NA,NA,NA,NA,NA,
NA,NA,NA,NA,NA,NA,NA,NA,NA,NA,  9.98128E-04,  1.43817E-03,  1.94255E-03,  2.51931E-03,  3.17736E-03,  3.92648E-03,  4.77733E-03,  5.74142E-03,  6.83104E-03,  8.05912E-03,  9.43895E-03,  1.09838E-02,  1.27063E-02,  1.46176E-02,  1.67265E-02,  1.90373E-02,  2.15487E-02,  2.42506E-02,  2.71216E-02,  3.01257E-02,NA,NA,NA,NA,NA,NA,NA,NA,NA,NA,NA,NA,NA,NA,NA,NA,  3.01280E-02,  2.70891E-02,  2.41878E-02,  2.14624E-02,  1.89360E-02,  1.66193E-02,  1.45140E-02,  1.26152E-02,  1.09134E-02,  9.39645E-03,  8.05047E-03,  6.86106E-03,  5.81377E-03,  4.89461E-03,  4.09031E-03,  3.38846E-03,  2.77767E-03,  2.24751E-03,  1.78856E-03,  1.39234E-03,  1.05127E-03,  7.58577E-04,  5.08255E-04,NA,NA,NA,NA,NA,NA,NA,NA,NA,NA,
NA,NA,NA,NA,NA,NA,NA,NA,NA,NA,NA,  1.66374E-03,  2.16201E-03,  2.72792E-03,  3.36920E-03,  4.09423E-03,  4.91196E-03,  5.83193E-03,  6.86406E-03,  8.01851E-03,  9.30538E-03,  1.07343E-02,  1.23138E-02,  1.40506E-02,  1.59485E-02,  1.80075E-02,  2.02215E-02,  2.25771E-02,  2.50512E-02,  2.76090E-02,  3.02025E-02,  3.27688E-02,NA,NA,NA,NA,NA,NA,NA,NA,NA,NA,NA,NA,NA,  3.02509E-02,  2.76351E-02,  2.50551E-02,  2.25618E-02,  2.01918E-02,  1.79695E-02,  1.59092E-02,  1.40171E-02,  1.22931E-02,  1.07329E-02,  9.32915E-03,  8.07235E-03,  6.95203E-03,  5.95718E-03,  5.07678E-03,  4.30009E-03,  3.61686E-03,  3.01747E-03,  2.49300E-03,  2.03526E-03,  1.63678E-03,  1.29080E-03,  9.91241E-04,NA,NA,NA,NA,NA,NA,NA,NA,NA,NA,NA,
NA,NA,NA,NA,NA,NA,NA,NA,NA,NA,NA,NA,  2.34124E-03,  2.89247E-03,  3.51307E-03,  4.21011E-03,  4.99101E-03,  5.86351E-03,  6.83547E-03,  7.91467E-03,  9.10852E-03,  1.04236E-02,  1.18653E-02,  1.34369E-02,  1.51389E-02,  1.69677E-02,  1.89148E-02,  2.09652E-02,  2.30960E-02,  2.52750E-02,  2.74601E-02,  2.95989E-02,  3.16294E-02,  3.34821E-02,  3.50844E-02,NA,NA,NA,NA,NA,NA,  3.51540E-02,  3.35582E-02,  3.17050E-02,  2.96684E-02,  2.75193E-02,  2.53217E-02,  2.31302E-02,  2.09889E-02,  1.89313E-02,  1.69815E-02,  1.51551E-02,  1.34610E-02,  1.19028E-02,  1.04795E-02,  9.18755E-03,  8.02087E-03,  6.97219E-03,  6.03343E-03,  5.19608E-03,  4.45164E-03,  3.79177E-03,  3.20849E-03,  2.69426E-03,  2.24205E-03,  1.84537E-03,  1.49825E-03,NA,NA,NA,NA,NA,NA,NA,NA,NA,NA,NA,NA,
NA,NA,NA,NA,NA,NA,NA,NA,NA,NA,NA,NA,NA,  3.01737E-03,  3.61433E-03,  4.28057E-03,  5.02219E-03,  5.84533E-03,  6.75606E-03,  7.76018E-03,  8.86288E-03,  1.00684E-02,  1.13795E-02,  1.27971E-02,  1.43191E-02,  1.59401E-02,  1.76502E-02,  1.94339E-02,  2.12695E-02,  2.31284E-02,  2.49743E-02,  2.67636E-02,  2.84467E-02,  2.99694E-02,  3.12763E-02,  3.23147E-02,  3.30392E-02,  3.34159E-02,  3.34265E-02,  3.30698E-02,  3.23627E-02,  3.13375E-02,  3.00391E-02,  2.85201E-02,  2.68366E-02,  2.50439E-02,  2.31931E-02,  2.13291E-02,  1.94895E-02,  1.77043E-02,  1.59960E-02,  1.43806E-02,  1.28684E-02,  1.14647E-02,  1.01716E-02,  8.98770E-03,  7.90992E-03,  6.93347E-03,  6.05260E-03,  5.26098E-03,  4.55201E-03,  3.91903E-03,  3.35551E-03,  2.85517E-03,  2.41206E-03,  2.02059E-03,NA,NA,NA,NA,NA,NA,NA,NA,NA,NA,NA,NA,NA,
NA,NA,NA,NA,NA,NA,NA,NA,NA,NA,NA,NA,NA,NA,  3.67815E-03,  4.31178E-03,  5.01274E-03,  5.78582E-03,  6.63559E-03,  7.56618E-03,  8.58102E-03,  9.68248E-03,  1.08715E-02,  1.21471E-02,  1.35057E-02,  1.49406E-02,  1.64416E-02,  1.79935E-02,  1.95767E-02,  2.11657E-02,  2.27298E-02,  2.42332E-02,  2.56359E-02,  2.68957E-02,  2.79699E-02,  2.88190E-02,  2.94092E-02,  2.97156E-02,  2.97249E-02,  2.94365E-02,  2.88625E-02,  2.80268E-02,  2.69627E-02,  2.57098E-02,  2.43110E-02,  2.28094E-02,  2.12459E-02,  1.96574E-02,  1.80755E-02,  1.65265E-02,  1.50309E-02,  1.36041E-02,  1.22568E-02,  1.09958E-02,  9.82439E-03,  8.74350E-03,  7.75182E-03,  6.84660E-03,  6.02399E-03,  5.27944E-03,  4.60794E-03,  4.00429E-03,  3.46325E-03,  2.97964E-03,  2.54848E-03,NA,NA,NA,NA,NA,NA,NA,NA,NA,NA,NA,NA,NA,NA,
NA,NA,NA,NA,NA,NA,NA,NA,NA,NA,NA,NA,NA,NA,NA,  4.30947E-03,  4.96930E-03,  5.69259E-03,  6.48266E-03,  7.34232E-03,  8.27357E-03,  9.27739E-03,  1.03533E-02,  1.14992E-02,  1.27105E-02,  1.39800E-02,  1.52975E-02,  1.66489E-02,  1.80165E-02,  1.93782E-02,  2.07081E-02,  2.19769E-02,  2.31524E-02,  2.42014E-02,  2.50910E-02,  2.57911E-02,  2.62763E-02,  2.65282E-02,  2.65369E-02,  2.63020E-02,  2.58324E-02,  2.51461E-02,  2.42680E-02,  2.32283E-02,  2.20601E-02,  2.07970E-02,  1.94719E-02,  1.81148E-02,  1.67525E-02,  1.54074E-02,  1.40981E-02,  1.28388E-02,  1.16401E-02,  1.05093E-02,  9.45085E-03,  8.46676E-03,  7.55727E-03,  6.72114E-03,  5.95602E-03,  5.25877E-03,  4.62575E-03,  4.05297E-03,  3.53628E-03,  3.07152E-03,NA,NA,NA,NA,NA,NA,NA,NA,NA,NA,NA,NA,NA,NA,NA,
NA,NA,NA,NA,NA,NA,NA,NA,NA,NA,NA,NA,NA,NA,NA,NA,  4.89787E-03,  5.57240E-03,  6.30481E-03,  7.09682E-03,  7.94939E-03,  8.86243E-03,  9.83454E-03,  1.08627E-02,  1.19420E-02,  1.30652E-02,  1.42223E-02,  1.54006E-02,  1.65843E-02,  1.77545E-02,  1.88895E-02,  1.99651E-02,  2.09556E-02,  2.18346E-02,  2.25766E-02,  2.31584E-02,  2.35608E-02,  2.37699E-02,  2.37783E-02,  2.35857E-02,  2.31989E-02,  2.26314E-02,  2.19021E-02,  2.10343E-02,  2.00536E-02,  1.89867E-02,  1.78597E-02,  1.66973E-02,  1.55218E-02,  1.43525E-02,  1.32058E-02,  1.20945E-02,  1.10288E-02,  1.00161E-02,  9.06133E-03,  8.16735E-03,  7.33543E-03,  6.56542E-03,  5.85615E-03,  5.20562E-03,  4.61126E-03,  4.07011E-03,NA,NA,NA,NA,NA,NA,NA,NA,NA,NA,NA,NA,NA,NA,NA,NA,NA,
NA,NA,NA,NA,NA,NA,NA,NA,NA,NA,NA,NA,NA,NA,NA,NA,NA,  5.43116E-03,  6.10846E-03,  6.83661E-03,  7.61573E-03,  8.44500E-03,  9.32238E-03,  1.02444E-02,  1.12060E-02,  1.22000E-02,  1.32173E-02,  1.42463E-02,  1.52732E-02,  1.62819E-02,  1.72542E-02,  1.81702E-02,  1.90092E-02,  1.97502E-02,  2.03733E-02,  2.08605E-02,  2.11969E-02,  2.13721E-02,  2.13804E-02,  2.12216E-02,  2.09009E-02,  2.04286E-02,  1.98194E-02,  1.90910E-02,  1.82637E-02,  1.73586E-02,  1.63967E-02,  1.53982E-02,  1.43818E-02,  1.33639E-02,  1.23586E-02,  1.13777E-02,  1.04306E-02,  9.52437E-03,  8.66418E-03,  7.85343E-03,  7.09402E-03,  6.38664E-03,  5.73097E-03,  5.12589E-03,  4.56974E-03,NA,NA,NA,NA,NA,NA,NA,NA,NA,NA,NA,NA,NA,NA,NA,NA,NA,NA,
NA,NA,NA,NA,NA,NA,NA,NA,NA,NA,NA,NA,NA,NA,NA,NA,NA,NA,  5.89910E-03,  6.56740E-03,  7.27845E-03,  8.03087E-03,  8.82226E-03,  9.64895E-03,  1.05058E-02,  1.13863E-02,  1.22817E-02,  1.31821E-02,  1.40752E-02,  1.49474E-02,  1.57835E-02,  1.65671E-02,  1.72815E-02,  1.79098E-02,  1.84364E-02,  1.88472E-02,  1.91307E-02,  1.92787E-02,  1.92870E-02,  1.91554E-02,  1.88880E-02,  1.84927E-02,  1.79808E-02,  1.73663E-02,  1.66651E-02,  1.58940E-02,  1.50701E-02,  1.42100E-02,  1.33291E-02,  1.24414E-02,  1.15591E-02,  1.06928E-02,  9.85094E-03,  9.04029E-03,  8.26596E-03,  7.53158E-03,  6.83948E-03,  6.19090E-03,  5.58615E-03,  5.02482E-03,NA,NA,NA,NA,NA,NA,NA,NA,NA,NA,NA,NA,NA,NA,NA,NA,NA,NA,NA,
NA,NA,NA,NA,NA,NA,NA,NA,NA,NA,NA,NA,NA,NA,NA,NA,NA,NA,NA,  6.29388E-03,  6.94216E-03,  7.62443E-03,  8.33808E-03,  9.07938E-03,  9.84345E-03,  1.06240E-02,  1.14136E-02,  1.22029E-02,  1.29818E-02,  1.37384E-02,  1.44601E-02,  1.51334E-02,  1.57446E-02,  1.62804E-02,  1.67281E-02,  1.70768E-02,  1.73173E-02,  1.74435E-02,  1.74518E-02,  1.73424E-02,  1.71182E-02,  1.67854E-02,  1.63531E-02,  1.58321E-02,  1.52351E-02,  1.45756E-02,  1.38675E-02,  1.31243E-02,  1.23590E-02,  1.15833E-02,  1.08080E-02,  1.00422E-02,  9.29360E-03,  8.56847E-03,  7.87175E-03,  7.20710E-03,  6.57710E-03,  5.98333E-03,NA,NA,NA,NA,NA,NA,NA,NA,NA,NA,NA,NA,NA,NA,NA,NA,NA,NA,NA,NA,NA,
