NA,NA,NA,NA,NA,NA,NA,NA,NA,NA,NA,NA,NA,NA,NA,NA,NA,NA,NA,NA,NA,NA,NA,NA,NA,NA,  1.95029E-02,  2.01274E-02,  2.07513E-02,  2.13707E-02,  2.19813E-02,  2.25783E-02,  2.31567E-02,  2.37112E-02,  2.42363E-02,  2.47266E-02,  2.51767E-02,  2.55813E-02,  2.59357E-02,  2.62355E-02,  2.64773E-02,  2.66581E-02,  2.67759E-02,  2.68298E-02,  2.68197E-02,  2.67466E-02,  2.66121E-02,  2.64191E-02,  2.61709E-02,  2.58715E-02,  2.55254E-02,  2.51372E-02,  2.47121E-02,NA,NA,NA,NA,NA,NA,NA,NA,NA,NA,NA,NA,NA,NA,NA,NA,NA,NA,NA,NA,NA,NA,NA,NA,NA,NA,
NA,NA,NA,NA,NA,NA,NA,NA,NA,NA,NA,NA,NA,NA,NA,NA,NA,NA,NA,NA,NA,NA,NA,NA,  1.86685E-02,  1.93242E-02,  1.99881E-02,  2.06569E-02,  2.13269E-02,  2.19938E-02,  2.26530E-02,  2.32990E-02,  2.39265E-02,  2.45293E-02,  2.51014E-02,  2.56364E-02,  2.61282E-02,  2.65708E-02,  2.69587E-02,  2.72870E-02,  2.75513E-02,  2.77485E-02,  2.78763E-02,  2.79334E-02,  2.79199E-02,  2.78369E-02,  2.76865E-02,  2.74719E-02,  2.71971E-02,  2.68666E-02,  2.64857E-02,  2.60599E-02,  2.55949E-02,  2.50962E-02,  2.45696E-02,NA,NA,NA,NA,NA,NA,NA,NA,NA,NA,NA,NA,NA,NA,NA,NA,NA,NA,NA,NA,NA,NA,NA,NA,
NA,NA,NA,NA,NA,NA,NA,NA,NA,NA,NA,NA,NA,NA,NA,NA,NA,NA,NA,NA,NA,NA,  1.77111E-02,  1.83793E-02,  1.90634E-02,  1.97611E-02,  2.04694E-02,  2.11852E-02,  2.19043E-02,  2.26221E-02,  2.33335E-02,  2.40326E-02,  2.47133E-02,  2.53688E-02,  2.59922E-02,  2.65763E-02,  2.71141E-02,  2.75987E-02,  2.80236E-02,  2.83832E-02,  2.86726E-02,  2.88879E-02,  2.90265E-02,  2.90871E-02,  2.90696E-02,  2.89755E-02,  2.88072E-02,  2.85684E-02,  2.82639E-02,  2.78991E-02,  2.74799E-02,  2.70127E-02,  2.65040E-02,  2.59603E-02,  2.53877E-02,  2.47924E-02,  2.41798E-02,  2.35550E-02,NA,NA,NA,NA,NA,NA,NA,NA,NA,NA,NA,NA,NA,NA,NA,NA,NA,NA,NA,NA,NA,
NA,NA,NA,NA,NA,NA,NA,NA,NA,NA,NA,NA,NA,NA,NA,NA,NA,NA,NA,NA,  1.66672E-02,  1.73305E-02,  1.80157E-02,  1.87216E-02,  1.94464E-02,  2.01878E-02,  2.09429E-02,  2.17081E-02,  2.24793E-02,  2.32514E-02,  2.40188E-02,  2.47751E-02,  2.55134E-02,  2.62261E-02,  2.69055E-02,  2.75434E-02,  2.81317E-02,  2.86625E-02,  2.91283E-02,  2.95226E-02,  2.98396E-02,  3.00749E-02,  3.02255E-02,  3.02897E-02,  3.02676E-02,  3.01608E-02,  2.99725E-02,  2.97068E-02,  2.93694E-02,  2.89666E-02,  2.85053E-02,  2.79928E-02,  2.74366E-02,  2.68439E-02,  2.62219E-02,  2.55771E-02,  2.49158E-02,  2.42434E-02,  2.35650E-02,  2.28849E-02,NA,NA,NA,NA,NA,NA,NA,NA,NA,NA,NA,NA,NA,NA,NA,NA,NA,NA,NA,
NA,NA,NA,NA,NA,NA,NA,NA,NA,NA,NA,NA,NA,NA,NA,NA,NA,NA,  1.55734E-02,  1.62168E-02,  1.68863E-02,  1.75816E-02,  1.83020E-02,  1.90464E-02,  1.98131E-02,  2.05998E-02,  2.14036E-02,  2.22208E-02,  2.30469E-02,  2.38766E-02,  2.47037E-02,  2.55213E-02,  2.63217E-02,  2.70965E-02,  2.78368E-02,  2.85334E-02,  2.91770E-02,  2.97586E-02,  3.02695E-02,  3.07020E-02,  3.10495E-02,  3.13068E-02,  3.14704E-02,  3.15385E-02,  3.15111E-02,  3.13902E-02,  3.11794E-02,  3.08840E-02,  3.05102E-02,  3.00656E-02,  2.95582E-02,  2.89963E-02,  2.83885E-02,  2.77430E-02,  2.70678E-02,  2.63703E-02,  2.56572E-02,  2.49346E-02,  2.42077E-02,  2.34813E-02,  2.27592E-02,NA,NA,NA,NA,NA,NA,NA,NA,NA,NA,NA,NA,NA,NA,NA,NA,NA,NA,
NA,NA,NA,NA,NA,NA,NA,NA,NA,NA,NA,NA,NA,NA,NA,NA,  1.44626E-02,  1.50747E-02,  1.57151E-02,  1.63843E-02,  1.70826E-02,  1.78099E-02,  1.85658E-02,  1.93492E-02,  2.01587E-02,  2.09920E-02,  2.18461E-02,  2.27174E-02,  2.36011E-02,  2.44915E-02,  2.53820E-02,  2.62651E-02,  2.71321E-02,  2.79737E-02,  2.87799E-02,  2.95404E-02,  3.02444E-02,  3.08815E-02,  3.14418E-02,  3.19164E-02,  3.22975E-02,  3.25790E-02,  3.27569E-02,  3.28291E-02,  3.27956E-02,  3.26590E-02,  3.24234E-02,  3.20949E-02,  3.16812E-02,  3.11908E-02,  3.06331E-02,  3.00177E-02,  2.93542E-02,  2.86522E-02,  2.79203E-02,  2.71668E-02,  2.63991E-02,  2.56238E-02,  2.48464E-02,  2.40719E-02,  2.33044E-02,  2.25471E-02,  2.18029E-02,NA,NA,NA,NA,NA,NA,NA,NA,NA,NA,NA,NA,NA,NA,NA,NA,
NA,NA,NA,NA,NA,NA,NA,NA,NA,NA,NA,NA,NA,NA,NA,  1.39356E-02,  1.45374E-02,  1.51690E-02,  1.58315E-02,  1.65257E-02,  1.72522E-02,  1.80111E-02,  1.88022E-02,  1.96247E-02,  2.04774E-02,  2.13581E-02,  2.22640E-02,  2.31911E-02,  2.41347E-02,  2.50887E-02,  2.60460E-02,  2.69983E-02,  2.79363E-02,  2.88495E-02,  2.97268E-02,  3.05563E-02,  3.13259E-02,  3.20236E-02,  3.26380E-02,  3.31586E-02,  3.35765E-02,  3.38846E-02,  3.40781E-02,  3.41546E-02,  3.41144E-02,  3.39603E-02,  3.36973E-02,  3.33327E-02,  3.28752E-02,  3.23350E-02,  3.17229E-02,  3.10498E-02,  3.03269E-02,  2.95645E-02,  2.87727E-02,  2.79604E-02,  2.71356E-02,  2.63054E-02,  2.54758E-02,  2.46519E-02,  2.38379E-02,  2.30371E-02,  2.22522E-02,  2.14853E-02,NA,NA,NA,NA,NA,NA,NA,NA,NA,NA,NA,NA,NA,NA,NA,
NA,NA,NA,NA,NA,NA,NA,NA,NA,NA,NA,NA,NA,NA,  1.33818E-02,  1.39685E-02,  1.45861E-02,  1.52360E-02,  1.59194E-02,  1.66374E-02,  1.73909E-02,  1.81805E-02,  1.90061E-02,  1.98673E-02,  2.07631E-02,  2.16915E-02,  2.26498E-02,  2.36340E-02,  2.46392E-02,  2.56592E-02,  2.66862E-02,  2.77114E-02,  2.87244E-02,  2.97138E-02,  3.06670E-02,  3.15707E-02,  3.24111E-02,  3.31744E-02,  3.38476E-02,  3.44184E-02,  3.48765E-02,  3.52136E-02,  3.54241E-02,  3.55054E-02,  3.54577E-02,  3.52843E-02,  3.49914E-02,  3.45874E-02,  3.40826E-02,  3.34887E-02,  3.28182E-02,  3.20836E-02,  3.12975E-02,  3.04716E-02,  2.96170E-02,  2.87434E-02,  2.78595E-02,  2.69730E-02,  2.60900E-02,  2.52158E-02,  2.43547E-02,  2.35101E-02,  2.26844E-02,  2.18797E-02,  2.10974E-02,NA,NA,NA,NA,NA,NA,NA,NA,NA,NA,NA,NA,NA,NA,
NA,NA,NA,NA,NA,NA,NA,NA,NA,NA,NA,NA,  1.22695E-02,  1.28078E-02,  1.33755E-02,  1.39744E-02,  1.46062E-02,  1.52726E-02,  1.59751E-02,  1.67153E-02,  1.74943E-02,  1.83130E-02,  1.91719E-02,  2.00708E-02,  2.10089E-02,  2.19846E-02,  2.29953E-02,  2.40371E-02,  2.51051E-02,  2.61926E-02,  2.72916E-02,  2.83926E-02,  2.94842E-02,  3.05539E-02,  3.15876E-02,  3.25703E-02,  3.34865E-02,  3.43204E-02,  3.50569E-02,  3.56820E-02,  3.61837E-02,  3.65523E-02,  3.67814E-02,  3.68678E-02,  3.68120E-02,  3.66178E-02,  3.62926E-02,  3.58462E-02,  3.52907E-02,  3.46395E-02,  3.39070E-02,  3.31076E-02,  3.22553E-02,  3.13632E-02,  3.04436E-02,  2.95070E-02,  2.85628E-02,  2.76189E-02,  2.66821E-02,  2.57575E-02,  2.48494E-02,  2.39612E-02,  2.30952E-02,  2.22533E-02,  2.14366E-02,  2.06458E-02,  1.98814E-02,NA,NA,NA,NA,NA,NA,NA,NA,NA,NA,NA,NA,
NA,NA,NA,NA,NA,NA,NA,NA,NA,NA,NA,  1.17037E-02,  1.22201E-02,  1.27655E-02,  1.33418E-02,  1.39509E-02,  1.45949E-02,  1.52757E-02,  1.59953E-02,  1.67555E-02,  1.75578E-02,  1.84036E-02,  1.92936E-02,  2.02283E-02,  2.12072E-02,  2.22289E-02,  2.32912E-02,  2.43902E-02,  2.55210E-02,  2.66768E-02,  2.78493E-02,  2.90280E-02,  3.02010E-02,  3.13542E-02,  3.24722E-02,  3.35383E-02,  3.45347E-02,  3.54438E-02,  3.62481E-02,  3.69315E-02,  3.74801E-02,  3.78828E-02,  3.81319E-02,  3.82240E-02,  3.81596E-02,  3.79433E-02,  3.75837E-02,  3.70923E-02,  3.64832E-02,  3.57718E-02,  3.49745E-02,  3.41077E-02,  3.31870E-02,  3.22271E-02,  3.12411E-02,  3.02408E-02,  2.92360E-02,  2.82350E-02,  2.72446E-02,  2.62702E-02,  2.53160E-02,  2.43852E-02,  2.34800E-02,  2.26019E-02,  2.17520E-02,  2.09306E-02,  2.01380E-02,  1.93740E-02,NA,NA,NA,NA,NA,NA,NA,NA,NA,NA,NA,
NA,NA,NA,NA,NA,NA,NA,NA,NA,NA,  1.11324E-02,  1.16249E-02,  1.21455E-02,  1.26961E-02,  1.32789E-02,  1.38960E-02,  1.45497E-02,  1.52424E-02,  1.59764E-02,  1.67537E-02,  1.75765E-02,  1.84465E-02,  1.93650E-02,  2.03328E-02,  2.13499E-02,  2.24154E-02,  2.35272E-02,  2.46819E-02,  2.58745E-02,  2.70982E-02,  2.83441E-02,  2.96015E-02,  3.08572E-02,  3.20962E-02,  3.33013E-02,  3.44540E-02,  3.55344E-02,  3.65224E-02,  3.73983E-02,  3.81436E-02,  3.87422E-02,  3.91813E-02,  3.94522E-02,  3.95506E-02,  3.94775E-02,  3.92383E-02,  3.88428E-02,  3.83046E-02,  3.76399E-02,  3.68663E-02,  3.60025E-02,  3.50669E-02,  3.40770E-02,  3.30488E-02,  3.19968E-02,  3.09332E-02,  2.98686E-02,  2.88117E-02,  2.77693E-02,  2.67468E-02,  2.57482E-02,  2.47766E-02,  2.38339E-02,  2.29214E-02,  2.20398E-02,  2.11895E-02,  2.03702E-02,  1.95816E-02,  1.88233E-02,NA,NA,NA,NA,NA,NA,NA,NA,NA,NA,
NA,NA,NA,NA,NA,NA,NA,NA,NA,  1.05607E-02,  1.10279E-02,  1.15219E-02,  1.20446E-02,  1.25982E-02,  1.31850E-02,  1.38075E-02,  1.44682E-02,  1.51698E-02,  1.59149E-02,  1.67061E-02,  1.75458E-02,  1.84364E-02,  1.93797E-02,  2.03768E-02,  2.14285E-02,  2.25342E-02,  2.36923E-02,  2.48997E-02,  2.61516E-02,  2.74410E-02,  2.87591E-02,  3.00942E-02,  3.14326E-02,  3.27579E-02,  3.40514E-02,  3.52925E-02,  3.64592E-02,  3.75290E-02,  3.84793E-02,  3.92893E-02,  3.99405E-02,  4.04182E-02,  4.07124E-02,  4.08183E-02,  4.07368E-02,  4.04745E-02,  4.00427E-02,  3.94571E-02,  3.87360E-02,  3.78999E-02,  3.69696E-02,  3.59656E-02,  3.49073E-02,  3.38122E-02,  3.26958E-02,  3.15712E-02,  3.04493E-02,  2.93391E-02,  2.82474E-02,  2.71796E-02,  2.61394E-02,  2.51296E-02,  2.41519E-02,  2.32074E-02,  2.22965E-02,  2.14192E-02,  2.05751E-02,  1.97638E-02,  1.89844E-02,  1.82361E-02,NA,NA,NA,NA,NA,NA,NA,NA,NA,
NA,NA,NA,NA,NA,NA,NA,NA,  9.99277E-03,  1.04340E-02,  1.09003E-02,  1.13937E-02,  1.19164E-02,  1.24705E-02,  1.30588E-02,  1.36837E-02,  1.43482E-02,  1.50551E-02,  1.58076E-02,  1.66086E-02,  1.74610E-02,  1.83677E-02,  1.93310E-02,  2.03527E-02,  2.14340E-02,  2.25751E-02,  2.37747E-02,  2.50302E-02,  2.63370E-02,  2.76883E-02,  2.90749E-02,  3.04850E-02,  3.19038E-02,  3.33138E-02,  3.46948E-02,  3.60242E-02,  3.72778E-02,  3.84303E-02,  3.94567E-02,  4.03331E-02,  4.10388E-02,  4.15569E-02,  4.18760E-02,  4.19906E-02,  4.19020E-02,  4.16175E-02,  4.11504E-02,  4.05183E-02,  3.97423E-02,  3.88453E-02,  3.78506E-02,  3.67809E-02,  3.56574E-02,  3.44990E-02,  3.33221E-02,  3.21406E-02,  3.09658E-02,  2.98066E-02,  2.86699E-02,  2.75608E-02,  2.64829E-02,  2.54386E-02,  2.44294E-02,  2.34560E-02,  2.25186E-02,  2.16168E-02,  2.07503E-02,  1.99182E-02,  1.91196E-02,  1.83535E-02,  1.76190E-02,NA,NA,NA,NA,NA,NA,NA,NA,
NA,NA,NA,NA,NA,NA,NA,NA,  9.84717E-03,  1.02855E-02,  1.07491E-02,  1.12398E-02,  1.17600E-02,  1.23122E-02,  1.28989E-02,  1.35230E-02,  1.41876E-02,  1.48960E-02,  1.56516E-02,  1.64577E-02,  1.73177E-02,  1.82351E-02,  1.92126E-02,  2.02529E-02,  2.13576E-02,  2.25275E-02,  2.37621E-02,  2.50591E-02,  2.64144E-02,  2.78213E-02,  2.92707E-02,  3.07502E-02,  3.22445E-02,  3.37350E-02,  3.51999E-02,  3.66150E-02,  3.79534E-02,  3.91876E-02,  4.02894E-02,  4.12326E-02,  4.19935E-02,  4.25532E-02,  4.28988E-02,  4.30241E-02,  4.29305E-02,  4.26264E-02,  4.21268E-02,  4.14517E-02,  4.06248E-02,  3.96714E-02,  3.86174E-02,  3.74876E-02,  3.63049E-02,  3.50895E-02,  3.38587E-02,  3.26268E-02,  3.14054E-02,  3.02035E-02,  2.90276E-02,  2.78828E-02,  2.67723E-02,  2.56982E-02,  2.46617E-02,  2.36632E-02,  2.27027E-02,  2.17796E-02,  2.08932E-02,  2.00427E-02,  1.92270E-02,  1.84451E-02,  1.76958E-02,  1.69780E-02,NA,NA,NA,NA,NA,NA,NA,
NA,NA,NA,NA,NA,NA,NA,  9.27080E-03,  9.68141E-03,  1.01152E-02,  1.05740E-02,  1.10599E-02,  1.15752E-02,  1.21225E-02,  1.27045E-02,  1.33243E-02,  1.39852E-02,  1.46906E-02,  1.54444E-02,  1.62502E-02,  1.71120E-02,  1.80336E-02,  1.90186E-02,  2.00700E-02,  2.11903E-02,  2.23809E-02,  2.36419E-02,  2.49718E-02,  2.63667E-02,  2.78204E-02,  2.93237E-02,  3.08642E-02,  3.24259E-02,  3.39893E-02,  3.55314E-02,  3.70259E-02,  3.84441E-02,  3.97558E-02,  4.09302E-02,  4.19383E-02,  4.27539E-02,  4.33558E-02,  4.37295E-02,  4.38681E-02,  4.37731E-02,  4.34541E-02,  4.29276E-02,  4.22159E-02,  4.13452E-02,  4.03436E-02,  3.92390E-02,  3.80583E-02,  3.68258E-02,  3.55629E-02,  3.42876E-02,  3.30146E-02,  3.17554E-02,  3.05190E-02,  2.93117E-02,  2.81383E-02,  2.70016E-02,  2.59034E-02,  2.48447E-02,  2.38257E-02,  2.28460E-02,  2.19050E-02,  2.10019E-02,  2.01357E-02,  1.93053E-02,  1.85095E-02,  1.77472E-02,  1.70172E-02,NA,NA,NA,NA,NA,NA,NA,
NA,NA,NA,NA,NA,NA,  8.70737E-03,  9.09093E-03,  9.49559E-03,  9.92301E-03,  1.03751E-02,  1.08539E-02,  1.13617E-02,  1.19012E-02,  1.24753E-02,  1.30870E-02,  1.37398E-02,  1.44375E-02,  1.51841E-02,  1.59837E-02,  1.68406E-02,  1.77591E-02,  1.87434E-02,  1.97973E-02,  2.09238E-02,  2.21251E-02,  2.34020E-02,  2.47535E-02,  2.61766E-02,  2.76652E-02,  2.92105E-02,  3.07999E-02,  3.24172E-02,  3.40420E-02,  3.56503E-02,  3.72143E-02,  3.87033E-02,  4.00849E-02,  4.13260E-02,  4.23947E-02,  4.32626E-02,  4.39063E-02,  4.43098E-02,  4.44654E-02,  4.43746E-02,  4.40478E-02,  4.35033E-02,  4.27654E-02,  4.18625E-02,  4.08249E-02,  3.96828E-02,  3.84645E-02,  3.71957E-02,  3.58986E-02,  3.45915E-02,  3.32894E-02,  3.20038E-02,  3.07433E-02,  2.95142E-02,  2.83206E-02,  2.71653E-02,  2.60499E-02,  2.49750E-02,  2.39405E-02,  2.29462E-02,  2.19912E-02,  2.10748E-02,  2.01957E-02,  1.93530E-02,  1.85455E-02,  1.77721E-02,  1.70316E-02,  1.63228E-02,NA,NA,NA,NA,NA,NA,
NA,NA,NA,NA,NA,  8.15863E-03,  8.51619E-03,  8.89284E-03,  9.29002E-03,  9.70937E-03,  1.01527E-02,  1.06221E-02,  1.11199E-02,  1.16487E-02,  1.22113E-02,  1.28110E-02,  1.34513E-02,  1.41361E-02,  1.48697E-02,  1.56565E-02,  1.65011E-02,  1.74083E-02,  1.83829E-02,  1.94291E-02,  2.05507E-02,  2.17508E-02,  2.30307E-02,  2.43903E-02,  2.58270E-02,  2.73355E-02,  2.89072E-02,NA,NA,NA,NA,NA,NA,NA,NA,  4.25412E-02,  4.34571E-02,  4.41414E-02,  4.45766E-02,  4.47541E-02,  4.46753E-02,  4.43514E-02,  4.38018E-02,  4.30525E-02,  4.21338E-02,  4.10777E-02,  3.99159E-02,  3.86782E-02,  3.73908E-02,  3.60766E-02,  3.47540E-02,  3.34380E-02,  3.21398E-02,  3.08679E-02,  2.96282E-02,  2.84245E-02,  2.72595E-02,  2.61344E-02,  2.50499E-02,  2.40057E-02,  2.30016E-02,  2.20369E-02,  2.11105E-02,  2.02217E-02,  1.93694E-02,  1.85524E-02,  1.77698E-02,  1.70204E-02,  1.63032E-02,  1.56170E-02,NA,NA,NA,NA,NA,
NA,NA,NA,NA,NA,  7.95851E-03,  8.30854E-03,  8.67699E-03,  9.06523E-03,  9.47483E-03,  9.90753E-03,  1.03653E-02,  1.08505E-02,  1.13654E-02,  1.19132E-02,  1.24968E-02,  1.31200E-02,  1.37866E-02,  1.45011E-02,  1.52680E-02,  1.60923E-02,  1.69792E-02,  1.79338E-02,  1.89610E-02,  2.00652E-02,  2.12501E-02,  2.25179E-02,  2.38692E-02,  2.53021E-02,NA,NA,NA,NA,NA,NA,NA,NA,NA,NA,NA,NA,  4.39952E-02,  4.44643E-02,  4.46704E-02,  4.46145E-02,  4.43079E-02,  4.37708E-02,  4.30301E-02,  4.21174E-02,  4.10656E-02,  3.99075E-02,  3.86732E-02,  3.73896E-02,  3.60794E-02,  3.47611E-02,  3.34492E-02,  3.21549E-02,  3.08862E-02,  2.96487E-02,  2.84463E-02,  2.72813E-02,  2.61549E-02,  2.50679E-02,  2.40202E-02,  2.30114E-02,  2.20412E-02,  2.11087E-02,  2.02132E-02,  1.93538E-02,  1.85296E-02,  1.77397E-02,  1.69832E-02,  1.62589E-02,  1.55661E-02,NA,NA,NA,NA,NA,
NA,NA,NA,NA,  7.41857E-03,  7.74354E-03,  8.08499E-03,  8.44405E-03,  8.82200E-03,  9.22028E-03,  9.64052E-03,  1.00846E-02,  1.05546E-02,  1.10529E-02,  1.15823E-02,  1.21459E-02,  1.27473E-02,  1.33903E-02,  1.40792E-02,  1.48189E-02,  1.56145E-02,  1.64713E-02,  1.73948E-02,  1.83905E-02,  1.94632E-02,  2.06173E-02,  2.18557E-02,  2.31797E-02,NA,NA,NA,NA,NA,NA,NA,NA,NA,NA,NA,NA,NA,NA,NA,  4.41526E-02,  4.41337E-02,  4.38632E-02,  4.33612E-02,  4.26548E-02,  4.17755E-02,  4.07566E-02,  3.96307E-02,  3.84278E-02,  3.71746E-02,  3.58934E-02,  3.46023E-02,  3.33154E-02,  3.20434E-02,  3.07942E-02,  2.95733E-02,  2.83843E-02,  2.72297E-02,  2.61110E-02,  2.50289E-02,  2.39838E-02,  2.29757E-02,  2.20043E-02,  2.10692E-02,  2.01701E-02,  1.93062E-02,  1.84769E-02,  1.76816E-02,  1.69195E-02,  1.61897E-02,  1.54914E-02,  1.48237E-02,NA,NA,NA,NA,
NA,NA,NA,NA,  7.19803E-03,  7.51431E-03,  7.84626E-03,  8.19488E-03,  8.56132E-03,  8.94686E-03,  9.35297E-03,  9.78133E-03,  1.02339E-02,  1.07128E-02,  1.12207E-02,  1.17605E-02,  1.23354E-02,  1.29494E-02,  1.36065E-02,  1.43116E-02,  1.50697E-02,  1.58862E-02,  1.67670E-02,  1.77176E-02,  1.87436E-02,  1.98495E-02,  2.10392E-02,NA,NA,NA,NA,NA,NA,NA,NA,NA,NA,NA,NA,NA,NA,NA,NA,NA,NA,  4.29709E-02,  4.25319E-02,  4.18908E-02,  4.10781E-02,  4.01259E-02,  3.90658E-02,  3.79268E-02,  3.67346E-02,  3.55106E-02,  3.42723E-02,  3.30332E-02,  3.18038E-02,  3.05916E-02,  2.94021E-02,  2.82394E-02,  2.71060E-02,  2.60039E-02,  2.49342E-02,  2.38979E-02,  2.28954E-02,  2.19270E-02,  2.09928E-02,  2.00928E-02,  1.92268E-02,  1.83945E-02,  1.75955E-02,  1.68293E-02,  1.60952E-02,  1.53927E-02,  1.47208E-02,  1.40789E-02,NA,NA,NA,
NA,NA,NA,  6.67177E-03,  6.96468E-03,  7.27157E-03,  7.59322E-03,  7.93050E-03,  8.28438E-03,  8.65597E-03,  9.04653E-03,  9.45751E-03,  9.89059E-03,  1.03477E-02,  1.08311E-02,  1.13435E-02,  1.18878E-02,  1.24676E-02,  1.30868E-02,  1.37499E-02,  1.44618E-02,  1.52279E-02,  1.60538E-02,  1.69455E-02,  1.79084E-02,  1.89478E-02,NA,NA,NA,NA,NA,NA,NA,NA,NA,NA,NA,NA,NA,NA,NA,NA,NA,NA,NA,NA,NA,NA,  4.00067E-02,  3.91596E-02,  3.82030E-02,  3.71638E-02,  3.60661E-02,  3.49300E-02,  3.37719E-02,  3.26048E-02,  3.14389E-02,  3.02817E-02,  2.91391E-02,  2.80153E-02,  2.69136E-02,  2.58368E-02,  2.47866E-02,  2.37648E-02,  2.27726E-02,  2.18109E-02,  2.08807E-02,  1.99823E-02,  1.91163E-02,  1.82826E-02,  1.74814E-02,  1.67124E-02,  1.59753E-02,  1.52696E-02,  1.45946E-02,  1.39497E-02,NA,NA,NA,
NA,NA,NA,  6.43539E-03,  6.71918E-03,  7.01612E-03,  7.32685E-03,  7.65207E-03,  7.99258E-03,  8.34926E-03,  8.72313E-03,  9.11536E-03,  9.52731E-03,  9.96058E-03,  1.04171E-02,  1.08990E-02,  1.14089E-02,  1.19499E-02,  1.25255E-02,  1.31397E-02,  1.37971E-02,  1.45028E-02,  1.52621E-02,  1.60806E-02,  1.69641E-02,NA,NA,NA,NA,NA,NA,NA,NA,NA,NA,NA,NA,NA,NA,NA,NA,NA,NA,NA,NA,NA,NA,NA,NA,NA,  3.70450E-02,  3.61438E-02,  3.51756E-02,  3.41590E-02,  3.31092E-02,  3.20386E-02,  3.09571E-02,  2.98726E-02,  2.87914E-02,  2.77186E-02,  2.66586E-02,  2.56149E-02,  2.45906E-02,  2.35883E-02,  2.26103E-02,  2.16586E-02,  2.07347E-02,  1.98401E-02,  1.89756E-02,  1.81420E-02,  1.73398E-02,  1.65691E-02,  1.58299E-02,  1.51219E-02,  1.44447E-02,  1.37977E-02,  1.31802E-02,NA,NA,
NA,NA,  5.92553E-03,  6.18798E-03,  6.46226E-03,  6.74884E-03,  7.04820E-03,  7.36089E-03,  7.68747E-03,  8.02858E-03,  8.38498E-03,  8.75749E-03,  9.14711E-03,  9.55503E-03,  9.98266E-03,  1.04317E-02,  1.09042E-02,  1.14026E-02,  1.19298E-02,  1.24891E-02,  1.30846E-02,  1.37206E-02,  1.44020E-02,  1.51340E-02,  1.59219E-02,NA,NA,NA,NA,NA,NA,NA,NA,NA,NA,NA,NA,NA,NA,NA,NA,NA,NA,NA,NA,NA,NA,NA,NA,NA,NA,NA,  3.40808E-02,  3.32148E-02,  3.23005E-02,  3.13497E-02,  3.03722E-02,  2.93767E-02,  2.83703E-02,  2.73593E-02,  2.63493E-02,  2.53454E-02,  2.43520E-02,  2.33732E-02,  2.24124E-02,  2.14729E-02,  2.05573E-02,  1.96677E-02,  1.88059E-02,  1.79734E-02,  1.71710E-02,  1.63995E-02,  1.56589E-02,  1.49495E-02,  1.42709E-02,  1.36226E-02,  1.30041E-02,NA,NA,
NA,NA,  5.67671E-03,  5.93012E-03,  6.19465E-03,  6.47063E-03,  6.75840E-03,  7.05830E-03,  7.37068E-03,  7.69593E-03,  8.03447E-03,  8.38678E-03,  8.75343E-03,  9.13514E-03,  9.53275E-03,  9.94736E-03,  1.03803E-02,  1.08333E-02,  1.13084E-02,  1.18081E-02,  1.23355E-02,  1.28940E-02,  1.34878E-02,  1.41211E-02,NA,NA,NA,NA,NA,NA,NA,NA,NA,NA,NA,NA,NA,NA,NA,NA,NA,NA,NA,NA,NA,NA,NA,NA,NA,NA,NA,NA,NA,  3.21245E-02,  3.13703E-02,  3.05600E-02,  2.97038E-02,  2.88111E-02,  2.78905E-02,  2.69498E-02,  2.59964E-02,  2.50371E-02,  2.40782E-02,  2.31253E-02,  2.21836E-02,  2.12575E-02,  2.03509E-02,  1.94671E-02,  1.86086E-02,  1.77776E-02,  1.69756E-02,  1.62037E-02,  1.54624E-02,  1.47521E-02,  1.40727E-02,  1.34239E-02,  1.28052E-02,  1.22158E-02,NA,
NA,  5.18413E-03,  5.41817E-03,  5.66241E-03,  5.91710E-03,  6.18242E-03,  6.45857E-03,  6.74570E-03,  7.04393E-03,  7.35338E-03,  7.67414E-03,  8.00630E-03,  8.34999E-03,  8.70537E-03,  9.07269E-03,  9.45232E-03,  9.84481E-03,  1.02509E-02,  1.06718E-02,  1.11087E-02,  1.15638E-02,  1.20391E-02,  1.25376E-02,  1.30625E-02,NA,NA,NA,NA,NA,NA,NA,NA,NA,NA,NA,NA,NA,NA,NA,NA,NA,NA,NA,NA,NA,NA,NA,NA,NA,NA,NA,NA,NA,NA,  3.03512E-02,  2.96982E-02,  2.89766E-02,  2.81972E-02,  2.73701E-02,  2.65053E-02,  2.56124E-02,  2.47002E-02,  2.37772E-02,  2.28511E-02,  2.19287E-02,  2.10160E-02,  2.01184E-02,  1.92402E-02,  1.83849E-02,  1.75554E-02,  1.67539E-02,  1.59818E-02,  1.52401E-02,  1.45294E-02,  1.38499E-02,  1.32012E-02,  1.25829E-02,  1.19945E-02,NA,
NA,  4.92499E-03,  5.15035E-03,  5.38540E-03,  5.63028E-03,  5.88506E-03,  6.14979E-03,  6.42443E-03,  6.70889E-03,  7.00301E-03,  7.30655E-03,  7.61921E-03,  7.94064E-03,  8.27044E-03,  8.60819E-03,  8.95347E-03,  9.30596E-03,  9.66539E-03,  1.00317E-02,  1.04050E-02,  1.07859E-02,  1.11751E-02,  1.15739E-02,  1.19839E-02,NA,NA,NA,NA,NA,NA,NA,NA,NA,NA,NA,NA,NA,NA,NA,NA,NA,NA,NA,NA,NA,NA,NA,NA,NA,NA,NA,NA,NA,NA,NA,  2.87984E-02,  2.82198E-02,  2.75594E-02,  2.68295E-02,  2.60427E-02,  2.52109E-02,  2.43457E-02,  2.34578E-02,  2.25572E-02,  2.16528E-02,  2.07523E-02,  1.98624E-02,  1.89887E-02,  1.81358E-02,  1.73073E-02,  1.65059E-02,  1.57336E-02,  1.49917E-02,  1.42810E-02,  1.36017E-02,  1.29537E-02,  1.23367E-02,  1.17500E-02,NA,
  4.44937E-03,  4.65693E-03,  4.87363E-03,  5.09957E-03,  5.33480E-03,  5.57933E-03,  5.83303E-03,  6.09573E-03,  6.36713E-03,  6.64679E-03,  6.93418E-03,  7.22860E-03,  7.52922E-03,  7.83509E-03,  8.14508E-03,  8.45799E-03,  8.77252E-03,  9.08731E-03,  9.40102E-03,  9.71239E-03,  1.00203E-02,  1.03238E-02,  1.06224E-02,NA,NA,NA,NA,NA,NA,NA,NA,NA,NA,NA,NA,NA,NA,NA,NA,NA,NA,NA,NA,NA,NA,NA,NA,NA,NA,NA,NA,NA,NA,NA,NA,NA,  2.74656E-02,  2.69245E-02,  2.62908E-02,  2.55797E-02,  2.48062E-02,  2.39846E-02,  2.31284E-02,  2.22501E-02,  2.13605E-02,  2.04693E-02,  1.95849E-02,  1.87139E-02,  1.78619E-02,  1.70334E-02,  1.62315E-02,  1.54587E-02,  1.47166E-02,  1.40061E-02,  1.33275E-02,  1.26809E-02,  1.20658E-02,  1.14816E-02,  1.09274E-02,
  4.18093E-03,  4.38018E-03,  4.58828E-03,  4.80527E-03,  5.03116E-03,  5.26585E-03,  5.50914E-03,  5.76069E-03,  6.02003E-03,  6.28651E-03,  6.55930E-03,  6.83735E-03,  7.11939E-03,  7.40390E-03,  7.68911E-03,  7.97302E-03,  8.25334E-03,  8.52760E-03,  8.79314E-03,  9.04717E-03,  9.28684E-03,  9.50935E-03,  9.71205E-03,NA,NA,NA,NA,NA,NA,NA,NA,NA,NA,NA,NA,NA,NA,NA,NA,NA,NA,NA,NA,NA,NA,NA,NA,NA,NA,NA,NA,NA,NA,NA,NA,NA,NA,  2.63199E-02,  2.57759E-02,  2.51338E-02,  2.44118E-02,  2.36273E-02,  2.27967E-02,  2.19351E-02,  2.10555E-02,  2.01697E-02,  1.92872E-02,  1.84163E-02,  1.75633E-02,  1.67332E-02,  1.59300E-02,  1.51563E-02,  1.44138E-02,  1.37037E-02,  1.30264E-02,  1.23818E-02,  1.17694E-02,  1.11887E-02,  1.06385E-02,
  3.90390E-03,  4.09486E-03,  4.29447E-03,  4.50275E-03,  4.71967E-03,  4.94508E-03,  5.17871E-03,  5.42012E-03,  5.66870E-03,  5.92362E-03,  6.18382E-03,  6.44795E-03,  6.71435E-03,  6.98102E-03,  7.24559E-03,  7.50528E-03,  7.75693E-03,  7.99695E-03,  8.22139E-03,  8.42596E-03,  8.60606E-03,  8.75694E-03,NA,NA,NA,NA,NA,NA,NA,NA,NA,NA,NA,NA,NA,NA,NA,NA,NA,NA,NA,NA,NA,NA,NA,NA,NA,NA,NA,NA,NA,NA,NA,NA,NA,NA,NA,  2.57719E-02,  2.53054E-02,  2.47207E-02,  2.40394E-02,  2.32823E-02,  2.24686E-02,  2.16161E-02,  2.07402E-02,  1.98543E-02,  1.89696E-02,  1.80954E-02,  1.72389E-02,  1.64057E-02,  1.56001E-02,  1.48249E-02,  1.40820E-02,  1.33726E-02,  1.26970E-02,  1.20552E-02,  1.14465E-02,  1.08702E-02,  1.03251E-02,
  3.61828E-03,  3.80099E-03,  3.99224E-03,  4.19208E-03,  4.40048E-03,  4.61725E-03,  4.84209E-03,  5.07453E-03,  5.31386E-03,  5.55915E-03,  5.80917E-03,  6.06235E-03,  6.31672E-03,  6.56991E-03,  6.81903E-03,  7.06069E-03,  7.29091E-03,  7.50516E-03,  7.69829E-03,  7.86461E-03,  7.99791E-03,NA,NA,NA,NA,NA,NA,NA,NA,NA,NA,NA,NA,NA,NA,NA,NA,NA,NA,NA,NA,NA,NA,NA,NA,NA,NA,NA,NA,NA,NA,NA,NA,NA,NA,NA,NA,NA,  2.48962E-02,  2.43528E-02,  2.36978E-02,  2.29552E-02,  2.21474E-02,  2.12946E-02,  2.04145E-02,  1.95224E-02,  1.86306E-02,  1.77495E-02,  1.68868E-02,  1.60488E-02,  1.52397E-02,  1.44626E-02,  1.37194E-02,  1.30111E-02,  1.23380E-02,  1.16998E-02,  1.10959E-02,  1.05252E-02,  9.98650E-03,
  3.32397E-03,  3.49844E-03,  3.68148E-03,  3.87316E-03,  4.07348E-03,  4.28229E-03,  4.49930E-03,  4.72403E-03,  4.95579E-03,  5.19358E-03,  5.43612E-03,  5.68170E-03,  5.92821E-03,  6.17300E-03,  6.41283E-03,  6.64386E-03,  6.86150E-03,  7.06045E-03,  7.23462E-03,  7.37718E-03,  7.48057E-03,NA,NA,NA,NA,NA,NA,NA,NA,NA,NA,NA,NA,NA,NA,NA,NA,NA,NA,NA,NA,NA,NA,NA,NA,NA,NA,NA,NA,NA,NA,NA,NA,NA,NA,NA,NA,NA,  2.45597E-02,  2.40374E-02,  2.33909E-02,  2.26475E-02,  2.18326E-02,  2.09689E-02,  2.00761E-02,  1.91709E-02,  1.82670E-02,  1.73752E-02,  1.65039E-02,  1.56594E-02,  1.48461E-02,  1.40669E-02,  1.33237E-02,  1.26173E-02,  1.19476E-02,  1.13142E-02,  1.07163E-02,  1.01525E-02,  9.62164E-03,
  3.02077E-03,  3.18698E-03,  3.36191E-03,  3.54568E-03,  3.73836E-03,  3.93986E-03,  4.14998E-03,  4.36831E-03,  4.59420E-03,  4.82674E-03,  5.06466E-03,  5.30629E-03,  5.54946E-03,  5.79144E-03,  6.02887E-03,  6.25764E-03,  6.47285E-03,  6.66871E-03,  6.83855E-03,  6.97476E-03,NA,NA,NA,NA,NA,NA,NA,NA,NA,NA,NA,NA,NA,NA,NA,NA,NA,NA,NA,NA,NA,NA,NA,NA,NA,NA,NA,NA,NA,NA,NA,NA,NA,NA,NA,NA,NA,NA,NA,  2.37746E-02,  2.31165E-02,  2.23554E-02,  2.15195E-02,  2.06336E-02,  1.97193E-02,  1.87943E-02,  1.78733E-02,  1.69675E-02,  1.60854E-02,  1.52333E-02,  1.44155E-02,  1.36346E-02,  1.28922E-02,  1.21886E-02,  1.15237E-02,  1.08967E-02,  1.03063E-02,  9.75112E-03,  9.22960E-03,
  2.70837E-03,  2.86625E-03,  3.03309E-03,  3.20912E-03,  3.39450E-03,  3.58928E-03,  3.79338E-03,  4.00652E-03,  4.22823E-03,  4.45773E-03,  4.69392E-03,  4.93528E-03,  5.17979E-03,  5.42485E-03,  5.66717E-03,  5.90270E-03,  6.12651E-03,  6.33276E-03,  6.51459E-03,  6.66419E-03,NA,NA,NA,NA,NA,NA,NA,NA,NA,NA,NA,NA,NA,NA,NA,NA,NA,NA,NA,NA,NA,NA,NA,NA,NA,NA,NA,NA,NA,NA,NA,NA,NA,NA,NA,NA,NA,NA,NA,  2.35561E-02,  2.28650E-02,  2.20688E-02,  2.11978E-02,  2.02789E-02,  1.93347E-02,  1.83841E-02,  1.74419E-02,  1.65195E-02,  1.56254E-02,  1.47654E-02,  1.39435E-02,  1.31619E-02,  1.24216E-02,  1.17225E-02,  1.10642E-02,  1.04453E-02,  9.86435E-03,  9.31968E-03,  8.80940E-03,
  2.38637E-03,  2.53574E-03,  2.69441E-03,  2.86274E-03,  3.04105E-03,  3.22954E-03,  3.42832E-03,  3.63734E-03,  3.85636E-03,  4.08486E-03,  4.32204E-03,  4.56668E-03,  4.81710E-03,  5.07105E-03,  5.32561E-03,  5.57707E-03,  5.82091E-03,  6.05162E-03,  6.26276E-03,  6.44690E-03,NA,NA,NA,NA,NA,NA,NA,NA,NA,NA,NA,NA,NA,NA,NA,NA,NA,NA,NA,NA,NA,NA,NA,NA,NA,NA,NA,NA,NA,NA,NA,NA,NA,NA,NA,NA,NA,NA,NA,NA,  2.26183E-02,  2.17704E-02,  2.08517E-02,  1.98902E-02,  1.89095E-02,  1.79287E-02,  1.69628E-02,  1.60227E-02,  1.51166E-02,  1.42496E-02,  1.34250E-02,  1.26444E-02,  1.19083E-02,  1.12160E-02,  1.05665E-02,  9.95811E-03,  9.38896E-03,  8.85700E-03,  8.36008E-03,
  2.05428E-03,  2.19482E-03,  2.34510E-03,  2.50563E-03,  2.67688E-03,  2.85930E-03,  3.05323E-03,  3.25891E-03,  3.47642E-03,  3.70563E-03,  3.94615E-03,  4.19723E-03,  4.45774E-03,  4.72599E-03,  4.99972E-03,  5.27594E-03,  5.55091E-03,  5.82000E-03,  6.07775E-03,NA,NA,NA,NA,NA,NA,NA,NA,NA,NA,NA,NA,NA,NA,NA,NA,NA,NA,NA,NA,NA,NA,NA,NA,NA,NA,NA,NA,NA,NA,NA,NA,NA,NA,NA,NA,NA,NA,NA,NA,NA,  2.23489E-02,  2.14356E-02,  2.04591E-02,  1.94483E-02,  1.84269E-02,  1.74140E-02,  1.64239E-02,  1.54670E-02,  1.45504E-02,  1.36786E-02,  1.28540E-02,  1.20774E-02,  1.13484E-02,  1.06660E-02,  1.00283E-02,  9.43324E-03,  8.87859E-03,  8.36190E-03,  7.88076E-03,
  1.71151E-03,  1.84279E-03,  1.98427E-03,  2.13666E-03,  2.30065E-03,  2.47693E-03,  2.66614E-03,  2.86888E-03,  3.08563E-03,  3.31675E-03,  3.56238E-03,  3.82242E-03,  4.09645E-03,  4.38361E-03,  4.68256E-03,  4.99140E-03,  5.30757E-03,  5.62787E-03,  5.94843E-03,NA,NA,NA,NA,NA,NA,NA,NA,NA,NA,NA,NA,NA,NA,NA,NA,NA,NA,NA,NA,NA,NA,NA,NA,NA,NA,NA,NA,NA,NA,NA,NA,NA,NA,NA,NA,NA,NA,NA,NA,NA,  2.20201E-02,  2.10322E-02,  1.99924E-02,  1.89295E-02,  1.78671E-02,  1.68232E-02,  1.58113E-02,  1.48408E-02,  1.39175E-02,  1.30450E-02,  1.22245E-02,  1.14559E-02,  1.07382E-02,  1.00693E-02,  9.44708E-03,  8.86881E-03,  8.33181E-03,  7.83333E-03,  7.37069E-03,
  1.35746E-03,  1.47884E-03,  1.61092E-03,  1.75459E-03,  1.91080E-03,  2.08052E-03,  2.26473E-03,  2.46444E-03,  2.68062E-03,  2.91417E-03,  3.16592E-03,  3.43653E-03,  3.72646E-03,  4.03592E-03,  4.36476E-03,  4.71246E-03,  5.07810E-03,  5.46035E-03,  5.85757E-03,NA,NA,NA,NA,NA,NA,NA,NA,NA,NA,NA,NA,NA,NA,NA,NA,NA,NA,NA,NA,NA,NA,NA,NA,NA,NA,NA,NA,NA,NA,NA,NA,NA,NA,NA,NA,NA,NA,NA,NA,NA,  2.15873E-02,  2.05220E-02,  1.94193E-02,  1.83071E-02,  1.72077E-02,  1.61381E-02,  1.51102E-02,  1.41321E-02,  1.32083E-02,  1.23410E-02,  1.15303E-02,  1.07752E-02,  1.00737E-02,  9.42318E-03,  8.82068E-03,  8.26313E-03,  7.74741E-03,  7.27046E-03,  6.82931E-03,
  9.91468E-04,  1.10213E-03,  1.22396E-03,  1.35806E-03,  1.50564E-03,  1.66797E-03,  1.84643E-03,  2.04244E-03,  2.25753E-03,  2.49323E-03,  2.75112E-03,  3.03275E-03,  3.33963E-03,  3.67316E-03,  4.03465E-03,  4.42526E-03,  4.84600E-03,  5.29786E-03,  5.78198E-03,NA,NA,NA,NA,NA,NA,NA,NA,NA,NA,NA,NA,NA,NA,NA,NA,NA,NA,NA,NA,NA,NA,NA,NA,NA,NA,NA,NA,NA,NA,NA,NA,NA,NA,NA,NA,NA,NA,NA,NA,NA,NA,  1.98626E-02,  1.87047E-02,  1.75521E-02,  1.64253E-02,  1.53396E-02,  1.43054E-02,  1.33288E-02,  1.24131E-02,  1.15590E-02,  1.07656E-02,  1.00308E-02,  9.35163E-03,  8.72494E-03,  8.14721E-03,  7.61488E-03,  7.12449E-03,  6.67268E-03,  6.25629E-03,
  6.12913E-04,  7.11826E-04,  8.22308E-04,  9.45681E-04,  1.08340E-03,  1.23708E-03,  1.40847E-03,  1.59947E-03,  1.81218E-03,  2.04880E-03,  2.31172E-03,  2.60346E-03,  2.92666E-03,  3.28410E-03,  3.67866E-03,  4.11338E-03,  4.59149E-03,  5.11662E-03,NA,NA,NA,NA,NA,NA,NA,NA,NA,NA,NA,NA,NA,NA,NA,NA,NA,NA,NA,NA,NA,NA,NA,NA,NA,NA,NA,NA,NA,NA,NA,NA,NA,NA,NA,NA,NA,NA,NA,NA,NA,NA,NA,  1.90103E-02,  1.78130E-02,  1.66357E-02,  1.54969E-02,  1.44097E-02,  1.33824E-02,  1.24198E-02,  1.15233E-02,  1.06925E-02,  9.92530E-03,  9.21870E-03,  8.56909E-03,  7.97261E-03,  7.42526E-03,  6.92315E-03,  6.46251E-03,  6.03978E-03,  5.65163E-03,
  2.21203E-04,  3.07127E-04,  4.04905E-04,  5.16065E-04,  6.42323E-04,  7.85597E-04,  9.48031E-04,  1.13201E-03,  1.34017E-03,  1.57544E-03,  1.84102E-03,  2.14042E-03,  2.47749E-03,  2.85640E-03,  3.28172E-03,  3.75848E-03,  4.29225E-03,  4.88946E-03,NA,NA,NA,NA,NA,NA,NA,NA,NA,NA,NA,NA,NA,NA,NA,NA,NA,NA,NA,NA,NA,NA,NA,NA,NA,NA,NA,NA,NA,NA,NA,NA,NA,NA,NA,NA,NA,NA,NA,NA,NA,NA,NA,  1.79235E-02,  1.67110E-02,  1.55317E-02,  1.44018E-02,  1.33320E-02,  1.23289E-02,  1.13954E-02,  1.05316E-02,  9.73598E-03,  9.00545E-03,  8.33625E-03,  7.72419E-03,  7.16491E-03,  6.65411E-03,  6.18760E-03,  5.76144E-03,  5.37194E-03,  5.01569E-03,
 -1.84167E-04, -1.12679E-04, -2.92187E-05,  6.79306E-05,  1.80720E-04,  3.11364E-04,  4.62369E-04,  6.36565E-04,  8.37141E-04,  1.06768E-03,  1.33220E-03,  1.63519E-03,  1.98166E-03,  2.37717E-03,  2.82797E-03,  3.34103E-03,  3.92430E-03,  4.58694E-03,NA,NA,NA,NA,NA,NA,NA,NA,NA,NA,NA,NA,NA,NA,NA,NA,NA,NA,NA,NA,NA,NA,NA,NA,NA,NA,NA,NA,NA,NA,NA,NA,NA,NA,NA,NA,NA,NA,NA,NA,NA,NA,NA,NA,  1.53709E-02,  1.42186E-02,  1.31234E-02,  1.20941E-02,  1.11354E-02,  1.02486E-02,  9.43303E-03,  8.68593E-03,  8.00365E-03,  7.38189E-03,  6.81606E-03,  6.30153E-03,  5.83380E-03,  5.40857E-03,  5.02181E-03,  4.66984E-03,  4.34923E-03,
 -6.03570E-04, -5.48161E-04, -4.80877E-04, -3.99840E-04, -3.02899E-04, -1.87583E-04, -5.10677E-05,  1.09877E-04,  2.98930E-04,  5.20280E-04,  7.78678E-04,  1.07950E-03,  1.42884E-03,  1.83356E-03,  2.30143E-03,  2.84127E-03,  3.46317E-03,  4.17885E-03,NA,NA,NA,NA,NA,NA,NA,NA,NA,NA,NA,NA,NA,NA,NA,NA,NA,NA,NA,NA,NA,NA,NA,NA,NA,NA,NA,NA,NA,NA,NA,NA,NA,NA,NA,NA,NA,NA,NA,NA,NA,NA,NA,NA,  1.37738E-02,  1.26820E-02,  1.16512E-02,  1.06883E-02,  9.79639E-03,  8.97594E-03,  8.22521E-03,  7.54104E-03,  6.91937E-03,  6.35565E-03,  5.84516E-03,  5.38320E-03,  4.96527E-03,  4.58712E-03,  4.24480E-03,  3.93469E-03,  3.65350E-03,
 -1.03722E-03, -9.99701E-04, -9.50667E-04, -8.88120E-04, -8.09753E-04, -7.12897E-04, -5.94470E-04, -4.50922E-04, -2.78169E-04, -7.15219E-05,  1.74386E-04,  4.65687E-04,  8.09378E-04,  1.21343E-03,  1.68691E-03,  2.24020E-03,  2.88520E-03,NA,NA,NA,NA,NA,NA,NA,NA,NA,NA,NA,NA,NA,NA,NA,NA,NA,NA,NA,NA,NA,NA,NA,NA,NA,NA,NA,NA,NA,NA,NA,NA,NA,NA,NA,NA,NA,NA,NA,NA,NA,NA,NA,NA,NA,  1.19109E-02,  1.09161E-02,  9.98162E-03,  9.11261E-03,  8.31130E-03,  7.57744E-03,  6.90896E-03,  6.30256E-03,  5.75415E-03,  5.25927E-03,  4.81333E-03,  4.41182E-03,  4.05044E-03,  3.72515E-03,  3.43223E-03,  3.16827E-03,  2.93019E-03,
 -1.48511E-03, -1.46744E-03, -1.43891E-03, -1.39746E-03, -1.34069E-03, -1.26580E-03, -1.16953E-03, -1.04812E-03, -8.97192E-04, -7.11698E-04, -4.85821E-04, -2.12871E-04,  1.14823E-04,  5.06047E-04,  9.70848E-04,  1.52073E-03,  2.16893E-03,NA,NA,NA,NA,NA,NA,NA,NA,NA,NA,NA,NA,NA,NA,NA,NA,NA,NA,NA,NA,NA,NA,NA,NA,NA,NA,NA,NA,NA,NA,NA,NA,NA,NA,NA,NA,NA,NA,NA,NA,NA,NA,NA,NA,NA,  9.78533E-03,  8.92478E-03,  8.11877E-03,  7.37141E-03,  6.68441E-03,  6.05740E-03,  5.48842E-03,  4.97444E-03,  4.51175E-03,  4.09629E-03,  3.72390E-03,  3.39052E-03,  3.09223E-03,  2.82539E-03,  2.58665E-03,  2.37294E-03,  2.18150E-03,
 -1.94700E-03, -1.95124E-03, -1.94561E-03, -1.92804E-03, -1.89611E-03, -1.84698E-03, -1.77732E-03, -1.68326E-03, -1.56029E-03, -1.40318E-03, -1.20585E-03, -9.61311E-04, -6.61515E-04, -2.97218E-04,  1.42168E-04,  6.68762E-04,  1.29647E-03,NA,NA,NA,NA,NA,NA,NA,NA,NA,NA,NA,NA,NA,NA,NA,NA,NA,NA,NA,NA,NA,NA,NA,NA,NA,NA,NA,NA,NA,NA,NA,NA,NA,NA,NA,NA,NA,NA,NA,NA,NA,NA,NA,NA,NA,  7.41183E-03,  6.72128E-03,  6.07455E-03,  5.47526E-03,  4.92513E-03,  4.42417E-03,  3.97102E-03,  3.56332E-03,  3.19811E-03,  2.87205E-03,  2.58169E-03,  2.32362E-03,  2.09454E-03,  1.89138E-03,  1.71127E-03,  1.55163E-03,  1.41009E-03,
 -2.42240E-03, -2.45064E-03, -2.47037E-03, -2.47957E-03, -2.47587E-03, -2.45649E-03, -2.41815E-03, -2.35700E-03, -2.26856E-03, -2.14760E-03, -1.98805E-03, -1.78291E-03, -1.52408E-03, -1.20229E-03, -8.06910E-04, -3.25834E-04,  2.54770E-04,NA,NA,NA,NA,NA,NA,NA,NA,NA,NA,NA,NA,NA,NA,NA,NA,NA,NA,NA,NA,NA,NA,NA,NA,NA,NA,NA,NA,NA,NA,NA,NA,NA,NA,NA,NA,NA,NA,NA,NA,NA,NA,NA,NA,NA,  4.81557E-03,  4.32745E-03,  3.86784E-03,  3.44043E-03,  3.04750E-03,  2.68990E-03,  2.36728E-03,  2.07836E-03,  1.82123E-03,  1.59356E-03,  1.39287E-03,  1.21659E-03,  1.06224E-03,  9.27442E-04,  8.09974E-04,  7.07805E-04,  6.19094E-04,
 -2.91051E-03, -2.96486E-03, -3.01241E-03, -3.05129E-03, -3.07927E-03, -3.09371E-03, -3.09149E-03, -3.06896E-03, -3.02184E-03, -2.94513E-03, -2.83301E-03, -2.67876E-03, -2.47466E-03, -2.21184E-03, -1.88021E-03, -1.46832E-03, -9.63239E-04,NA,NA,NA,NA,NA,NA,NA,NA,NA,NA,NA,NA,NA,NA,NA,NA,NA,NA,NA,NA,NA,NA,NA,NA,NA,NA,NA,NA,NA,NA,NA,NA,NA,NA,NA,NA,NA,NA,NA,NA,NA,NA,NA,NA,NA,  2.03030E-03,  1.77224E-03,  1.52336E-03,  1.28802E-03,  1.06953E-03,  8.69998E-04,  6.90435E-04,  5.30941E-04,  3.90932E-04,  2.69354E-04,  1.64857E-04,  7.59363E-05,  1.03438E-06, -6.13870E-05, -1.12798E-04, -1.54572E-04, -1.87970E-04,
 -3.41023E-03, -3.49273E-03, -3.57052E-03, -3.64194E-03, -3.70497E-03, -3.75724E-03, -3.79593E-03, -3.81771E-03, -3.81869E-03, -3.79432E-03, -3.73931E-03, -3.64757E-03, -3.51210E-03, -3.32494E-03, -3.07710E-03, -2.75849E-03, -2.35788E-03, -1.86281E-03,NA,NA,NA,NA,NA,NA,NA,NA,NA,NA,NA,NA,NA,NA,NA,NA,NA,NA,NA,NA,NA,NA,NA,NA,NA,NA,NA,NA,NA,NA,NA,NA,NA,NA,NA,NA,NA,NA,NA,NA,NA,NA,NA,NA, -9.04014E-04, -9.10166E-04, -9.29720E-04, -9.57135E-04, -9.87644E-04, -1.01753E-03, -1.04415E-03, -1.06577E-03, -1.08145E-03, -1.09081E-03, -1.09388E-03, -1.09100E-03, -1.08266E-03, -1.06948E-03, -1.05209E-03, -1.03113E-03, -1.00722E-03,
 -3.92016E-03, -4.03273E-03, -4.14304E-03, -4.24970E-03, -4.35101E-03, -4.44495E-03, -4.52911E-03, -4.60067E-03, -4.65628E-03, -4.69206E-03, -4.70353E-03, -4.68552E-03, -4.63216E-03, -4.53685E-03, -4.39226E-03, -4.19031E-03, -3.92227E-03, -3.57878E-03,NA,NA,NA,NA,NA,NA,NA,NA,NA,NA,NA,NA,NA,NA,NA,NA,NA,NA,NA,NA,NA,NA,NA,NA,NA,NA,NA,NA,NA,NA,NA,NA,NA,NA,NA,NA,NA,NA,NA,NA,NA,NA,NA,NA, -3.94347E-03, -3.68221E-03, -3.45937E-03, -3.26774E-03, -3.10075E-03, -2.95285E-03, -2.81952E-03, -2.69728E-03, -2.58348E-03, -2.47620E-03, -2.37408E-03, -2.27617E-03, -2.18186E-03, -2.09073E-03, -2.00254E-03, -1.91715E-03, -1.83449E-03,
 -4.43862E-03, -4.58299E-03, -4.72790E-03, -4.87228E-03, -5.01481E-03, -5.15394E-03, -5.28779E-03, -5.41415E-03, -5.53042E-03, -5.63359E-03, -5.72019E-03, -5.78630E-03, -5.82752E-03, -5.83904E-03, -5.81566E-03, -5.75192E-03, -5.64227E-03, -5.48128E-03,NA,NA,NA,NA,NA,NA,NA,NA,NA,NA,NA,NA,NA,NA,NA,NA,NA,NA,NA,NA,NA,NA,NA,NA,NA,NA,NA,NA,NA,NA,NA,NA,NA,NA,NA,NA,NA,NA,NA,NA,NA,NA,NA, -7.65427E-03, -7.04242E-03, -6.50475E-03, -6.03208E-03, -5.61515E-03, -5.24533E-03, -4.91504E-03, -4.61780E-03, -4.34823E-03, -4.10197E-03, -3.87548E-03, -3.66594E-03, -3.47110E-03, -3.28916E-03, -3.11869E-03, -2.95851E-03, -2.80768E-03, -2.66542E-03,
 -4.96363E-03, -5.14132E-03, -5.32263E-03, -5.50687E-03, -5.69321E-03, -5.88062E-03, -6.06785E-03, -6.25344E-03, -6.43567E-03, -6.61256E-03, -6.78190E-03, -6.94125E-03, -7.08797E-03, -7.21938E-03, -7.33284E-03, -7.42599E-03, -7.49699E-03, -7.54493E-03,NA,NA,NA,NA,NA,NA,NA,NA,NA,NA,NA,NA,NA,NA,NA,NA,NA,NA,NA,NA,NA,NA,NA,NA,NA,NA,NA,NA,NA,NA,NA,NA,NA,NA,NA,NA,NA,NA,NA,NA,NA,NA,NA, -1.10760E-02, -1.01553E-02, -9.33857E-03, -8.61418E-03, -7.97048E-03, -7.39661E-03, -6.88286E-03, -6.42072E-03, -6.00295E-03, -5.62342E-03, -5.27699E-03, -4.95938E-03, -4.66703E-03, -4.39697E-03, -4.14672E-03, -3.91419E-03, -3.69761E-03, -3.49549E-03,
 -5.49298E-03, -5.70521E-03, -5.92438E-03, -6.15026E-03, -6.38252E-03, -6.62074E-03, -6.86440E-03, -7.11287E-03, -7.36542E-03, -7.62127E-03, -7.87959E-03, -8.13962E-03, -8.40073E-03, -8.66261E-03, -8.92548E-03, -9.19038E-03, -9.45959E-03, -9.73708E-03,NA,NA,NA,NA,NA,NA,NA,NA,NA,NA,NA,NA,NA,NA,NA,NA,NA,NA,NA,NA,NA,NA,NA,NA,NA,NA,NA,NA,NA,NA,NA,NA,NA,NA,NA,NA,NA,NA,NA,NA,NA,NA,NA, -1.44641E-02, -1.32379E-02, -1.21457E-02, -1.11729E-02, -1.03055E-02, -9.53028E-03, -8.83535E-03, -8.21025E-03, -7.64586E-03, -7.13437E-03, -6.66907E-03, -6.24428E-03, -5.85516E-03, -5.49761E-03, -5.16812E-03, -4.86370E-03, -4.58179E-03, -4.32017E-03,
 -6.02424E-03, -6.27190E-03, -6.53002E-03, -6.79884E-03, -7.07861E-03, -7.36955E-03, -7.67192E-03, -7.98600E-03, -8.31214E-03, -8.65083E-03, -9.00277E-03, -9.36896E-03, -9.75094E-03, -1.01509E-02, -1.05721E-02, -1.10192E-02, -1.14986E-02, -1.20194E-02, -1.25938E-02,NA,NA,NA,NA,NA,NA,NA,NA,NA,NA,NA,NA,NA,NA,NA,NA,NA,NA,NA,NA,NA,NA,NA,NA,NA,NA,NA,NA,NA,NA,NA,NA,NA,NA,NA,NA,NA,NA,NA,NA,NA,NA, -1.77707E-02, -1.62488E-02, -1.48902E-02, -1.36773E-02, -1.25935E-02, -1.16232E-02, -1.07524E-02, -9.96898E-03, -9.26188E-03, -8.62173E-03, -8.04036E-03, -7.51076E-03, -7.02688E-03, -6.58355E-03, -6.17628E-03, -5.80125E-03, -5.45510E-03, -5.13495E-03,
 -6.55482E-03, -6.83845E-03, -7.13617E-03, -7.44875E-03, -7.77701E-03, -8.12187E-03, -8.48439E-03, -8.86579E-03, -9.26756E-03, -9.69151E-03, -1.01399E-02, -1.06156E-02, -1.11222E-02, -1.16647E-02, -1.22492E-02, -1.28839E-02, -1.35795E-02, -1.43500E-02, -1.52131E-02,NA,NA,NA,NA,NA,NA,NA,NA,NA,NA,NA,NA,NA,NA,NA,NA,NA,NA,NA,NA,NA,NA,NA,NA,NA,NA,NA,NA,NA,NA,NA,NA,NA,NA,NA,NA,NA,NA,NA,NA,NA, -2.29653E-02, -2.09516E-02, -1.91500E-02, -1.75393E-02, -1.60989E-02, -1.48095E-02, -1.36537E-02, -1.26154E-02, -1.16806E-02, -1.08368E-02, -1.00731E-02, -9.38002E-03, -8.74933E-03, -8.17389E-03, -7.64750E-03, -7.16483E-03, -6.72120E-03, -6.31258E-03, -5.93544E-03,
 -7.08201E-03, -7.40175E-03, -7.73929E-03, -8.09591E-03, -8.47301E-03, -8.87223E-03, -9.29543E-03, -9.74480E-03, -1.02230E-02, -1.07330E-02, -1.12788E-02, -1.18649E-02, -1.24973E-02, -1.31832E-02, -1.39318E-02, -1.47547E-02, -1.56664E-02, -1.66853E-02, -1.78346E-02, -1.91426E-02,NA,NA,NA,NA,NA,NA,NA,NA,NA,NA,NA,NA,NA,NA,NA,NA,NA,NA,NA,NA,NA,NA,NA,NA,NA,NA,NA,NA,NA,NA,NA,NA,NA,NA,NA,NA,NA,NA,NA,NA, -2.62682E-02, -2.39678E-02, -2.19078E-02, -2.00636E-02, -1.84120E-02, -1.69314E-02, -1.56023E-02, -1.44071E-02, -1.33301E-02, -1.23574E-02, -1.14770E-02, -1.06780E-02, -9.95113E-03, -9.28838E-03, -8.68261E-03, -8.12768E-03, -7.61820E-03, -7.14949E-03, -6.71743E-03,
 -7.60302E-03, -7.95863E-03, -8.33574E-03, -8.73612E-03, -9.16178E-03, -9.61502E-03, -1.00985E-02, -1.06154E-02, -1.11694E-02, -1.17648E-02, -1.24071E-02, -1.31025E-02, -1.38589E-02, -1.46859E-02, -1.55953E-02, -1.66019E-02, -1.77236E-02, -1.89827E-02, -2.04067E-02, -2.20288E-02,NA,NA,NA,NA,NA,NA,NA,NA,NA,NA,NA,NA,NA,NA,NA,NA,NA,NA,NA,NA,NA,NA,NA,NA,NA,NA,NA,NA,NA,NA,NA,NA,NA,NA,NA,NA,NA,NA,NA, -3.21955E-02, -2.93434E-02, -2.67857E-02, -2.44930E-02, -2.24378E-02, -2.05944E-02, -1.89395E-02, -1.74519E-02, -1.61124E-02, -1.49042E-02, -1.38121E-02, -1.28229E-02, -1.19250E-02, -1.11081E-02, -1.03632E-02, -9.68251E-03, -9.05920E-03, -8.48725E-03, -7.96137E-03, -7.47695E-03,
 -8.11508E-03, -8.50592E-03, -8.92187E-03, -9.36520E-03, -9.83848E-03, -1.03447E-02, -1.08872E-02, -1.14701E-02, -1.20980E-02, -1.27766E-02, -1.35125E-02, -1.43137E-02, -1.51898E-02, -1.61524E-02, -1.72158E-02, -1.83971E-02, -1.97173E-02, -2.12020E-02, -2.28818E-02, -2.47937E-02, -2.69817E-02,NA,NA,NA,NA,NA,NA,NA,NA,NA,NA,NA,NA,NA,NA,NA,NA,NA,NA,NA,NA,NA,NA,NA,NA,NA,NA,NA,NA,NA,NA,NA,NA,NA,NA,NA,NA,NA,NA, -3.52576E-02, -3.21590E-02, -2.93777E-02, -2.68816E-02, -2.46407E-02, -2.26276E-02, -2.08175E-02, -1.91878E-02, -1.77184E-02, -1.63913E-02, -1.51905E-02, -1.41019E-02, -1.31130E-02, -1.22128E-02, -1.13918E-02, -1.06415E-02, -9.95428E-03, -9.32376E-03, -8.74415E-03, -8.21035E-03,
 -8.61543E-03, -9.04048E-03, -9.49412E-03, -9.97905E-03, -1.04984E-02, -1.10557E-02, -1.16551E-02, -1.23015E-02, -1.30004E-02, -1.37585E-02, -1.45836E-02, -1.54851E-02, -1.64741E-02, -1.75641E-02, -1.87710E-02, -2.01143E-02, -2.16171E-02, -2.33071E-02, -2.52177E-02, -2.73881E-02, -2.98644E-02,NA,NA,NA,NA,NA,NA,NA,NA,NA,NA,NA,NA,NA,NA,NA,NA,NA,NA,NA,NA,NA,NA,NA,NA,NA,NA,NA,NA,NA,NA,NA,NA,NA,NA,NA,NA,NA, -4.16666E-02, -3.79931E-02, -3.46908E-02, -3.17227E-02, -2.90548E-02, -2.66556E-02, -2.44966E-02, -2.25519E-02, -2.07981E-02, -1.92143E-02, -1.77817E-02, -1.64839E-02, -1.53060E-02, -1.42349E-02, -1.32592E-02, -1.23687E-02, -1.15544E-02, -1.08084E-02, -1.01237E-02, -9.49413E-03, -8.91432E-03,
 -9.10144E-03, -9.55931E-03, -1.00490E-02, -1.05737E-02, -1.11370E-02, -1.17430E-02, -1.23964E-02, -1.31027E-02, -1.38684E-02, -1.47011E-02, -1.56095E-02, -1.66041E-02, -1.76974E-02, -1.89041E-02, -2.02416E-02, -2.17308E-02, -2.33964E-02, -2.52678E-02, -2.73793E-02, -2.97715E-02, -3.24913E-02, -3.55924E-02,NA,NA,NA,NA,NA,NA,NA,NA,NA,NA,NA,NA,NA,NA,NA,NA,NA,NA,NA,NA,NA,NA,NA,NA,NA,NA,NA,NA,NA,NA,NA,NA,NA,NA,NA,NA, -4.42273E-02, -4.03833E-02, -3.69221E-02, -3.38057E-02, -3.09991E-02, -2.84704E-02, -2.61903E-02, -2.41326E-02, -2.22735E-02, -2.05916E-02, -1.90679E-02, -1.76853E-02, -1.64289E-02, -1.52850E-02, -1.42419E-02, -1.32890E-02, -1.24169E-02, -1.16175E-02, -1.08834E-02, -1.02081E-02, -9.58593E-03,
 -9.57060E-03, -1.00596E-02, -1.05834E-02, -1.11456E-02, -1.17502E-02, -1.24017E-02, -1.31054E-02, -1.38675E-02, -1.46950E-02, -1.55962E-02, -1.65807E-02, -1.76599E-02, -1.88470E-02, -2.01579E-02, -2.16108E-02, -2.32276E-02, -2.50339E-02, -2.70594E-02, -2.93392E-02, -3.19136E-02, -3.48289E-02, -3.81374E-02,NA,NA,NA,NA,NA,NA,NA,NA,NA,NA,NA,NA,NA,NA,NA,NA,NA,NA,NA,NA,NA,NA,NA,NA,NA,NA,NA,NA,NA,NA,NA,NA,NA,NA,NA,NA, -4.63803E-02, -4.24187E-02, -3.88438E-02, -3.56180E-02, -3.27064E-02, -3.00772E-02, -2.77015E-02, -2.55528E-02, -2.36075E-02, -2.18443E-02, -2.02440E-02, -1.87895E-02, -1.74656E-02, -1.62586E-02, -1.51566E-02, -1.41487E-02, -1.32255E-02, -1.23784E-02, -1.15998E-02, -1.08833E-02, -1.02227E-02,
NA, -1.05386E-02, -1.10943E-02, -1.16913E-02, -1.23341E-02, -1.30276E-02, -1.37774E-02, -1.45903E-02, -1.54738E-02, -1.64366E-02, -1.74891E-02, -1.86431E-02, -1.99126E-02, -2.13137E-02, -2.28655E-02, -2.45900E-02, -2.65130E-02, -2.86642E-02, -3.10780E-02, -3.37936E-02, -3.68556E-02, -4.03136E-02,NA,NA,NA,NA,NA,NA,NA,NA,NA,NA,NA,NA,NA,NA,NA,NA,NA,NA,NA,NA,NA,NA,NA,NA,NA,NA,NA,NA,NA,NA,NA,NA,NA,NA,NA,NA, -4.81262E-02, -4.40983E-02, -4.04540E-02, -3.71569E-02, -3.41735E-02, -3.14726E-02, -2.90262E-02, -2.68084E-02, -2.47962E-02, -2.29683E-02, -2.13061E-02, -1.97926E-02, -1.84125E-02, -1.71524E-02, -1.60002E-02, -1.49450E-02, -1.39773E-02, -1.30884E-02, -1.22707E-02, -1.15174E-02, -1.08224E-02,
NA, -1.09942E-02, -1.15790E-02, -1.22079E-02, -1.28854E-02, -1.36168E-02, -1.44082E-02, -1.52664E-02, -1.61994E-02, -1.72164E-02, -1.83280E-02, -1.95464E-02, -2.08858E-02, -2.23626E-02, -2.39958E-02, -2.58074E-02, -2.78226E-02, -3.00705E-02, -3.25840E-02, -3.54004E-02, -3.85615E-02, -4.21133E-02,NA,NA,NA,NA,NA,NA,NA,NA,NA,NA,NA,NA,NA,NA,NA,NA,NA,NA,NA,NA,NA,NA,NA,NA,NA,NA,NA,NA,NA,NA,NA,NA,NA,NA,NA,NA, -4.94750E-02, -4.54292E-02, -4.17573E-02, -3.84253E-02, -3.54017E-02, -3.26569E-02, -3.01641E-02, -2.78986E-02, -2.58380E-02, -2.39620E-02, -2.22523E-02, -2.06925E-02, -1.92675E-02, -1.79641E-02, -1.67704E-02, -1.56756E-02, -1.46702E-02, -1.37455E-02, -1.28939E-02, -1.21086E-02,NA,
NA,NA, -1.20353E-02, -1.26928E-02, -1.34013E-02, -1.41663E-02, -1.49941E-02, -1.58919E-02, -1.68677E-02, -1.79309E-02, -1.90923E-02, -2.03642E-02, -2.17607E-02, -2.32982E-02, -2.49953E-02, -2.68733E-02, -2.89565E-02, -3.12727E-02, -3.38527E-02, -3.67313E-02, -3.99469E-02, -4.35409E-02,NA,NA,NA,NA,NA,NA,NA,NA,NA,NA,NA,NA,NA,NA,NA,NA,NA,NA,NA,NA,NA,NA,NA,NA,NA,NA,NA,NA,NA,NA,NA,NA,NA,NA,NA,NA, -5.04447E-02, -4.64249E-02, -4.27639E-02, -3.94308E-02, -3.63966E-02, -3.36339E-02, -3.11177E-02, -2.88247E-02, -2.67337E-02, -2.48254E-02, -2.30823E-02, -2.14885E-02, -2.00296E-02, -1.86926E-02, -1.74660E-02, -1.63392E-02, -1.53029E-02, -1.43484E-02, -1.34683E-02, -1.26557E-02,NA,
NA,NA, -1.24613E-02, -1.31439E-02, -1.38794E-02, -1.46735E-02, -1.55326E-02, -1.64638E-02, -1.74754E-02, -1.85767E-02, -1.97785E-02, -2.10929E-02, -2.25338E-02, -2.41171E-02, -2.58607E-02, -2.77850E-02, -2.99130E-02, -3.22704E-02, -3.48860E-02, -3.77912E-02, -4.10204E-02, -4.46103E-02, -4.85993E-02,NA,NA,NA,NA,NA,NA,NA,NA,NA,NA,NA,NA,NA,NA,NA,NA,NA,NA,NA,NA,NA,NA,NA,NA,NA,NA,NA,NA,NA,NA,NA,NA,NA,NA, -5.53820E-02, -5.10598E-02, -4.71047E-02, -4.34889E-02, -4.01851E-02, -3.71673E-02, -3.44107E-02, -3.18923E-02, -2.95907E-02, -2.74861E-02, -2.55605E-02, -2.37973E-02, -2.21813E-02, -2.06990E-02, -1.93379E-02, -1.80867E-02, -1.69354E-02, -1.58747E-02, -1.48964E-02, -1.39930E-02,NA,NA,
NA,NA,NA, -1.35596E-02, -1.43181E-02, -1.51366E-02, -1.60215E-02, -1.69801E-02, -1.80204E-02, -1.91517E-02, -2.03844E-02, -2.17305E-02, -2.32033E-02, -2.48180E-02, -2.65916E-02, -2.85432E-02, -3.06942E-02, -3.30680E-02, -3.56908E-02, -3.85906E-02, -4.17976E-02, -4.53434E-02, -4.92604E-02,NA,NA,NA,NA,NA,NA,NA,NA,NA,NA,NA,NA,NA,NA,NA,NA,NA,NA,NA,NA,NA,NA,NA,NA,NA,NA,NA,NA,NA,NA,NA,NA,NA,NA, -5.55470E-02, -5.13498E-02, -4.74922E-02, -4.39512E-02, -4.07033E-02, -3.77257E-02, -3.49967E-02, -3.24954E-02, -3.02025E-02, -2.80998E-02, -2.61707E-02, -2.43997E-02, -2.27728E-02, -2.12770E-02, -1.99007E-02, -1.86330E-02, -1.74642E-02, -1.63856E-02, -1.53892E-02, -1.44677E-02,NA,NA,
NA,NA,NA, -1.39387E-02, -1.47160E-02, -1.55543E-02, -1.64598E-02, -1.74395E-02, -1.85015E-02, -1.96548E-02, -2.09095E-02, -2.22768E-02, -2.37696E-02, -2.54021E-02, -2.71902E-02, -2.91516E-02, -3.13056E-02, -3.36735E-02, -3.62785E-02, -3.91451E-02, -4.22992E-02, -4.57674E-02, -4.95761E-02,NA,NA,NA,NA,NA,NA,NA,NA,NA,NA,NA,NA,NA,NA,NA,NA,NA,NA,NA,NA,NA,NA,NA,NA,NA,NA,NA,NA,NA,NA,NA,NA,NA,NA, -5.53902E-02, -5.13469E-02, -4.76138E-02, -4.41722E-02, -4.10028E-02, -3.80862E-02, -3.54034E-02, -3.29363E-02, -3.06675E-02, -2.85807E-02, -2.66607E-02, -2.48935E-02, -2.32659E-02, -2.17660E-02, -2.03827E-02, -1.91060E-02, -1.79267E-02, -1.68363E-02, -1.58273E-02,NA,NA,NA,
NA,NA,NA,NA, -1.50726E-02, -1.59259E-02, -1.68467E-02, -1.78417E-02, -1.89187E-02, -2.00864E-02, -2.13542E-02, -2.27330E-02, -2.42346E-02, -2.58724E-02, -2.76608E-02, -2.96160E-02, -3.17554E-02, -3.40978E-02, -3.66634E-02, -3.94732E-02, -4.25490E-02, -4.59126E-02, -4.95849E-02, -5.35850E-02,NA,NA,NA,NA,NA,NA,NA,NA,NA,NA,NA,NA,NA,NA,NA,NA,NA,NA,NA,NA,NA,NA,NA,NA,NA,NA,NA,NA,NA,NA,NA,NA, -5.91122E-02, -5.49528E-02, -5.10853E-02, -4.74975E-02, -4.41752E-02, -4.11028E-02, -3.82644E-02, -3.56439E-02, -3.32257E-02, -3.09945E-02, -2.89360E-02, -2.70365E-02, -2.52833E-02, -2.36644E-02, -2.21689E-02, -2.07865E-02, -1.95078E-02, -1.83242E-02, -1.72278E-02, -1.62114E-02,NA,NA,NA,
NA,NA,NA,NA, -1.53874E-02, -1.62514E-02, -1.71824E-02, -1.81870E-02, -1.92726E-02, -2.04473E-02, -2.17202E-02, -2.31013E-02, -2.46016E-02, -2.62332E-02, -2.80094E-02, -2.99445E-02, -3.20538E-02, -3.43540E-02, -3.68621E-02, -3.95959E-02, -4.25732E-02, -4.58114E-02, -4.93263E-02, -5.31315E-02,NA,NA,NA,NA,NA,NA,NA,NA,NA,NA,NA,NA,NA,NA,NA,NA,NA,NA,NA,NA,NA,NA,NA,NA,NA,NA,NA,NA,NA,NA,NA,NA, -5.82092E-02, -5.42757E-02, -5.05993E-02, -4.71722E-02, -4.39843E-02, -4.10236E-02, -3.82773E-02, -3.57323E-02, -3.33753E-02, -3.11933E-02, -2.91738E-02, -2.73047E-02, -2.55747E-02, -2.39729E-02, -2.24895E-02, -2.11150E-02, -1.98408E-02, -1.86588E-02, -1.75618E-02,NA,NA,NA,NA,
NA,NA,NA,NA,NA, -1.65312E-02, -1.74676E-02, -1.84764E-02, -1.95646E-02, -2.07397E-02, -2.20102E-02, -2.33853E-02, -2.48750E-02, -2.64904E-02, -2.82432E-02, -3.01460E-02, -3.22124E-02, -3.44564E-02, -3.68924E-02, -3.95350E-02, -4.23984E-02, -4.54960E-02, -4.88391E-02, -5.24368E-02, -5.62938E-02,NA,NA,NA,NA,NA,NA,NA,NA,NA,NA,NA,NA,NA,NA,NA,NA,NA,NA,NA,NA,NA,NA,NA,NA,NA,NA,NA,NA,NA,NA, -6.10215E-02, -5.70979E-02, -5.33982E-02, -4.99223E-02, -4.66663E-02, -4.36235E-02, -4.07854E-02, -3.81421E-02, -3.56830E-02, -3.33974E-02, -3.12743E-02, -2.93028E-02, -2.74726E-02, -2.57737E-02, -2.41965E-02, -2.27320E-02, -2.13718E-02, -2.01079E-02, -1.89329E-02, -1.78402E-02,NA,NA,NA,NA,
NA,NA,NA,NA,NA, -1.67661E-02, -1.77035E-02, -1.87115E-02, -1.97966E-02, -2.09660E-02, -2.22274E-02, -2.35891E-02, -2.50602E-02, -2.66505E-02, -2.83704E-02, -3.02309E-02, -3.22436E-02, -3.44202E-02, -3.67727E-02, -3.93127E-02, -4.20512E-02, -4.49979E-02, -4.81606E-02, -5.15442E-02, -5.51496E-02, -5.89725E-02,NA,NA,NA,NA,NA,NA,NA,NA,NA,NA,NA,NA,NA,NA,NA,NA,NA,NA,NA,NA,NA,NA,NA,NA,NA,NA,NA,NA, -6.33091E-02, -5.94742E-02, -5.58209E-02, -5.23571E-02, -4.90861E-02, -4.60070E-02, -4.31164E-02, -4.04084E-02, -3.78759E-02, -3.55109E-02, -3.33046E-02, -3.12480E-02, -2.93321E-02, -2.75480E-02, -2.58870E-02, -2.43407E-02, -2.29011E-02, -2.15607E-02, -2.03124E-02, -1.91493E-02, -1.80653E-02,NA,NA,NA,NA,
NA,NA,NA,NA,NA, -1.69575E-02, -1.78915E-02, -1.88942E-02, -1.99713E-02, -2.11295E-02, -2.23757E-02, -2.37175E-02, -2.51630E-02, -2.67208E-02, -2.83999E-02, -3.02098E-02, -3.21602E-02, -3.42608E-02, -3.65212E-02, -3.89506E-02, -4.15569E-02, -4.43470E-02, -4.73253E-02, -5.04936E-02, -5.38497E-02, -5.73865E-02, -6.10908E-02,NA,NA,NA,NA,NA,NA,NA,NA,NA,NA,NA,NA,NA,NA,NA,NA,NA,NA,NA,NA,NA,NA,NA,NA,NA,NA, -6.50117E-02, -6.13421E-02, -5.78050E-02, -5.44163E-02, -5.11862E-02, -4.81202E-02, -4.52203E-02, -4.24852E-02, -3.99120E-02, -3.74957E-02, -3.52303E-02, -3.31093E-02, -3.11253E-02, -2.92709E-02, -2.75387E-02, -2.59213E-02, -2.44113E-02, -2.30019E-02, -2.16862E-02, -2.04579E-02, -1.93110E-02,NA,NA,NA,NA,NA,
NA,NA,NA,NA,NA,NA, -1.80339E-02, -1.90270E-02, -2.00916E-02, -2.12337E-02, -2.24596E-02, -2.37759E-02, -2.51898E-02, -2.67088E-02, -2.83407E-02, -3.00934E-02, -3.19750E-02, -3.39933E-02, -3.61558E-02, -3.84693E-02, -4.09395E-02, -4.35706E-02, -4.63646E-02, -4.93204E-02, -5.24337E-02, -5.56954E-02, -5.90911E-02, -6.25998E-02,NA,NA,NA,NA,NA,NA,NA,NA,NA,NA,NA,NA,NA,NA,NA,NA,NA,NA,NA,NA,NA,NA,NA,NA, -6.60952E-02, -6.26596E-02, -5.93041E-02, -5.60513E-02, -5.29179E-02, -4.99156E-02, -4.70515E-02, -4.43297E-02, -4.17511E-02, -3.93146E-02, -3.70174E-02, -3.48554E-02, -3.28237E-02, -3.09167E-02, -2.91285E-02, -2.74528E-02, -2.58835E-02, -2.44143E-02, -2.30393E-02, -2.17525E-02, -2.05483E-02, -1.94212E-02,NA,NA,NA,NA,NA,
NA,NA,NA,NA,NA,NA, -1.81326E-02, -1.91126E-02, -2.01608E-02, -2.12826E-02, -2.24836E-02, -2.37697E-02, -2.51472E-02, -2.66225E-02, -2.82021E-02, -2.98926E-02, -3.17006E-02, -3.36322E-02, -3.56931E-02, -3.78882E-02, -4.02211E-02, -4.26939E-02, -4.53064E-02, -4.80557E-02, -5.09358E-02, -5.39363E-02, -5.70421E-02, -6.02327E-02, -6.34814E-02,NA,NA,NA,NA,NA,NA,NA,NA,NA,NA,NA,NA,NA,NA,NA,NA,NA,NA,NA,NA,NA,NA, -6.65540E-02, -6.34088E-02, -6.02914E-02, -5.72295E-02, -5.42451E-02, -5.13551E-02, -4.85719E-02, -4.59040E-02, -4.33569E-02, -4.09331E-02, -3.86333E-02, -3.64562E-02, -3.43995E-02, -3.24597E-02, -3.06327E-02, -2.89138E-02, -2.72981E-02, -2.57805E-02, -2.43557E-02, -2.30186E-02, -2.17641E-02, -2.05874E-02, -1.94835E-02,NA,NA,NA,NA,NA,
NA,NA,NA,NA,NA,NA,NA, -1.91539E-02, -2.01823E-02, -2.12802E-02, -2.24526E-02, -2.37047E-02, -2.50418E-02, -2.64694E-02, -2.79929E-02, -2.96177E-02, -3.13489E-02, -3.31913E-02, -3.51490E-02, -3.72251E-02, -3.94216E-02, -4.17389E-02, -4.41752E-02, -4.67263E-02, -4.93848E-02, -5.21397E-02, -5.49759E-02, -5.78736E-02, -6.08078E-02, -6.37481E-02,NA,NA,NA,NA,NA,NA,NA,NA,NA,NA,NA,NA,NA,NA,NA,NA,NA,NA,NA,NA, -6.64101E-02, -6.35962E-02, -6.07613E-02, -5.79361E-02, -5.51463E-02, -5.24130E-02, -4.97527E-02, -4.71782E-02, -4.46989E-02, -4.23211E-02, -4.00487E-02, -3.78837E-02, -3.58261E-02, -3.38750E-02, -3.20283E-02, -3.02829E-02, -2.86356E-02, -2.70823E-02, -2.56190E-02, -2.42413E-02, -2.29451E-02, -2.17258E-02, -2.05792E-02,NA,NA,NA,NA,NA,NA,
NA,NA,NA,NA,NA,NA,NA, -1.91540E-02, -2.01596E-02, -2.12307E-02, -2.23715E-02, -2.35865E-02, -2.48802E-02, -2.62572E-02, -2.77219E-02, -2.92786E-02, -3.09313E-02, -3.26834E-02, -3.45377E-02, -3.64960E-02, -3.85589E-02, -4.07253E-02, -4.29924E-02, -4.53549E-02, -4.78047E-02, -5.03306E-02, -5.29177E-02, -5.55473E-02, -5.81964E-02, -6.08374E-02, -6.34388E-02, -6.59649E-02,NA,NA,NA,NA,NA,NA,NA,NA,NA,NA,NA,NA,NA,NA,NA,NA, -6.80705E-02, -6.57102E-02, -6.32513E-02, -6.07290E-02, -5.81747E-02, -5.56161E-02, -5.30768E-02, -5.05766E-02, -4.81315E-02, -4.57542E-02, -4.34545E-02, -4.12393E-02, -3.91135E-02, -3.70800E-02, -3.51400E-02, -3.32936E-02, -3.15398E-02, -2.98768E-02, -2.83021E-02, -2.68127E-02, -2.54056E-02, -2.40771E-02, -2.28237E-02, -2.16418E-02, -2.05277E-02,NA,NA,NA,NA,NA,NA,
NA,NA,NA,NA,NA,NA,NA,NA, -2.00966E-02, -2.11384E-02, -2.22451E-02, -2.34206E-02, -2.46687E-02, -2.59931E-02, -2.73973E-02, -2.88847E-02, -3.04582E-02, -3.21202E-02, -3.38723E-02, -3.57152E-02, -3.76485E-02, -3.96700E-02, -4.17759E-02, -4.39604E-02, -4.62151E-02, -4.85288E-02, -5.08872E-02, -5.32727E-02, -5.56643E-02, -5.80374E-02, -6.03641E-02, -6.26135E-02, -6.47522E-02, -6.67452E-02, -6.85572E-02,NA,NA,NA,NA,NA,NA,NA,NA,NA,NA, -6.98935E-02, -6.82886E-02, -6.64860E-02, -6.45195E-02, -6.24228E-02, -6.02283E-02, -5.79665E-02, -5.56650E-02, -5.33485E-02, -5.10386E-02, -4.87536E-02, -4.65088E-02, -4.43165E-02, -4.21865E-02, -4.01262E-02, -3.81411E-02, -3.62348E-02, -3.44093E-02, -3.26658E-02, -3.10039E-02, -2.94229E-02, -2.79211E-02, -2.64964E-02, -2.51465E-02, -2.38685E-02, -2.26596E-02, -2.15167E-02,NA,NA,NA,NA,NA,NA,NA,
NA,NA,NA,NA,NA,NA,NA,NA, -1.99967E-02, -2.10073E-02, -2.20782E-02, -2.32125E-02, -2.44135E-02, -2.56840E-02, -2.70269E-02, -2.84447E-02, -2.99393E-02, -3.15124E-02, -3.31645E-02, -3.48955E-02, -3.67041E-02, -3.85873E-02, -4.05410E-02, -4.25587E-02, -4.46319E-02, -4.67499E-02, -4.88991E-02, -5.10632E-02, -5.32231E-02, -5.53569E-02, -5.74401E-02, -5.94459E-02, -6.13457E-02, -6.31099E-02, -6.47090E-02, -6.61140E-02, -6.72984E-02, -6.82387E-02, -6.89160E-02, -6.93166E-02, -6.94326E-02, -6.92629E-02, -6.88126E-02, -6.80929E-02, -6.71205E-02, -6.59165E-02, -6.45057E-02, -6.29152E-02, -6.11731E-02, -5.93079E-02, -5.73473E-02, -5.53177E-02, -5.32432E-02, -5.11458E-02, -4.90451E-02, -4.69579E-02, -4.48984E-02, -4.28786E-02, -4.09081E-02, -3.89945E-02, -3.71435E-02, -3.53592E-02, -3.36446E-02, -3.20010E-02, -3.04293E-02, -2.89292E-02, -2.74998E-02, -2.61399E-02, -2.48476E-02, -2.36209E-02, -2.24574E-02, -2.13548E-02,NA,NA,NA,NA,NA,NA,NA,
NA,NA,NA,NA,NA,NA,NA,NA,NA, -2.08416E-02, -2.18752E-02, -2.29673E-02, -2.41202E-02, -2.53363E-02, -2.66178E-02, -2.79664E-02, -2.93833E-02, -3.08694E-02, -3.24245E-02, -3.40479E-02, -3.57374E-02, -3.74897E-02, -3.93002E-02, -4.11623E-02, -4.30677E-02, -4.50059E-02, -4.69644E-02, -4.89282E-02, -5.08800E-02, -5.28005E-02, -5.46680E-02, -5.64594E-02, -5.81502E-02, -5.97155E-02, -6.11301E-02, -6.23703E-02, -6.34140E-02, -6.42418E-02, -6.48382E-02, -6.51920E-02, -6.52968E-02, -6.51515E-02, -6.47602E-02, -6.41320E-02, -6.32804E-02, -6.22227E-02, -6.09793E-02, -5.95726E-02, -5.80263E-02, -5.63644E-02, -5.46105E-02, -5.27875E-02, -5.09164E-02, -4.90168E-02, -4.71062E-02, -4.52000E-02, -4.33115E-02, -4.14518E-02, -3.96305E-02, -3.78548E-02, -3.61309E-02, -3.44631E-02, -3.28548E-02, -3.13080E-02, -2.98239E-02, -2.84030E-02, -2.70450E-02, -2.57492E-02, -2.45145E-02, -2.33393E-02, -2.22218E-02,NA,NA,NA,NA,NA,NA,NA,NA,
NA,NA,NA,NA,NA,NA,NA,NA,NA,NA, -2.16407E-02, -2.26898E-02, -2.37943E-02, -2.49561E-02, -2.61766E-02, -2.74570E-02, -2.87980E-02, -3.01997E-02, -3.16615E-02, -3.31818E-02, -3.47583E-02, -3.63873E-02, -3.80639E-02, -3.97815E-02, -4.15321E-02, -4.33058E-02, -4.50909E-02, -4.68739E-02, -4.86391E-02, -5.03694E-02, -5.20460E-02, -5.36487E-02, -5.51566E-02, -5.65485E-02, -5.78033E-02, -5.89011E-02, -5.98234E-02, -6.05545E-02, -6.10814E-02, -6.13948E-02, -6.14896E-02, -6.13647E-02, -6.10234E-02, -6.04732E-02, -5.97249E-02, -5.87930E-02, -5.76942E-02, -5.64471E-02, -5.50718E-02, -5.35883E-02, -5.20171E-02, -5.03777E-02, -4.86887E-02, -4.69673E-02, -4.52291E-02, -4.34881E-02, -4.17566E-02, -4.00451E-02, -3.83625E-02, -3.67162E-02, -3.51121E-02, -3.35548E-02, -3.20480E-02, -3.05941E-02, -2.91947E-02, -2.78509E-02, -2.65627E-02, -2.53301E-02, -2.41523E-02, -2.30284E-02,NA,NA,NA,NA,NA,NA,NA,NA,NA,
NA,NA,NA,NA,NA,NA,NA,NA,NA,NA, -2.13786E-02, -2.23846E-02, -2.34409E-02, -2.45488E-02, -2.57093E-02, -2.69232E-02, -2.81904E-02, -2.95108E-02, -3.08831E-02, -3.23055E-02, -3.37753E-02, -3.52886E-02, -3.68403E-02, -3.84242E-02, -4.00325E-02, -4.16560E-02, -4.32839E-02, -4.49038E-02, -4.65018E-02, -4.80628E-02, -4.95702E-02, -5.10067E-02, -5.23543E-02, -5.35949E-02, -5.47108E-02, -5.56852E-02, -5.65028E-02, -5.71504E-02, -5.76173E-02, -5.78958E-02, -5.79816E-02, -5.78738E-02, -5.75751E-02, -5.70915E-02, -5.64320E-02, -5.56085E-02, -5.46348E-02, -5.35266E-02, -5.23006E-02, -5.09740E-02, -4.95642E-02, -4.80881E-02, -4.65618E-02, -4.50006E-02, -4.34185E-02, -4.18280E-02, -4.02404E-02, -3.86655E-02, -3.71116E-02, -3.55860E-02, -3.40944E-02, -3.26416E-02, -3.12312E-02, -2.98661E-02, -2.85481E-02, -2.72787E-02, -2.60585E-02, -2.48876E-02, -2.37658E-02, -2.26925E-02,NA,NA,NA,NA,NA,NA,NA,NA,NA,
NA,NA,NA,NA,NA,NA,NA,NA,NA,NA,NA, -2.20559E-02, -2.30644E-02, -2.41194E-02, -2.52213E-02, -2.63705E-02, -2.75666E-02, -2.88090E-02, -3.00961E-02, -3.14259E-02, -3.27953E-02, -3.42004E-02, -3.56362E-02, -3.70967E-02, -3.85745E-02, -4.00610E-02, -4.15463E-02, -4.30194E-02, -4.44676E-02, -4.58778E-02, -4.72353E-02, -4.85253E-02, -4.97321E-02, -5.08405E-02, -5.18355E-02, -5.27027E-02, -5.34296E-02, -5.40049E-02, -5.44199E-02, -5.46681E-02, -5.47459E-02, -5.46525E-02, -5.43901E-02, -5.39636E-02, -5.33806E-02, -5.26507E-02, -5.17855E-02, -5.07983E-02, -4.97030E-02, -4.85144E-02, -4.72473E-02, -4.59163E-02, -4.45355E-02, -4.31183E-02, -4.16773E-02, -4.02236E-02, -3.87676E-02, -3.73183E-02, -3.58837E-02, -3.44703E-02, -3.30840E-02, -3.17294E-02, -3.04103E-02, -2.91296E-02, -2.78896E-02, -2.66918E-02, -2.55372E-02, -2.44263E-02, -2.33593E-02,NA,NA,NA,NA,NA,NA,NA,NA,NA,NA,
NA,NA,NA,NA,NA,NA,NA,NA,NA,NA,NA,NA, -2.26692E-02, -2.36724E-02, -2.47174E-02, -2.58042E-02, -2.69320E-02, -2.80999E-02, -2.93062E-02, -3.05486E-02, -3.18239E-02, -3.31282E-02, -3.44567E-02, -3.58035E-02, -3.71618E-02, -3.85236E-02, -3.98799E-02, -4.12207E-02, -4.25349E-02, -4.38106E-02, -4.50352E-02, -4.61958E-02, -4.72789E-02, -4.82715E-02, -4.91608E-02, -4.99348E-02, -5.05828E-02, -5.10954E-02, -5.14653E-02, -5.16871E-02, -5.17577E-02, -5.16765E-02, -5.14452E-02, -5.10679E-02, -5.05508E-02, -4.99020E-02, -4.91313E-02, -4.82497E-02, -4.72690E-02, -4.62019E-02, -4.50610E-02, -4.38590E-02, -4.26083E-02, -4.13206E-02, -4.00069E-02, -3.86775E-02, -3.73417E-02, -3.60078E-02, -3.46831E-02, -3.33739E-02, -3.20859E-02, -3.08234E-02, -2.95904E-02, -2.83898E-02, -2.72240E-02, -2.60948E-02, -2.50033E-02, -2.39505E-02,NA,NA,NA,NA,NA,NA,NA,NA,NA,NA,NA,
NA,NA,NA,NA,NA,NA,NA,NA,NA,NA,NA,NA,NA, -2.32119E-02, -2.42019E-02, -2.52287E-02, -2.62912E-02, -2.73884E-02, -2.85183E-02, -2.96785E-02, -3.08659E-02, -3.20765E-02, -3.33057E-02, -3.45480E-02, -3.57970E-02, -3.70454E-02, -3.82849E-02, -3.95066E-02, -4.07006E-02, -4.18565E-02, -4.29631E-02, -4.40093E-02, -4.49835E-02, -4.58745E-02, -4.66713E-02, -4.73639E-02, -4.79431E-02, -4.84011E-02, -4.87317E-02, -4.89304E-02, -4.89946E-02, -4.89237E-02, -4.87192E-02, -4.83843E-02, -4.79244E-02, -4.73461E-02, -4.66576E-02, -4.58684E-02, -4.49884E-02, -4.40284E-02, -4.29994E-02, -4.19122E-02, -4.07778E-02, -3.96063E-02, -3.84077E-02, -3.71911E-02, -3.59649E-02, -3.47367E-02, -3.35133E-02, -3.23007E-02, -3.11041E-02, -2.99279E-02, -2.87757E-02, -2.76508E-02, -2.65555E-02, -2.54917E-02, -2.44608E-02,NA,NA,NA,NA,NA,NA,NA,NA,NA,NA,NA,NA,
NA,NA,NA,NA,NA,NA,NA,NA,NA,NA,NA,NA,NA,NA, -2.36786E-02, -2.46478E-02, -2.56483E-02, -2.66784E-02, -2.77363E-02, -2.88195E-02, -2.99248E-02, -3.10485E-02, -3.21861E-02, -3.33325E-02, -3.44816E-02, -3.56268E-02, -3.67608E-02, -3.78752E-02, -3.89615E-02, -4.00104E-02, -4.10122E-02, -4.19570E-02, -4.28351E-02, -4.36366E-02, -4.43523E-02, -4.49736E-02, -4.54927E-02, -4.59031E-02, -4.61994E-02, -4.63778E-02, -4.64363E-02, -4.63741E-02, -4.61926E-02, -4.58945E-02, -4.54842E-02, -4.49674E-02, -4.43509E-02, -4.36426E-02, -4.28512E-02, -4.19859E-02, -4.10560E-02, -4.00712E-02, -3.90407E-02, -3.79737E-02, -3.68790E-02, -3.57647E-02, -3.46384E-02, -3.35070E-02, -3.23769E-02, -3.12535E-02, -3.01419E-02, -2.90461E-02, -2.79699E-02, -2.69162E-02, -2.58876E-02, -2.48860E-02,NA,NA,NA,NA,NA,NA,NA,NA,NA,NA,NA,NA,NA,
NA,NA,NA,NA,NA,NA,NA,NA,NA,NA,NA,NA,NA,NA,NA, -2.40651E-02, -2.50066E-02, -2.59734E-02, -2.69636E-02, -2.79747E-02, -2.90037E-02, -3.00468E-02, -3.11000E-02, -3.21583E-02, -3.32163E-02, -3.42678E-02, -3.53061E-02, -3.63240E-02, -3.73136E-02, -3.82669E-02, -3.91753E-02, -4.00303E-02, -4.08234E-02, -4.15460E-02, -4.21904E-02, -4.27491E-02, -4.32156E-02, -4.35842E-02, -4.38504E-02, -4.40111E-02, -4.40643E-02, -4.40096E-02, -4.38481E-02, -4.35819E-02, -4.32148E-02, -4.27516E-02, -4.21981E-02, -4.15611E-02, -4.08478E-02, -4.00663E-02, -3.92245E-02, -3.83308E-02, -3.73935E-02, -3.64205E-02, -3.54195E-02, -3.43980E-02, -3.33627E-02, -3.23200E-02, -3.12755E-02, -3.02346E-02, -2.92017E-02, -2.81810E-02, -2.71758E-02, -2.61891E-02, -2.52235E-02,NA,NA,NA,NA,NA,NA,NA,NA,NA,NA,NA,NA,NA,NA,
NA,NA,NA,NA,NA,NA,NA,NA,NA,NA,NA,NA,NA,NA,NA,NA, -2.43689E-02, -2.52761E-02, -2.62028E-02, -2.71467E-02, -2.81046E-02, -2.90733E-02, -3.00487E-02, -3.10262E-02, -3.20010E-02, -3.29673E-02, -3.39191E-02, -3.48499E-02, -3.57528E-02, -3.66205E-02, -3.74457E-02, -3.82209E-02, -3.89386E-02, -3.95916E-02, -4.01731E-02, -4.06767E-02, -4.10969E-02, -4.14287E-02, -4.16685E-02, -4.18135E-02, -4.18621E-02, -4.18138E-02, -4.16696E-02, -4.14313E-02, -4.11020E-02, -4.06858E-02, -4.01876E-02, -3.96133E-02, -3.89691E-02, -3.82618E-02, -3.74984E-02, -3.66861E-02, -3.58322E-02, -3.49437E-02, -3.40275E-02, -3.30901E-02, -3.21377E-02, -3.11760E-02, -3.02104E-02, -2.92454E-02, -2.82856E-02, -2.73346E-02, -2.63957E-02, -2.54720E-02,NA,NA,NA,NA,NA,NA,NA,NA,NA,NA,NA,NA,NA,NA,NA,
NA,NA,NA,NA,NA,NA,NA,NA,NA,NA,NA,NA,NA,NA,NA,NA,NA, -2.45889E-02, -2.54562E-02, -2.63373E-02, -2.72294E-02, -2.81292E-02, -2.90329E-02, -2.99365E-02, -3.08353E-02, -3.17241E-02, -3.25976E-02, -3.34498E-02, -3.42747E-02, -3.50659E-02, -3.58167E-02, -3.65208E-02, -3.71717E-02, -3.77630E-02, -3.82888E-02, -3.87439E-02, -3.91232E-02, -3.94227E-02, -3.96392E-02, -3.97704E-02, -3.98147E-02, -3.97720E-02, -3.96428E-02, -3.94288E-02, -3.91326E-02, -3.87577E-02, -3.83083E-02, -3.77894E-02, -3.72063E-02, -3.65649E-02, -3.58713E-02, -3.51319E-02, -3.43528E-02, -3.35405E-02, -3.27008E-02, -3.18398E-02, -3.09629E-02, -3.00753E-02, -2.91819E-02, -2.82871E-02, -2.73948E-02, -2.65086E-02, -2.56317E-02,NA,NA,NA,NA,NA,NA,NA,NA,NA,NA,NA,NA,NA,NA,NA,NA,
NA,NA,NA,NA,NA,NA,NA,NA,NA,NA,NA,NA,NA,NA,NA,NA,NA,NA, -2.47253E-02, -2.55480E-02, -2.63790E-02, -2.72152E-02, -2.80531E-02, -2.88888E-02, -2.97182E-02, -3.05366E-02, -3.13391E-02, -3.21204E-02, -3.28751E-02, -3.35976E-02, -3.42820E-02, -3.49227E-02, -3.55140E-02, -3.60505E-02, -3.65271E-02, -3.69391E-02, -3.72824E-02, -3.75534E-02, -3.77493E-02, -3.78682E-02, -3.79087E-02, -3.78707E-02, -3.77547E-02, -3.75620E-02, -3.72949E-02, -3.69564E-02, -3.65501E-02, -3.60802E-02, -3.55513E-02, -3.49686E-02, -3.43373E-02, -3.36630E-02, -3.29512E-02, -3.22074E-02, -3.14371E-02, -3.06453E-02, -2.98372E-02, -2.90174E-02, -2.81904E-02, -2.73601E-02, -2.65303E-02, -2.57043E-02,NA,NA,NA,NA,NA,NA,NA,NA,NA,NA,NA,NA,NA,NA,NA,NA,NA,
