NA,NA,NA,NA,NA,NA,NA,NA,NA,NA,NA,NA,NA,NA,NA,NA,NA,NA,NA,NA,NA,NA,NA,  7.68307E-03,  7.61530E-03,  7.54012E-03,  7.45747E-03,  7.36734E-03,  7.26970E-03,  7.16455E-03,  7.05187E-03,  6.93171E-03,  6.80408E-03,  6.66904E-03,  6.52667E-03,  6.37705E-03,  6.22029E-03,  6.05651E-03,  5.88585E-03,  5.70846E-03,  5.52450E-03,  5.33413E-03,  5.13752E-03,  4.93483E-03,  4.72622E-03,  4.51184E-03,  4.29187E-03,  4.06647E-03,  3.83581E-03,  3.60008E-03,  3.35950E-03,  3.11431E-03,  2.86481E-03,  2.61133E-03,  2.35425E-03,  2.09401E-03,NA,NA,NA,NA,NA,NA,NA,NA,NA,NA,NA,NA,NA,NA,NA,NA,NA,NA,NA,NA,NA,NA,NA,NA,NA,NA,NA,NA,NA,NA,NA,NA,
NA,NA,NA,NA,NA,NA,NA,NA,NA,NA,NA,NA,NA,NA,NA,NA,NA,NA,NA,NA,NA,  8.06903E-03,  8.01538E-03,  7.95404E-03,  7.88496E-03,  7.80806E-03,  7.72332E-03,  7.63070E-03,  7.53017E-03,  7.42174E-03,  7.30541E-03,  7.18119E-03,  7.04914E-03,  6.90930E-03,  6.76175E-03,  6.60660E-03,  6.44396E-03,  6.27398E-03,  6.09682E-03,  5.91264E-03,  5.72162E-03,  5.52395E-03,  5.31979E-03,  5.10933E-03,  4.89272E-03,  4.67012E-03,  4.44167E-03,  4.20752E-03,  3.96783E-03,  3.72275E-03,  3.47248E-03,  3.21724E-03,  2.95731E-03,  2.69302E-03,  2.42474E-03,  2.15292E-03,  1.87808E-03,  1.60081E-03,NA,NA,NA,NA,NA,NA,NA,NA,NA,NA,NA,NA,NA,NA,NA,NA,NA,NA,NA,NA,NA,NA,NA,NA,NA,NA,NA,NA,NA,NA,
NA,NA,NA,NA,NA,NA,NA,NA,NA,NA,NA,NA,NA,NA,NA,NA,NA,NA,NA,  8.43791E-03,  8.39964E-03,  8.35344E-03,  8.29922E-03,  8.23688E-03,  8.16636E-03,  8.08763E-03,  8.00062E-03,  7.90532E-03,  7.80171E-03,  7.68978E-03,  7.56953E-03,  7.44100E-03,  7.30422E-03,  7.15925E-03,  7.00618E-03,  6.84513E-03,  6.67624E-03,  6.49967E-03,  6.31559E-03,  6.12422E-03,  5.92575E-03,  5.72040E-03,  5.50834E-03,  5.28978E-03,  5.06486E-03,  4.83374E-03,  4.59654E-03,  4.35339E-03,  4.10440E-03,  3.84970E-03,  3.58945E-03,  3.32383E-03,  3.05310E-03,  2.77756E-03,  2.49759E-03,  2.21365E-03,  1.92627E-03,  1.63609E-03,  1.34377E-03,  1.05009E-03,NA,NA,NA,NA,NA,NA,NA,NA,NA,NA,NA,NA,NA,NA,NA,NA,NA,NA,NA,NA,NA,NA,NA,NA,NA,NA,NA,NA,
NA,NA,NA,NA,NA,NA,NA,NA,NA,NA,NA,NA,NA,NA,NA,NA,NA,  8.78619E-03,  8.76462E-03,  8.73491E-03,  8.69693E-03,  8.65056E-03,  8.59569E-03,  8.53224E-03,  8.46017E-03,  8.37943E-03,  8.28998E-03,  8.19180E-03,  8.08487E-03,  7.96919E-03,  7.84476E-03,  7.71161E-03,  7.56978E-03,  7.41933E-03,  7.26036E-03,  7.09301E-03,  6.91742E-03,  6.73381E-03,  6.54237E-03,  6.34335E-03,  6.13699E-03,  5.92353E-03,  5.70318E-03,  5.47615E-03,  5.24260E-03,  5.00267E-03,  4.75647E-03,  4.50407E-03,  4.24555E-03,  3.98099E-03,  3.71050E-03,  3.43420E-03,  3.15231E-03,  2.86511E-03,  2.57295E-03,  2.27632E-03,  1.97576E-03,  1.67193E-03,  1.36560E-03,  1.05757E-03,  7.48757E-04,  4.40100E-04,NA,NA,NA,NA,NA,NA,NA,NA,NA,NA,NA,NA,NA,NA,NA,NA,NA,NA,NA,NA,NA,NA,NA,NA,NA,NA,
NA,NA,NA,NA,NA,NA,NA,NA,NA,NA,NA,NA,NA,NA,NA,NA,  9.10645E-03,  9.09465E-03,  9.07438E-03,  9.04548E-03,  9.00778E-03,  8.96117E-03,  8.90556E-03,  8.84089E-03,  8.76711E-03,  8.68418E-03,  8.59208E-03,  8.49080E-03,  8.38031E-03,  8.26061E-03,  8.13171E-03,  7.99362E-03,  7.84638E-03,  7.69006E-03,  7.52477E-03,  7.35065E-03,  7.16790E-03,  6.97673E-03,  6.77741E-03,  6.57022E-03,  6.35546E-03,  6.13341E-03,  5.90433E-03,  5.66844E-03,  5.42592E-03,  5.17689E-03,  4.92144E-03,  4.65958E-03,  4.39134E-03,  4.11673E-03,  3.83576E-03,  3.54851E-03,  3.25513E-03,  2.95586E-03,  2.65103E-03,  2.34110E-03,  2.02667E-03,  1.70844E-03,  1.38722E-03,  1.06393E-03,  7.39560E-04,  4.15175E-04,  9.18713E-05,NA,NA,NA,NA,NA,NA,NA,NA,NA,NA,NA,NA,NA,NA,NA,NA,NA,NA,NA,NA,NA,NA,NA,NA,NA,
NA,NA,NA,NA,NA,NA,NA,NA,NA,NA,NA,NA,NA,NA,  9.42091E-03,  9.42838E-03,  9.42732E-03,  9.41747E-03,  9.39859E-03,  9.37051E-03,  9.33307E-03,  9.28616E-03,  9.22971E-03,  9.16367E-03,  9.08800E-03,  9.00269E-03,  8.90773E-03,  8.80310E-03,  8.68879E-03,  8.56480E-03,  8.43112E-03,  8.28776E-03,  8.13475E-03,  7.97215E-03,  7.80008E-03,  7.61870E-03,  7.42822E-03,  7.22892E-03,  7.02111E-03,  6.80515E-03,  6.58141E-03,  6.35021E-03,  6.11190E-03,  5.86672E-03,  5.61486E-03,  5.35645E-03,  5.09151E-03,  4.82001E-03,  4.54190E-03,  4.25707E-03,  3.96545E-03,  3.66703E-03,  3.36186E-03,  3.05012E-03,  2.73211E-03,  2.40828E-03,  2.07925E-03,  1.74576E-03,  1.40871E-03,  1.06913E-03,  7.28112E-04,  3.86860E-04,  4.66096E-05, -2.91382E-04, -6.25861E-04,NA,NA,NA,NA,NA,NA,NA,NA,NA,NA,NA,NA,NA,NA,NA,NA,NA,NA,NA,NA,NA,NA,NA,
NA,NA,NA,NA,NA,NA,NA,NA,NA,NA,NA,NA,NA,  9.73147E-03,  9.75100E-03,  9.76176E-03,  9.76342E-03,  9.75568E-03,  9.73829E-03,  9.71106E-03,  9.67386E-03,  9.62658E-03,  9.56916E-03,  9.50158E-03,  9.42383E-03,  9.33592E-03,  9.23786E-03,  9.12965E-03,  9.01127E-03,  8.88271E-03,  8.74396E-03,  8.59500E-03,  8.43585E-03,  8.26655E-03,  8.08722E-03,  7.89802E-03,  7.69922E-03,  7.49113E-03,  7.27414E-03,  7.04871E-03,  6.81528E-03,  6.57430E-03,  6.32616E-03,  6.07118E-03,  5.80959E-03,  5.54148E-03,  5.26684E-03,  4.98556E-03,  4.69746E-03,  4.40233E-03,  4.09995E-03,  3.79017E-03,  3.47294E-03,  3.14835E-03,  2.81665E-03,  2.47826E-03,  2.13383E-03,  1.78415E-03,  1.43023E-03,  1.07320E-03,  7.14303E-04,  3.54903E-04, -3.60150E-06, -3.59785E-04, -7.12232E-04, -1.05956E-03,NA,NA,NA,NA,NA,NA,NA,NA,NA,NA,NA,NA,NA,NA,NA,NA,NA,NA,NA,NA,NA,NA,
NA,NA,NA,NA,NA,NA,NA,NA,NA,NA,NA,NA,  1.00404E-02,  1.00732E-02,  1.00969E-02,  1.01113E-02,  1.01159E-02,  1.01105E-02,  1.00947E-02,  1.00684E-02,  1.00314E-02,  9.98361E-03,  9.92508E-03,  9.85579E-03,  9.77576E-03,  9.68503E-03,  9.58364E-03,  9.47161E-03,  9.34893E-03,  9.21557E-03,  9.07150E-03,  8.91666E-03,  8.75103E-03,  8.57462E-03,  8.38754E-03,  8.18996E-03,  7.98216E-03,  7.76454E-03,  7.53757E-03,  7.30183E-03,  7.05789E-03,  6.80633E-03,  6.54768E-03,  6.28232E-03,  6.01052E-03,  5.73238E-03,  5.44783E-03,  5.15665E-03,  4.85852E-03,  4.55305E-03,  4.23985E-03,  3.91860E-03,  3.58908E-03,  3.25126E-03,  2.90532E-03,  2.55166E-03,  2.19094E-03,  1.82403E-03,  1.45204E-03,  1.07624E-03,  6.98076E-04,  3.19070E-04, -5.91729E-05, -4.35028E-04, -8.06888E-04, -1.17319E-03, -1.53246E-03,NA,NA,NA,NA,NA,NA,NA,NA,NA,NA,NA,NA,NA,NA,NA,NA,NA,NA,NA,NA,NA,
NA,NA,NA,NA,NA,NA,NA,NA,NA,NA,NA,  1.03463E-02,  1.03934E-02,  1.04315E-02,  1.04599E-02,  1.04783E-02,  1.04862E-02,  1.04833E-02,  1.04692E-02,  1.04438E-02,  1.04070E-02,  1.03587E-02,  1.02989E-02,  1.02277E-02,  1.01452E-02,  1.00514E-02,  9.94651E-03,  9.83047E-03,  9.70332E-03,  9.56500E-03,  9.41543E-03,  9.25452E-03,  9.08216E-03,  8.89832E-03,  8.70304E-03,  8.49649E-03,  8.27899E-03,  8.05099E-03,  7.81311E-03,  7.56607E-03,  7.31062E-03,  7.04754E-03,  6.77749E-03,  6.50102E-03,  6.21846E-03,  5.92991E-03,  5.63524E-03,  5.33408E-03,  5.02593E-03,  4.71016E-03,  4.38616E-03,  4.05335E-03,  3.71132E-03,  3.35989E-03,  2.99912E-03,  2.62939E-03,  2.25136E-03,  1.86601E-03,  1.47457E-03,  1.07850E-03,  6.79439E-04,  2.79151E-04, -1.20528E-04, -5.17741E-04, -9.10652E-04, -1.29750E-03, -1.67660E-03, -2.04642E-03,NA,NA,NA,NA,NA,NA,NA,NA,NA,NA,NA,NA,NA,NA,NA,NA,NA,NA,NA,NA,
NA,NA,NA,NA,NA,NA,NA,NA,NA,NA,  1.06475E-02,  1.07102E-02,  1.07638E-02,  1.08078E-02,  1.08415E-02,  1.08643E-02,  1.08759E-02,  1.08757E-02,  1.08636E-02,  1.08392E-02,  1.08026E-02,  1.07536E-02,  1.06924E-02,  1.06191E-02,  1.05339E-02,  1.04369E-02,  1.03283E-02,  1.02082E-02,  1.00765E-02,  9.93319E-03,  9.77812E-03,  9.61110E-03,  9.43192E-03,  9.24044E-03,  9.03662E-03,  8.82058E-03,  8.59264E-03,  8.35336E-03,  8.10348E-03,  7.84395E-03,  7.57576E-03,  7.29995E-03,  7.01744E-03,  6.72895E-03,  6.43493E-03,  6.13551E-03,  5.83045E-03,  5.51925E-03,  5.20113E-03,  4.87517E-03,  4.54042E-03,  4.19602E-03,  3.84129E-03,  3.47581E-03,  3.09953E-03,  2.71277E-03,  2.31624E-03,  1.91101E-03,  1.49849E-03,  1.08035E-03,  6.58506E-04,  2.34981E-04, -1.88101E-04, -6.08606E-04, -1.02444E-03, -1.43359E-03, -1.83417E-03, -2.22446E-03, -2.60291E-03,NA,NA,NA,NA,NA,NA,NA,NA,NA,NA,NA,NA,NA,NA,NA,NA,NA,NA,NA,
NA,NA,NA,NA,NA,NA,NA,NA,NA,  1.09420E-02,  1.10214E-02,  1.10920E-02,  1.11530E-02,  1.12036E-02,  1.12432E-02,  1.12711E-02,  1.12868E-02,  1.12898E-02,  1.12798E-02,  1.12566E-02,  1.12201E-02,  1.11704E-02,  1.11077E-02,  1.10322E-02,  1.09441E-02,  1.08438E-02,  1.07315E-02,  1.06072E-02,  1.04712E-02,  1.03231E-02,  1.01628E-02,  9.98993E-03,  9.80414E-03,  9.60508E-03,  9.39256E-03,  9.16661E-03,  8.92755E-03,  8.67599E-03,  8.41288E-03,  8.13942E-03,  7.85697E-03,  7.56693E-03,  7.27055E-03,  6.96886E-03,  6.66248E-03,  6.35157E-03,  6.03582E-03,  5.71449E-03,  5.38648E-03,  5.05048E-03,  4.70510E-03,  4.34908E-03,  3.98137E-03,  3.60131E-03,  3.20867E-03,  2.80372E-03,  2.38720E-03,  1.96034E-03,  1.52475E-03,  1.08241E-03,  6.35521E-04,  1.86454E-04, -2.62330E-04, -7.08370E-04, -1.14926E-03, -1.58273E-03, -2.00664E-03, -2.41907E-03, -2.81829E-03, -3.20282E-03,NA,NA,NA,NA,NA,NA,NA,NA,NA,NA,NA,NA,NA,NA,NA,NA,NA,NA,
NA,NA,NA,NA,NA,NA,NA,NA,  1.12278E-02,  1.13250E-02,  1.14138E-02,  1.14933E-02,  1.15626E-02,  1.16208E-02,  1.16671E-02,  1.17007E-02,  1.17211E-02,  1.17278E-02,  1.17203E-02,  1.16985E-02,  1.16623E-02,  1.16119E-02,  1.15475E-02,  1.14697E-02,  1.13787E-02,  1.12750E-02,  1.11591E-02,  1.10311E-02,  1.08910E-02,  1.07388E-02,  1.05739E-02,  1.03960E-02,  1.02042E-02,  9.99806E-03,  9.77707E-03,  9.54107E-03,  9.29030E-03,  9.02545E-03,  8.74769E-03,  8.45859E-03,  8.15997E-03,  7.85374E-03,  7.54169E-03,  7.22523E-03,  6.90526E-03,  6.58205E-03,  6.25517E-03,  5.92358E-03,  5.58575E-03,  5.23985E-03,  4.88393E-03,  4.51619E-03,  4.13513E-03,  3.73975E-03,  3.32962E-03,  2.90494E-03,  2.46655E-03,  2.01585E-03,  1.55475E-03,  1.08557E-03,  6.10909E-04,  1.33545E-04, -3.43657E-04, -8.17852E-04, -1.28629E-03, -1.74636E-03, -2.19568E-03, -2.63210E-03, -3.05372E-03, -3.45892E-03, -3.84635E-03,NA,NA,NA,NA,NA,NA,NA,NA,NA,NA,NA,NA,NA,NA,NA,NA,NA,
NA,NA,NA,NA,NA,NA,NA,  1.15026E-02,  1.16186E-02,  1.17269E-02,  1.18263E-02,  1.19158E-02,  1.19945E-02,  1.20614E-02,  1.21154E-02,  1.21558E-02,  1.21817E-02,  1.21927E-02,  1.21882E-02,  1.21681E-02,  1.21324E-02,  1.20813E-02,  1.20154E-02,  1.19352E-02,  1.18413E-02,  1.17345E-02,  1.16153E-02,  1.14841E-02,  1.13410E-02,  1.11857E-02,  1.10177E-02,  1.08360E-02,  1.06398E-02,  1.04277E-02,  1.01991E-02,  9.95338E-03,  9.69060E-03,  9.41151E-03,  9.11752E-03,  8.81069E-03,  8.49349E-03,  8.16858E-03,  7.83844E-03,  7.50511E-03,  7.16989E-03,  6.83321E-03,  6.49452E-03,  6.15241E-03,  5.80477E-03,  5.44905E-03,  5.08257E-03,  4.70284E-03,  4.30778E-03,  3.89597E-03,  3.46675E-03,  3.02028E-03,  2.55751E-03,  2.08012E-03,  1.59040E-03,  1.09110E-03,  5.85321E-04,  7.63278E-05, -4.32532E-04, -9.37963E-04, -1.43681E-03, -1.92612E-03, -2.40322E-03, -2.86570E-03, -3.31150E-03, -3.73886E-03, -4.14635E-03, -4.53286E-03,NA,NA,NA,NA,NA,NA,NA,NA,NA,NA,NA,NA,NA,NA,NA,NA,
NA,NA,NA,NA,NA,NA,  1.17642E-02,  1.18997E-02,  1.20283E-02,  1.21489E-02,  1.22603E-02,  1.23614E-02,  1.24510E-02,  1.25279E-02,  1.25910E-02,  1.26392E-02,  1.26718E-02,  1.26880E-02,  1.26872E-02,  1.26694E-02,  1.26346E-02,  1.25832E-02,  1.25159E-02,  1.24334E-02,  1.23370E-02,  1.22274E-02,  1.21057E-02,  1.19725E-02,  1.18278E-02,  1.16715E-02,  1.15026E-02,  1.13198E-02,  1.11215E-02,  1.09059E-02,  1.06715E-02,  1.04172E-02,  1.01426E-02,  9.84851E-03,  9.53661E-03,  9.20957E-03,  8.87077E-03,  8.52387E-03,  8.17243E-03,  7.81936E-03,  7.46659E-03,  7.11478E-03,  6.76326E-03,  6.41012E-03,  6.05245E-03,  5.68679E-03,  5.30948E-03,  4.91711E-03,  4.50690E-03,  4.07692E-03,  3.62626E-03,  3.15508E-03,  2.66454E-03,  2.15669E-03,  1.63431E-03,  1.10075E-03,  5.59684E-04,  1.49916E-05, -5.29418E-04, -1.06974E-03, -1.60235E-03, -2.12392E-03, -2.63146E-03, -3.12232E-03, -3.59426E-03, -4.04538E-03, -4.47421E-03, -4.87959E-03, -5.26071E-03,NA,NA,NA,NA,NA,NA,NA,NA,NA,NA,NA,NA,NA,NA,NA,
NA,NA,NA,NA,NA,  1.20103E-02,  1.21658E-02,  1.23155E-02,  1.24582E-02,  1.25928E-02,  1.27179E-02,  1.28322E-02,  1.29344E-02,  1.30231E-02,  1.30969E-02,  1.31547E-02,  1.31954E-02,  1.32181E-02,  1.32222E-02,  1.32076E-02,  1.31744E-02,  1.31231E-02,  1.30548E-02,  1.29706E-02,  1.28721E-02,  1.27607E-02,  1.26378E-02,  1.25043E-02,  1.23606E-02,  1.22063E-02,  1.20403E-02,  1.18605E-02,  1.16645E-02,  1.14494E-02,  1.12126E-02,  1.09521E-02,  1.06669E-02,  1.03575E-02,  1.00260E-02,  9.67579E-03,  9.31154E-03,  8.93836E-03,  8.56129E-03,  8.18455E-03,  7.81099E-03,  7.44165E-03,  7.07570E-03,  6.71055E-03,  6.34226E-03,  5.96610E-03,  5.57712E-03,  5.17078E-03,  4.74339E-03,  4.29245E-03,  3.81682E-03,  3.31673E-03,  2.79370E-03,  2.25030E-03,  1.68999E-03,  1.11683E-03,  5.35258E-04, -5.01482E-05, -6.34818E-04, -1.21436E-03, -1.78466E-03, -2.34198E-03, -2.88298E-03, -3.40480E-03, -3.90500E-03, -4.38162E-03, -4.83310E-03, -5.25831E-03, -5.65650E-03, -6.02724E-03,NA,NA,NA,NA,NA,NA,NA,NA,NA,NA,NA,NA,NA,NA,
NA,NA,NA,NA,NA,  1.24145E-02,  1.25856E-02,  1.27511E-02,  1.29097E-02,  1.30602E-02,  1.32010E-02,  1.33307E-02,  1.34477E-02,  1.35504E-02,  1.36372E-02,  1.37066E-02,  1.37574E-02,  1.37885E-02,  1.37992E-02,  1.37891E-02,  1.37587E-02,  1.37086E-02,  1.36401E-02,  1.35550E-02,  1.34554E-02,  1.33436E-02,  1.32214E-02,  1.30905E-02,  1.29516E-02,  1.28042E-02,  1.26468E-02,  1.24766E-02,  1.22897E-02,  1.20817E-02,  1.18484E-02,  1.15862E-02,  1.12931E-02,  1.09691E-02,  1.06165E-02,  1.02397E-02,  9.84519E-03,  9.44004E-03,  9.03149E-03,  8.62566E-03,  8.22672E-03,  7.83633E-03,  7.45346E-03,  7.07458E-03,  6.69435E-03,  6.30631E-03,  5.90384E-03,  5.48094E-03,  5.03286E-03,  4.55647E-03,  4.05048E-03,  3.51536E-03,  2.95318E-03,  2.36729E-03,  1.76203E-03,  1.14238E-03,  5.13676E-04, -1.18659E-04, -7.49311E-04, -1.37325E-03, -1.98583E-03, -2.58289E-03, -3.16079E-03, -3.71642E-03, -4.24721E-03, -4.75113E-03, -5.22663E-03, -5.67262E-03, -6.08843E-03, -6.47377E-03,NA,NA,NA,NA,NA,NA,NA,NA,NA,NA,NA,NA,NA,NA,
NA,NA,NA,NA,  1.26435E-02,  1.28360E-02,  1.30245E-02,  1.32077E-02,  1.33843E-02,  1.35530E-02,  1.37120E-02,  1.38597E-02,  1.39942E-02,  1.41137E-02,  1.42163E-02,  1.43003E-02,  1.43640E-02,  1.44061E-02,  1.44257E-02,  1.44225E-02,  1.43968E-02,  1.43494E-02,  1.42823E-02,  1.41978E-02,  1.40988E-02,  1.39887E-02,  1.38703E-02,  1.37461E-02,  1.36175E-02,  1.34842E-02,  1.33442E-02,  1.31934E-02,  1.30261E-02,  1.28359E-02,  1.26158E-02,  1.23598E-02,  1.20642E-02,  1.17279E-02,NA,NA,NA,  1.00707E-02,  9.62267E-03,  9.18017E-03,  8.74933E-03,  8.33270E-03,  7.92897E-03,  7.53338E-03,  7.13857E-03,  6.73581E-03,  6.31627E-03,  5.87213E-03,  5.39739E-03,  4.88837E-03,  4.34378E-03,  3.76464E-03,  3.15388E-03,  2.51595E-03,  1.85635E-03,  1.18122E-03,  4.96964E-04, -1.90026E-04, -8.73626E-04, -1.54813E-03, -2.20837E-03, -2.84977E-03, -3.46841E-03, -4.06100E-03, -4.62489E-03, -5.15803E-03, -5.65891E-03, -6.12655E-03, -6.56045E-03, -6.96047E-03, -7.32686E-03,NA,NA,NA,NA,NA,NA,NA,NA,NA,NA,NA,NA,NA,
NA,NA,NA,  1.28509E-02,  1.30644E-02,  1.32756E-02,  1.34834E-02,  1.36866E-02,  1.38837E-02,  1.40732E-02,  1.42534E-02,  1.44222E-02,  1.45777E-02,  1.47176E-02,  1.48398E-02,  1.49421E-02,  1.50226E-02,  1.50796E-02,  1.51118E-02,  1.51188E-02,  1.51007E-02,  1.50590E-02,  1.49957E-02,  1.49142E-02,  1.48185E-02,  1.47133E-02,  1.46031E-02,  1.44916E-02,  1.43814E-02,  1.42725E-02,  1.41625E-02,  1.40459E-02,  1.39147E-02,NA,NA,NA,NA,NA,NA,NA,NA,NA,NA,NA,NA,NA,  8.55058E-03,  8.13315E-03,  7.71892E-03,  7.29607E-03,  6.85288E-03,  6.37931E-03,  5.86804E-03,  5.31498E-03,  4.71926E-03,  4.08286E-03,  3.41009E-03,  2.70693E-03,  1.98039E-03,  1.23804E-03,  4.87522E-04, -2.63734E-04, -1.00875E-03, -1.74117E-03, -2.45533E-03, -3.14633E-03, -3.81002E-03, -4.44303E-03, -5.04268E-03, -5.60699E-03, -6.13459E-03, -6.62469E-03, -7.07698E-03, -7.49158E-03, -7.86900E-03, -8.21005E-03,NA,NA,NA,NA,NA,NA,NA,NA,NA,NA,NA,NA,
NA,NA,NA,  1.32689E-02,  1.35021E-02,  1.37340E-02,  1.39634E-02,  1.41891E-02,  1.44095E-02,  1.46231E-02,  1.48279E-02,  1.50218E-02,  1.52024E-02,  1.53674E-02,  1.55141E-02,  1.56400E-02,  1.57426E-02,  1.58198E-02,  1.58700E-02,  1.58923E-02,  1.58868E-02,  1.58550E-02,  1.57997E-02,  1.57252E-02,  1.56370E-02,  1.55416E-02,  1.54457E-02,  1.53553E-02,  1.52747E-02,  1.52050E-02,NA,NA,NA,NA,NA,NA,NA,NA,NA,NA,NA,NA,NA,NA,NA,NA,NA,NA,NA,  8.04703E-03,  7.56863E-03,  7.05178E-03,  6.48791E-03,  5.87295E-03,  5.20708E-03,  4.49405E-03,  3.74021E-03,  2.95365E-03,  2.14331E-03,  1.31843E-03,  4.88019E-04, -3.39419E-04, -1.15612E-03, -1.95516E-03, -2.73051E-03, -3.47706E-03, -4.19058E-03, -4.86773E-03, -5.50593E-03, -6.10340E-03, -6.65899E-03, -7.17217E-03, -7.64295E-03, -8.07178E-03, -8.45950E-03, -8.80727E-03,NA,NA,NA,NA,NA,NA,NA,NA,NA,NA,NA,NA,
NA,NA,  1.34481E-02,  1.37022E-02,  1.39571E-02,  1.42118E-02,  1.44654E-02,  1.47164E-02,  1.49634E-02,  1.52048E-02,  1.54384E-02,  1.56621E-02,  1.58733E-02,  1.60693E-02,  1.62470E-02,  1.64034E-02,  1.65355E-02,  1.66407E-02,  1.67166E-02,  1.67620E-02,  1.67767E-02,  1.67620E-02,  1.67214E-02,  1.66601E-02,  1.65857E-02,  1.65073E-02,  1.64345E-02,  1.63769E-02,NA,NA,NA,NA,NA,NA,NA,NA,NA,NA,NA,NA,NA,NA,NA,NA,NA,NA,NA,NA,NA,NA,NA,  7.95825E-03,  7.31606E-03,  6.61153E-03,  5.84705E-03,  5.02921E-03,  4.16742E-03,  3.27254E-03,  2.35593E-03,  1.42868E-03,  5.01180E-04, -4.17120E-04, -1.31785E-03, -2.19374E-03, -3.03862E-03, -3.84741E-03, -4.61599E-03, -5.34124E-03, -6.02087E-03, -6.65341E-03, -7.23810E-03, -7.77479E-03, -8.26390E-03, -8.70630E-03, -9.10326E-03, -9.45636E-03, -9.76741E-03,NA,NA,NA,NA,NA,NA,NA,NA,NA,NA,NA,
NA,NA,  1.38746E-02,  1.41511E-02,  1.44297E-02,  1.47096E-02,  1.49900E-02,  1.52696E-02,  1.55470E-02,  1.58205E-02,  1.60881E-02,  1.63474E-02,  1.65957E-02,  1.68301E-02,  1.70473E-02,  1.72436E-02,  1.74155E-02,  1.75596E-02,  1.76728E-02,  1.77530E-02,  1.77994E-02,  1.78132E-02,  1.77980E-02,  1.77602E-02,  1.77097E-02,  1.76587E-02,  1.76215E-02,NA,NA,NA,NA,NA,NA,NA,NA,NA,NA,NA,NA,NA,NA,NA,NA,NA,NA,NA,NA,NA,NA,NA,NA,NA,NA,NA,  6.69048E-03,  5.72734E-03,  4.72005E-03,  3.68309E-03,  2.63057E-03,  1.57548E-03,  5.29382E-04, -4.97670E-04, -1.49710E-03, -2.46171E-03, -3.38560E-03, -4.26401E-03, -5.09329E-03, -5.87078E-03, -6.59469E-03, -7.26409E-03, -7.87873E-03, -8.43903E-03, -8.94594E-03, -9.40088E-03, -9.80561E-03, -1.01622E-02, -1.04730E-02,NA,NA,NA,NA,NA,NA,NA,NA,NA,NA,NA,
NA,  1.40187E-02,  1.43148E-02,  1.46154E-02,  1.49199E-02,  1.52278E-02,  1.55381E-02,  1.58498E-02,  1.61618E-02,  1.64725E-02,  1.67799E-02,  1.70818E-02,  1.73755E-02,  1.76578E-02,  1.79253E-02,  1.81741E-02,  1.83998E-02,  1.85982E-02,  1.87654E-02,  1.88981E-02,  1.89943E-02,  1.90544E-02,  1.90818E-02,  1.90839E-02,  1.90728E-02,NA,NA,NA,NA,NA,NA,NA,NA,NA,NA,NA,NA,NA,NA,NA,NA,NA,NA,NA,NA,NA,NA,NA,NA,NA,NA,NA,NA,NA,NA,NA,  5.43150E-03,  4.20729E-03,  2.98034E-03,  1.76520E-03,  5.74017E-04, -5.83257E-04, -1.69857E-03, -2.76548E-03, -3.77890E-03, -4.73497E-03, -5.63087E-03, -6.46477E-03, -7.23570E-03, -7.94346E-03, -8.58858E-03, -9.17219E-03, -9.69591E-03, -1.01618E-02, -1.05724E-02, -1.09302E-02, -1.12383E-02, -1.14995E-02,NA,NA,NA,NA,NA,NA,NA,NA,NA,NA,
NA,  1.44481E-02,  1.47685E-02,  1.50952E-02,  1.54279E-02,  1.57663E-02,  1.61098E-02,  1.64577E-02,  1.68091E-02,  1.71626E-02,  1.75168E-02,  1.78696E-02,  1.82186E-02,  1.85609E-02,  1.88929E-02,  1.92106E-02,  1.95092E-02,  1.97838E-02,  2.00291E-02,  2.02404E-02,  2.04139E-02,  2.05483E-02,  2.06459E-02,  2.07141E-02,NA,NA,NA,NA,NA,NA,NA,NA,NA,NA,NA,NA,NA,NA,NA,NA,NA,NA,NA,NA,NA,NA,NA,NA,NA,NA,NA,NA,NA,NA,NA,NA,NA,  4.86838E-03,  3.41788E-03,  2.00277E-03,  6.34540E-04, -6.78207E-04, -1.92911E-03, -3.11347E-03, -4.22792E-03, -5.27013E-03, -6.23871E-03, -7.13309E-03, -7.95346E-03, -8.70070E-03, -9.37632E-03, -9.98236E-03, -1.05213E-02, -1.09961E-02, -1.14099E-02, -1.17662E-02, -1.20683E-02, -1.23200E-02,NA,NA,NA,NA,NA,NA,NA,NA,NA,NA,
  1.45513E-02,  1.48890E-02,  1.52352E-02,  1.55900E-02,  1.59533E-02,  1.63252E-02,  1.67054E-02,  1.70937E-02,  1.74897E-02,  1.78926E-02,  1.83015E-02,  1.87150E-02,  1.91315E-02,  1.95484E-02,  1.99629E-02,  2.03712E-02,  2.07685E-02,  2.11493E-02,  2.15073E-02,  2.18358E-02,  2.21284E-02,  2.23808E-02,NA,NA,NA,NA,NA,NA,NA,NA,NA,NA,NA,NA,NA,NA,NA,NA,NA,NA,NA,NA,NA,NA,NA,NA,NA,NA,NA,NA,NA,NA,NA,NA,NA,NA,NA,NA,  3.95334E-03,  2.29001E-03,  7.07163E-04, -7.89972E-04, -2.19845E-03, -3.51676E-03, -4.74437E-03, -5.88141E-03, -6.92860E-03, -7.88718E-03, -8.75894E-03, -9.54618E-03, -1.02517E-02, -1.08786E-02, -1.14305E-02, -1.19114E-02, -1.23252E-02, -1.26762E-02, -1.29687E-02, -1.32070E-02, -1.33954E-02,NA,NA,NA,NA,NA,NA,NA,NA,NA,
  1.49778E-02,  1.53407E-02,  1.57144E-02,  1.60992E-02,  1.64956E-02,  1.69038E-02,  1.73244E-02,  1.77577E-02,  1.82040E-02,  1.86634E-02,  1.91360E-02,  1.96216E-02,  2.01198E-02,  2.06295E-02,  2.11490E-02,  2.16758E-02,  2.22062E-02,  2.27346E-02,  2.32542E-02,  2.37561E-02,NA,NA,NA,NA,NA,NA,NA,NA,NA,NA,NA,NA,NA,NA,NA,NA,NA,NA,NA,NA,NA,NA,NA,NA,NA,NA,NA,NA,NA,NA,NA,NA,NA,NA,NA,NA,NA,NA,NA,  2.62335E-03,  7.83192E-04, -9.30323E-04, -2.52007E-03, -3.98964E-03, -5.34276E-03, -6.58313E-03, -7.71441E-03, -8.74030E-03, -9.66467E-03, -1.04916E-02, -1.12254E-02, -1.18708E-02, -1.24326E-02, -1.29158E-02, -1.33255E-02, -1.36669E-02, -1.39453E-02, -1.41657E-02, -1.43331E-02,NA,NA,NA,NA,NA,NA,NA,NA,NA,
  1.54131E-02,  1.58026E-02,  1.62053E-02,  1.66221E-02,  1.70538E-02,  1.75014E-02,  1.79661E-02,  1.84490E-02,  1.89515E-02,  1.94751E-02,  2.00214E-02,  2.05920E-02,  2.11886E-02,  2.18125E-02,  2.24649E-02,  2.31458E-02,  2.38540E-02,  2.45859E-02,NA,NA,NA,NA,NA,NA,NA,NA,NA,NA,NA,NA,NA,NA,NA,NA,NA,NA,NA,NA,NA,NA,NA,NA,NA,NA,NA,NA,NA,NA,NA,NA,NA,NA,NA,NA,NA,NA,NA,NA,NA,NA,  8.47108E-04, -1.11665E-03, -2.91208E-03, -4.55021E-03, -6.04078E-03, -7.39230E-03, -8.61230E-03, -9.70764E-03, -1.06848E-02, -1.15501E-02, -1.23097E-02, -1.29701E-02, -1.35374E-02, -1.40183E-02, -1.44188E-02, -1.47455E-02, -1.50044E-02, -1.52015E-02, -1.53425E-02, -1.54330E-02,NA,NA,NA,NA,NA,NA,NA,NA,
  1.58564E-02,  1.62737E-02,  1.67069E-02,  1.71575E-02,  1.76268E-02,  1.81166E-02,  1.86289E-02,  1.91661E-02,  1.97310E-02,  2.03269E-02,  2.09575E-02,  2.16272E-02,  2.23411E-02,  2.31045E-02,  2.39231E-02,  2.48021E-02,  2.57455E-02,NA,NA,NA,NA,NA,NA,NA,NA,NA,NA,NA,NA,NA,NA,NA,NA,NA,NA,NA,NA,NA,NA,NA,NA,NA,NA,NA,NA,NA,NA,NA,NA,NA,NA,NA,NA,NA,NA,NA,NA,NA,NA,NA,  8.74611E-04, -1.37319E-03, -3.39801E-03, -5.22095E-03, -6.85967E-03, -8.32886E-03, -9.64089E-03, -1.08065E-02, -1.18353E-02, -1.27362E-02, -1.35177E-02, -1.41883E-02, -1.47559E-02, -1.52284E-02, -1.56137E-02, -1.59193E-02, -1.61524E-02, -1.63200E-02, -1.64286E-02, -1.64846E-02,NA,NA,NA,NA,NA,NA,NA,NA,
  1.63069E-02,  1.67530E-02,  1.72181E-02,  1.77040E-02,  1.82129E-02,  1.87475E-02,  1.93108E-02,  1.99068E-02,  2.05401E-02,  2.12163E-02,  2.19422E-02,  2.27262E-02,  2.35780E-02,  2.45093E-02,  2.55330E-02,  2.66631E-02,NA,NA,NA,NA,NA,NA,NA,NA,NA,NA,NA,NA,NA,NA,NA,NA,NA,NA,NA,NA,NA,NA,NA,NA,NA,NA,NA,NA,NA,NA,NA,NA,NA,NA,NA,NA,NA,NA,NA,NA,NA,NA,NA,NA,NA, -1.73200E-03, -4.00732E-03, -6.02898E-03, -7.82444E-03, -9.41586E-03, -1.08214E-02, -1.20562E-02, -1.31338E-02, -1.40660E-02, -1.48641E-02, -1.55385E-02, -1.60994E-02, -1.65565E-02, -1.69191E-02, -1.71961E-02, -1.73960E-02, -1.75269E-02, -1.75962E-02, -1.76110E-02,NA,NA,NA,NA,NA,NA,NA,NA,
  1.67635E-02,  1.72393E-02,  1.77373E-02,  1.82599E-02,  1.88101E-02,  1.93917E-02,  2.00091E-02,  2.06678E-02,  2.13750E-02,  2.21392E-02,  2.29712E-02,  2.38847E-02,  2.48962E-02,  2.60261E-02,  2.72985E-02,NA,NA,NA,NA,NA,NA,NA,NA,NA,NA,NA,NA,NA,NA,NA,NA,NA,NA,NA,NA,NA,NA,NA,NA,NA,NA,NA,NA,NA,NA,NA,NA,NA,NA,NA,NA,NA,NA,NA,NA,NA,NA,NA,NA,NA,NA, -2.23327E-03, -4.77562E-03, -7.00619E-03, -8.96389E-03, -1.06794E-02, -1.21775E-02, -1.34786E-02, -1.46000E-02, -1.55572E-02, -1.63644E-02, -1.70347E-02, -1.75804E-02, -1.80132E-02, -1.83442E-02, -1.85839E-02, -1.87421E-02, -1.88280E-02, -1.88500E-02, -1.88162E-02,NA,NA,NA,NA,NA,NA,NA,NA,
  1.72252E-02,  1.77314E-02,  1.82630E-02,  1.88233E-02,  1.94162E-02,  2.00464E-02,  2.07202E-02,  2.14450E-02,  2.22307E-02,  2.30896E-02,  2.40376E-02,  2.50950E-02,  2.62875E-02,  2.76474E-02,  2.92147E-02,NA,NA,NA,NA,NA,NA,NA,NA,NA,NA,NA,NA,NA,NA,NA,NA,NA,NA,NA,NA,NA,NA,NA,NA,NA,NA,NA,NA,NA,NA,NA,NA,NA,NA,NA,NA,NA,NA,NA,NA,NA,NA,NA,NA,NA,NA,NA, -5.74416E-03, -8.18890E-03, -1.03104E-02, -1.21488E-02, -1.37358E-02, -1.50972E-02, -1.62552E-02, -1.72290E-02, -1.80359E-02, -1.86919E-02, -1.92120E-02, -1.96100E-02, -1.98990E-02, -2.00911E-02, -2.01976E-02, -2.02290E-02, -2.01949E-02, -2.01040E-02, -1.99643E-02, -1.97828E-02,NA,NA,NA,NA,NA,NA,
  1.76908E-02,  1.82278E-02,  1.87936E-02,  1.93922E-02,  2.00285E-02,  2.07085E-02,  2.14400E-02,  2.22331E-02,  2.31007E-02,  2.40595E-02,  2.51314E-02,  2.63451E-02,  2.77376E-02,  2.93571E-02,NA,NA,NA,NA,NA,NA,NA,NA,NA,NA,NA,NA,NA,NA,NA,NA,NA,NA,NA,NA,NA,NA,NA,NA,NA,NA,NA,NA,NA,NA,NA,NA,NA,NA,NA,NA,NA,NA,NA,NA,NA,NA,NA,NA,NA,NA,NA,NA, -6.95884E-03, -9.61721E-03, -1.18997E-02, -1.38559E-02, -1.55248E-02, -1.69381E-02, -1.81227E-02, -1.91018E-02, -1.98966E-02, -2.05261E-02, -2.10079E-02, -2.13586E-02, -2.15933E-02, -2.17259E-02, -2.17695E-02, -2.17357E-02, -2.16353E-02, -2.14780E-02, -2.12725E-02, -2.10264E-02, -2.07467E-02,NA,NA,NA,NA,NA,
  1.81591E-02,  1.87271E-02,  1.93273E-02,  1.99644E-02,  2.06442E-02,  2.13742E-02,  2.21640E-02,  2.30262E-02,  2.39773E-02,  2.50388E-02,  2.62397E-02,  2.76183E-02,  2.92255E-02,NA,NA,NA,NA,NA,NA,NA,NA,NA,NA,NA,NA,NA,NA,NA,NA,NA,NA,NA,NA,NA,NA,NA,NA,NA,NA,NA,NA,NA,NA,NA,NA,NA,NA,NA,NA,NA,NA,NA,NA,NA,NA,NA,NA,NA,NA,NA,NA,NA, -8.46857E-03, -1.13340E-02, -1.37700E-02, -1.58352E-02, -1.75757E-02, -1.90290E-02, -2.02271E-02, -2.11977E-02, -2.19657E-02, -2.25536E-02, -2.29824E-02, -2.32710E-02, -2.34371E-02, -2.34967E-02, -2.34643E-02, -2.33533E-02, -2.31755E-02, -2.29414E-02, -2.26606E-02, -2.23412E-02, -2.19907E-02, -2.16153E-02,NA,NA,NA,NA,
  1.86292E-02,  1.92280E-02,  1.98624E-02,  2.05376E-02,  2.12605E-02,  2.20399E-02,  2.28873E-02,  2.38180E-02,  2.48519E-02,  2.60161E-02,  2.73470E-02,  2.88938E-02,  3.07232E-02,NA,NA,NA,NA,NA,NA,NA,NA,NA,NA,NA,NA,NA,NA,NA,NA,NA,NA,NA,NA,NA,NA,NA,NA,NA,NA,NA,NA,NA,NA,NA,NA,NA,NA,NA,NA,NA,NA,NA,NA,NA,NA,NA,NA,NA,NA,NA,NA,NA, -1.03233E-02, -1.33838E-02, -1.59615E-02, -1.81230E-02, -1.99212E-02, -2.13994E-02, -2.25947E-02, -2.35396E-02, -2.42631E-02, -2.47918E-02, -2.51499E-02, -2.53593E-02, -2.54404E-02, -2.54114E-02, -2.52886E-02, -2.50868E-02, -2.48190E-02, -2.44968E-02, -2.41303E-02, -2.37284E-02, -2.32986E-02, -2.28475E-02, -2.23808E-02,NA,NA,NA,
  1.90999E-02,  1.97294E-02,  2.03973E-02,  2.11098E-02,  2.18747E-02,  2.27020E-02,  2.36051E-02,  2.46016E-02,  2.57155E-02,  2.69788E-02,  2.84359E-02,  3.01474E-02,  3.21967E-02,NA,NA,NA,NA,NA,NA,NA,NA,NA,NA,NA,NA,NA,NA,NA,NA,NA,NA,NA,NA,NA,NA,NA,NA,NA,NA,NA,NA,NA,NA,NA,NA,NA,NA,NA,NA,NA,NA,NA,NA,NA,NA,NA,NA,NA,NA,NA,NA,NA,NA, -1.58116E-02, -1.85155E-02, -2.07572E-02, -2.25958E-02, -2.40802E-02, -2.52529E-02, -2.61514E-02, -2.68095E-02, -2.72580E-02, -2.75249E-02, -2.76355E-02, -2.76128E-02, -2.74775E-02, -2.72479E-02, -2.69403E-02, -2.65689E-02, -2.61462E-02, -2.56829E-02, -2.51883E-02, -2.46702E-02, -2.41355E-02, -2.35898E-02, -2.30378E-02,NA,NA,
  1.95705E-02,  2.02300E-02,  2.09307E-02,  2.16794E-02,  2.24845E-02,  2.33574E-02,  2.43128E-02,  2.53710E-02,  2.65591E-02,  2.79144E-02,  2.94884E-02,  3.13531E-02,NA,NA,NA,NA,NA,NA,NA,NA,NA,NA,NA,NA,NA,NA,NA,NA,NA,NA,NA,NA,NA,NA,NA,NA,NA,NA,NA,NA,NA,NA,NA,NA,NA,NA,NA,NA,NA,NA,NA,NA,NA,NA,NA,NA,NA,NA,NA,NA,NA,NA,NA, -1.86616E-02, -2.14737E-02, -2.37765E-02, -2.56346E-02, -2.71029E-02, -2.82294E-02, -2.90572E-02, -2.96254E-02, -2.99694E-02, -3.01215E-02, -3.01107E-02, -2.99631E-02, -2.97018E-02, -2.93473E-02, -2.89174E-02, -2.84274E-02, -2.78907E-02, -2.73185E-02, -2.67206E-02, -2.61049E-02, -2.54782E-02, -2.48462E-02, -2.42133E-02, -2.35835E-02,NA,
  2.00404E-02,  2.07292E-02,  2.14616E-02,  2.22448E-02,  2.30880E-02,  2.40032E-02,  2.50068E-02,  2.61207E-02,  2.73750E-02,  2.88113E-02,  3.04876E-02,  3.24857E-02,NA,NA,NA,NA,NA,NA,NA,NA,NA,NA,NA,NA,NA,NA,NA,NA,NA,NA,NA,NA,NA,NA,NA,NA,NA,NA,NA,NA,NA,NA,NA,NA,NA,NA,NA,NA,NA,NA,NA,NA,NA,NA,NA,NA,NA,NA,NA,NA,NA,NA, -1.84342E-02, -2.19764E-02, -2.48771E-02, -2.72194E-02, -2.90732E-02, -3.04993E-02, -3.15521E-02, -3.22809E-02, -3.27307E-02, -3.29424E-02, -3.29528E-02, -3.27952E-02, -3.24989E-02, -3.20898E-02, -3.15904E-02, -3.10200E-02, -3.03953E-02, -2.97302E-02, -2.90366E-02, -2.83241E-02, -2.76009E-02, -2.68736E-02, -2.61477E-02, -2.54275E-02, -2.47164E-02, -2.40172E-02,
  2.05091E-02,  2.12265E-02,  2.19895E-02,  2.28054E-02,  2.36840E-02,  2.46380E-02,  2.56845E-02,  2.68468E-02,  2.81572E-02,  2.96604E-02,  3.14194E-02,  3.35234E-02,NA,NA,NA,NA,NA,NA,NA,NA,NA,NA,NA,NA,NA,NA,NA,NA,NA,NA,NA,NA,NA,NA,NA,NA,NA,NA,NA,NA,NA,NA,NA,NA,NA,NA,NA,NA,NA,NA,NA,NA,NA,NA,NA,NA,NA,NA,NA,NA,NA,NA, -2.21277E-02, -2.57956E-02, -2.87652E-02, -3.11235E-02, -3.29459E-02, -3.43001E-02, -3.52477E-02, -3.58451E-02, -3.61441E-02, -3.61917E-02, -3.60303E-02, -3.56974E-02, -3.52261E-02, -3.46452E-02, -3.39792E-02, -3.32490E-02, -3.24723E-02, -3.16636E-02, -3.08350E-02, -2.99963E-02, -2.91555E-02, -2.83189E-02, -2.74915E-02, -2.66774E-02, -2.58794E-02, -2.50998E-02,
  2.09766E-02,  2.17218E-02,  2.25141E-02,  2.33610E-02,  2.42723E-02,  2.52610E-02,  2.63447E-02,  2.75474E-02,  2.89024E-02,  3.04561E-02,  3.22744E-02,  3.44511E-02,NA,NA,NA,NA,NA,NA,NA,NA,NA,NA,NA,NA,NA,NA,NA,NA,NA,NA,NA,NA,NA,NA,NA,NA,NA,NA,NA,NA,NA,NA,NA,NA,NA,NA,NA,NA,NA,NA,NA,NA,NA,NA,NA,NA,NA,NA,NA,NA,NA,NA,NA, -3.01546E-02, -3.31738E-02, -3.55230E-02, -3.72842E-02, -3.85331E-02, -3.93398E-02, -3.97693E-02, -3.98812E-02, -3.97296E-02, -3.93627E-02, -3.88233E-02, -3.81484E-02, -3.73695E-02, -3.65136E-02, -3.56030E-02, -3.46560E-02, -3.36879E-02, -3.27105E-02, -3.17337E-02, -3.07650E-02, -2.98102E-02, -2.88739E-02, -2.79593E-02, -2.70689E-02, -2.62042E-02,
  2.14430E-02,  2.22154E-02,  2.30360E-02,  2.39121E-02,  2.48535E-02,  2.58730E-02,  2.69882E-02,  2.82229E-02,  2.96104E-02,  3.11974E-02,  3.30499E-02,  3.52625E-02,NA,NA,NA,NA,NA,NA,NA,NA,NA,NA,NA,NA,NA,NA,NA,NA,NA,NA,NA,NA,NA,NA,NA,NA,NA,NA,NA,NA,NA,NA,NA,NA,NA,NA,NA,NA,NA,NA,NA,NA,NA,NA,NA,NA,NA,NA,NA,NA,NA,NA,NA, -3.50812E-02, -3.81321E-02, -4.04461E-02, -4.21138E-02, -4.32208E-02, -4.38473E-02, -4.40685E-02, -4.39533E-02, -4.35637E-02, -4.29550E-02, -4.21753E-02, -4.12658E-02, -4.02614E-02, -3.91910E-02, -3.80782E-02, -3.69423E-02, -3.57983E-02, -3.46582E-02, -3.35313E-02, -3.24244E-02, -3.13427E-02, -3.02900E-02, -2.92687E-02, -2.82806E-02, -2.73265E-02,
  2.19089E-02,  2.27081E-02,  2.35561E-02,  2.44600E-02,  2.54293E-02,  2.64762E-02,  2.76176E-02,  2.88765E-02,  3.02850E-02,  3.18882E-02,  3.37501E-02,  3.59621E-02,NA,NA,NA,NA,NA,NA,NA,NA,NA,NA,NA,NA,NA,NA,NA,NA,NA,NA,NA,NA,NA,NA,NA,NA,NA,NA,NA,NA,NA,NA,NA,NA,NA,NA,NA,NA,NA,NA,NA,NA,NA,NA,NA,NA,NA,NA,NA,NA,NA,NA,NA,NA, -4.36578E-02, -4.59106E-02, -4.74510E-02, -4.83767E-02, -4.87808E-02, -4.87503E-02, -4.83648E-02, -4.76959E-02, -4.68065E-02, -4.57507E-02, -4.45744E-02, -4.33156E-02, -4.20053E-02, -4.06683E-02, -3.93242E-02, -3.79880E-02, -3.66712E-02, -3.53823E-02, -3.41273E-02, -3.29103E-02, -3.17342E-02, -3.06004E-02, -2.95097E-02, -2.84621E-02,
  2.23749E-02,  2.32009E-02,  2.40759E-02,  2.50069E-02,  2.60023E-02,  2.70739E-02,  2.82372E-02,  2.95137E-02,  3.09333E-02,  3.25378E-02,  3.43869E-02,  3.65654E-02,NA,NA,NA,NA,NA,NA,NA,NA,NA,NA,NA,NA,NA,NA,NA,NA,NA,NA,NA,NA,NA,NA,NA,NA,NA,NA,NA,NA,NA,NA,NA,NA,NA,NA,NA,NA,NA,NA,NA,NA,NA,NA,NA,NA,NA,NA,NA,NA,NA,NA,NA,NA,NA,NA,NA, -5.40008E-02, -5.41387E-02, -5.38114E-02, -5.31110E-02, -5.21199E-02, -5.09097E-02, -4.95411E-02, -4.80649E-02, -4.65225E-02, -4.49467E-02, -4.33634E-02, -4.17922E-02, -4.02477E-02, -3.87407E-02, -3.72785E-02, -3.58658E-02, -3.45058E-02, -3.31998E-02, -3.19481E-02, -3.07504E-02, -2.96056E-02,
  2.28421E-02,  2.36951E-02,  2.45975E-02,  2.55552E-02,  2.65762E-02,  2.76708E-02,  2.88532E-02,  3.01427E-02,  3.15659E-02,  3.31603E-02,  3.49791E-02,  3.70978E-02,NA,NA,NA,NA,NA,NA,NA,NA,NA,NA,NA,NA,NA,NA,NA,NA,NA,NA,NA,NA,NA,NA,NA,NA,NA,NA,NA,NA,NA,NA,NA,NA,NA,NA,NA,NA,NA,NA,NA,NA,NA,NA,NA,NA,NA,NA,NA,NA,NA,NA,NA,NA,NA,NA,NA,NA,NA, -5.92337E-02, -5.81742E-02, -5.68184E-02, -5.52476E-02, -5.35300E-02, -5.17215E-02, -4.98667E-02, -4.80007E-02, -4.61497E-02, -4.43334E-02, -4.25656E-02, -4.08557E-02, -3.92096E-02, -3.76308E-02, -3.61206E-02, -3.46790E-02, -3.33048E-02, -3.19964E-02, -3.07514E-02,
  2.33114E-02,  2.41925E-02,  2.51229E-02,  2.61081E-02,  2.71550E-02,  2.82727E-02,  2.94733E-02,  3.07734E-02,  3.21961E-02,  3.37734E-02,  3.55508E-02,  3.75924E-02,NA,NA,NA,NA,NA,NA,NA,NA,NA,NA,NA,NA,NA,NA,NA,NA,NA,NA,NA,NA,NA,NA,NA,NA,NA,NA,NA,NA,NA,NA,NA,NA,NA,NA,NA,NA,NA,NA,NA,NA,NA,NA,NA,NA,NA,NA,NA,NA,NA,NA,NA,NA,NA,NA,NA,NA,NA,NA, -6.35206E-02, -6.17607E-02, -5.97922E-02, -5.76916E-02, -5.55205E-02, -5.33269E-02, -5.11476E-02, -4.90095E-02, -4.69316E-02, -4.49267E-02, -4.30027E-02, -4.11638E-02, -3.94113E-02, -3.77450E-02, -3.61630E-02, -3.46626E-02, -3.32405E-02, -3.18931E-02,
  2.37840E-02,  2.46946E-02,  2.56548E-02,  2.66691E-02,  2.77436E-02,  2.88858E-02,  3.01058E-02,  3.14173E-02,  3.28392E-02,  3.43977E-02,  3.61298E-02,  3.80874E-02,  4.03440E-02,NA,NA,NA,NA,NA,NA,NA,NA,NA,NA,NA,NA,NA,NA,NA,NA,NA,NA,NA,NA,NA,NA,NA,NA,NA,NA,NA,NA,NA,NA,NA,NA,NA,NA,NA,NA,NA,NA,NA,NA,NA,NA,NA,NA,NA,NA,NA,NA,NA,NA,NA,NA,NA,NA,NA,NA,NA,NA, -6.68995E-02, -6.45021E-02, -6.19896E-02, -5.94298E-02, -5.68745E-02, -5.43622E-02, -5.19203E-02, -4.95670E-02, -4.73136E-02, -4.51662E-02, -4.31269E-02, -4.11950E-02, -3.93680E-02, -3.76421E-02, -3.60127E-02, -3.44749E-02, -3.30237E-02,
  2.42609E-02,  2.52031E-02,  2.61954E-02,  2.72416E-02,  2.83467E-02,  2.95167E-02,  3.07598E-02,  3.20864E-02,  3.35114E-02,  3.50550E-02,  3.67456E-02,  3.86230E-02,  4.07431E-02,NA,NA,NA,NA,NA,NA,NA,NA,NA,NA,NA,NA,NA,NA,NA,NA,NA,NA,NA,NA,NA,NA,NA,NA,NA,NA,NA,NA,NA,NA,NA,NA,NA,NA,NA,NA,NA,NA,NA,NA,NA,NA,NA,NA,NA,NA,NA,NA,NA,NA,NA,NA,NA,NA,NA,NA,NA,NA,NA,NA, -6.63757E-02, -6.34078E-02, -6.04736E-02, -5.76135E-02, -5.48551E-02, -5.22160E-02, -4.97057E-02, -4.73283E-02, -4.50834E-02, -4.29681E-02, -4.09775E-02, -3.91056E-02, -3.73459E-02, -3.56916E-02, -3.41359E-02,
  2.47430E-02,  2.57195E-02,  2.67471E-02,  2.78290E-02,  2.89691E-02,  3.01722E-02,  3.14442E-02,  3.27930E-02,  3.42292E-02,  3.57673E-02,  3.74276E-02,  3.92385E-02,  4.12398E-02,NA,NA,NA,NA,NA,NA,NA,NA,NA,NA,NA,NA,NA,NA,NA,NA,NA,NA,NA,NA,NA,NA,NA,NA,NA,NA,NA,NA,NA,NA,NA,NA,NA,NA,NA,NA,NA,NA,NA,NA,NA,NA,NA,NA,NA,NA,NA,NA,NA,NA,NA,NA,NA,NA,NA,NA,NA,NA,NA,NA, -7.07890E-02, -6.74034E-02, -6.40809E-02, -6.08645E-02, -5.77825E-02, -5.48516E-02, -5.20798E-02, -4.94688E-02, -4.70160E-02, -4.47156E-02, -4.25605E-02, -4.05422E-02, -3.86521E-02, -3.68816E-02, -3.52221E-02,
  2.52308E-02,  2.62449E-02,  2.73117E-02,  2.84341E-02,  2.96151E-02,  3.08582E-02,  3.21676E-02,  3.35486E-02,  3.50081E-02,  3.65554E-02,  3.82035E-02,  3.99708E-02,  4.18827E-02,  4.39746E-02,NA,NA,NA,NA,NA,NA,NA,NA,NA,NA,NA,NA,NA,NA,NA,NA,NA,NA,NA,NA,NA,NA,NA,NA,NA,NA,NA,NA,NA,NA,NA,NA,NA,NA,NA,NA,NA,NA,NA,NA,NA,NA,NA,NA,NA,NA,NA,NA,NA,NA,NA,NA,NA,NA,NA,NA,NA,NA,NA,NA, -7.13562E-02, -6.76461E-02, -6.40731E-02, -6.06669E-02, -5.74439E-02, -5.44104E-02, -5.15662E-02, -4.89059E-02, -4.64215E-02, -4.41030E-02, -4.19398E-02, -3.99210E-02, -3.80359E-02, -3.62744E-02,
  2.57244E-02,  2.67798E-02,  2.78905E-02,  2.90591E-02,  3.02881E-02,  3.15800E-02,  3.29374E-02,  3.43636E-02,  3.58623E-02,  3.74384E-02,  3.90987E-02,  4.08528E-02,  4.27146E-02,  4.47033E-02,  4.68456E-02,NA,NA,NA,NA,NA,NA,NA,NA,NA,NA,NA,NA,NA,NA,NA,NA,NA,NA,NA,NA,NA,NA,NA,NA,NA,NA,NA,NA,NA,NA,NA,NA,NA,NA,NA,NA,NA,NA,NA,NA,NA,NA,NA,NA,NA,NA,NA,NA,NA,NA,NA,NA,NA,NA,NA,NA,NA,NA,NA,NA, -7.11132E-02, -6.71930E-02, -6.34698E-02, -5.99604E-02, -5.66703E-02, -5.35972E-02, -5.07337E-02, -4.80690E-02, -4.55909E-02, -4.32862E-02, -4.11419E-02, -3.91454E-02, -3.72847E-02,
  2.62233E-02,  2.73241E-02,  2.84841E-02,  2.97055E-02,  3.09907E-02,  3.23415E-02,  3.37596E-02,  3.52467E-02,  3.68040E-02,  3.84329E-02,  4.01352E-02,  4.19136E-02,  4.37724E-02,  4.57181E-02,  4.77610E-02,NA,NA,NA,NA,NA,NA,NA,NA,NA,NA,NA,NA,NA,NA,NA,NA,NA,NA,NA,NA,NA,NA,NA,NA,NA,NA,NA,NA,NA,NA,NA,NA,NA,NA,NA,NA,NA,NA,NA,NA,NA,NA,NA,NA,NA,NA,NA,NA,NA,NA,NA,NA,NA,NA,NA,NA,NA,NA,NA,NA,NA, -7.01753E-02, -6.61508E-02, -6.23677E-02, -5.88314E-02, -5.55384E-02, -5.24794E-02, -4.96413E-02, -4.70096E-02, -4.45690E-02, -4.23042E-02, -4.02007E-02, -3.82451E-02,
  2.67263E-02,  2.78771E-02,  2.90919E-02,  3.03734E-02,  3.17239E-02,  3.31451E-02,  3.46384E-02,  3.62044E-02,  3.78428E-02,  3.95526E-02,  4.13320E-02,  4.31781E-02,  4.50880E-02,  4.70586E-02,  4.90873E-02,  5.11733E-02,NA,NA,NA,NA,NA,NA,NA,NA,NA,NA,NA,NA,NA,NA,NA,NA,NA,NA,NA,NA,NA,NA,NA,NA,NA,NA,NA,NA,NA,NA,NA,NA,NA,NA,NA,NA,NA,NA,NA,NA,NA,NA,NA,NA,NA,NA,NA,NA,NA,NA,NA,NA,NA,NA,NA,NA,NA,NA,NA,NA, -7.29704E-02, -6.86691E-02, -6.46320E-02, -6.08656E-02, -5.73663E-02, -5.41232E-02, -5.11216E-02, -4.83450E-02, -4.57760E-02, -4.33974E-02, -4.11931E-02, -3.91478E-02,
  2.72316E-02,  2.84368E-02,  2.97123E-02,  3.10615E-02,  3.24870E-02,  3.39912E-02,  3.55756E-02,  3.72406E-02,  3.89855E-02,  4.08080E-02,  4.27041E-02,  4.46674E-02,  4.66898E-02,  4.87608E-02,  5.08681E-02,  5.29985E-02,  5.51391E-02,NA,NA,NA,NA,NA,NA,NA,NA,NA,NA,NA,NA,NA,NA,NA,NA,NA,NA,NA,NA,NA,NA,NA,NA,NA,NA,NA,NA,NA,NA,NA,NA,NA,NA,NA,NA,NA,NA,NA,NA,NA,NA,NA,NA,NA,NA,NA,NA,NA,NA,NA,NA,NA,NA,NA,NA,NA,NA,NA,NA, -7.09859E-02, -6.67210E-02, -6.27461E-02, -5.90582E-02, -5.56461E-02, -5.24939E-02, -4.95835E-02, -4.68956E-02, -4.44117E-02, -4.21138E-02, -3.99854E-02,
  2.77362E-02,  2.90002E-02,  3.03424E-02,  3.17670E-02,  3.32777E-02,  3.48780E-02,  3.65703E-02,  3.83560E-02,  4.02352E-02,  4.22056E-02,  4.42628E-02,  4.63990E-02,  4.86029E-02,  5.08592E-02,  5.31481E-02,NA,NA,NA,NA,NA,NA,NA,NA,NA,NA,NA,NA,NA,NA,NA,NA,NA,NA,NA,NA,NA,NA,NA,NA,NA,NA,NA,NA,NA,NA,NA,NA,NA,NA,NA,NA,NA,NA,NA,NA,NA,NA,NA,NA,NA,NA,NA,NA,NA,NA,NA,NA,NA,NA,NA,NA,NA,NA,NA,NA,NA,NA, -7.30658E-02, -6.86054E-02, -6.44482E-02, -6.05935E-02, -5.70307E-02, -5.37434E-02, -5.07123E-02, -4.79171E-02, -4.53378E-02, -4.29550E-02, -4.07510E-02,
  2.82365E-02,  2.95635E-02,  3.09778E-02,  3.24853E-02,  3.40912E-02,  3.58008E-02,  3.76185E-02,  3.95478E-02,  4.15907E-02,  4.37473E-02,  4.60146E-02,  4.83859E-02,  5.08496E-02,  5.33880E-02,NA,NA,NA,NA,NA,NA,NA,NA,NA,NA,NA,NA,NA,NA,NA,NA,NA,NA,NA,NA,NA,NA,NA,NA,NA,NA,NA,NA,NA,NA,NA,NA,NA,NA,NA,NA,NA,NA,NA,NA,NA,NA,NA,NA,NA,NA,NA,NA,NA,NA,NA,NA,NA,NA,NA,NA,NA,NA,NA,NA,NA,NA,NA,NA, -7.02602E-02, -6.59507E-02, -6.19542E-02, -5.82616E-02, -5.48569E-02, -5.17203E-02, -4.88308E-02, -4.61673E-02, -4.37094E-02, -4.14384E-02,
  2.87279E-02,  3.01211E-02,  3.16126E-02,  3.32098E-02,  3.49204E-02,  3.67521E-02,  3.87124E-02,  4.08084E-02,  4.30460E-02,  4.54293E-02,  4.79599E-02,  5.06353E-02,  5.34474E-02,NA,NA,NA,NA,NA,NA,NA,NA,NA,NA,NA,NA,NA,NA,NA,NA,NA,NA,NA,NA,NA,NA,NA,NA,NA,NA,NA,NA,NA,NA,NA,NA,NA,NA,NA,NA,NA,NA,NA,NA,NA,NA,NA,NA,NA,NA,NA,NA,NA,NA,NA,NA,NA,NA,NA,NA,NA,NA,NA,NA,NA,NA,NA,NA,NA, -7.16662E-02, -6.72368E-02, -6.31255E-02, -5.93260E-02, -5.58233E-02, -5.25980E-02, -4.96285E-02, -4.68931E-02, -4.43708E-02, -4.20421E-02,
  2.92046E-02,  3.06668E-02,  3.22393E-02,  3.39320E-02,  3.57555E-02,  3.77211E-02,  3.98404E-02,  4.21256E-02,  4.45885E-02,  4.72405E-02,  5.00910E-02,  5.31461E-02,NA,NA,NA,NA,NA,NA,NA,NA,NA,NA,NA,NA,NA,NA,NA,NA,NA,NA,NA,NA,NA,NA,NA,NA,NA,NA,NA,NA,NA,NA,NA,NA,NA,NA,NA,NA,NA,NA,NA,NA,NA,NA,NA,NA,NA,NA,NA,NA,NA,NA,NA,NA,NA,NA,NA,NA,NA,NA,NA,NA,NA,NA,NA,NA,NA,NA, -7.28103E-02, -6.82943E-02, -6.40965E-02, -6.02141E-02, -5.66341E-02, -5.33376E-02, -5.03033E-02, -4.75093E-02, -4.49342E-02, -4.25578E-02,
  2.96602E-02,  3.11927E-02,  3.28488E-02,  3.46413E-02,  3.65843E-02,  3.86934E-02,  4.09860E-02,  4.34809E-02,  4.61987E-02,  4.91607E-02,  5.23890E-02,NA,NA,NA,NA,NA,NA,NA,NA,NA,NA,NA,NA,NA,NA,NA,NA,NA,NA,NA,NA,NA,NA,NA,NA,NA,NA,NA,NA,NA,NA,NA,NA,NA,NA,NA,NA,NA,NA,NA,NA,NA,NA,NA,NA,NA,NA,NA,NA,NA,NA,NA,NA,NA,NA,NA,NA,NA,NA,NA,NA,NA,NA,NA,NA,NA,NA,NA, -7.36866E-02, -6.91165E-02, -6.48603E-02, -6.09194E-02, -5.72831E-02, -5.39337E-02, -5.08504E-02, -4.80114E-02, -4.53953E-02, -4.29817E-02,
  3.00875E-02,  3.16903E-02,  3.34309E-02,  3.53252E-02,  3.73917E-02,  3.96513E-02,  4.21282E-02,  4.48500E-02,  4.78482E-02,  5.11586E-02,NA,NA,NA,NA,NA,NA,NA,NA,NA,NA,NA,NA,NA,NA,NA,NA,NA,NA,NA,NA,NA,NA,NA,NA,NA,NA,NA,NA,NA,NA,NA,NA,NA,NA,NA,NA,NA,NA,NA,NA,NA,NA,NA,NA,NA,NA,NA,NA,NA,NA,NA,NA,NA,NA,NA,NA,NA,NA,NA,NA,NA,NA,NA,NA,NA,NA,NA,NA, -7.42953E-02, -6.97015E-02, -6.54140E-02, -6.14385E-02, -5.77667E-02, -5.43827E-02, -5.12664E-02, -4.83965E-02, -4.57516E-02, -4.33113E-02,
  3.04787E-02,  3.21501E-02,  3.39737E-02,  3.59695E-02,  3.81603E-02,  4.05735E-02,  4.32411E-02,  4.62013E-02,  4.94997E-02,  5.31901E-02,NA,NA,NA,NA,NA,NA,NA,NA,NA,NA,NA,NA,NA,NA,NA,NA,NA,NA,NA,NA,NA,NA,NA,NA,NA,NA,NA,NA,NA,NA,NA,NA,NA,NA,NA,NA,NA,NA,NA,NA,NA,NA,NA,NA,NA,NA,NA,NA,NA,NA,NA,NA,NA,NA,NA,NA,NA,NA,NA,NA,NA,NA,NA,NA,NA,NA,NA,NA,NA, -7.00519E-02, -6.57583E-02, -6.17708E-02, -5.80840E-02, -5.46833E-02, -5.15498E-02, -4.86627E-02, -4.60013E-02, -4.35452E-02,
  3.08257E-02,  3.25619E-02,  3.44651E-02,  3.65587E-02,  3.88710E-02,  4.14360E-02,  4.42947E-02,  4.74975E-02,  5.11062E-02,NA,NA,NA,NA,NA,NA,NA,NA,NA,NA,NA,NA,NA,NA,NA,NA,NA,NA,NA,NA,NA,NA,NA,NA,NA,NA,NA,NA,NA,NA,NA,NA,NA,NA,NA,NA,NA,NA,NA,NA,NA,NA,NA,NA,NA,NA,NA,NA,NA,NA,NA,NA,NA,NA,NA,NA,NA,NA,NA,NA,NA,NA,NA,NA,NA,NA,NA,NA,NA,NA, -7.01742E-02, -6.58971E-02, -6.19188E-02, -5.82360E-02, -5.48359E-02, -5.17005E-02, -4.88100E-02, -4.61440E-02, -4.36827E-02,
  3.11203E-02,  3.29157E-02,  3.48920E-02,  3.70767E-02,  3.95033E-02,  4.22126E-02,  4.52555E-02,  4.86955E-02,  5.26126E-02,NA,NA,NA,NA,NA,NA,NA,NA,NA,NA,NA,NA,NA,NA,NA,NA,NA,NA,NA,NA,NA,NA,NA,NA,NA,NA,NA,NA,NA,NA,NA,NA,NA,NA,NA,NA,NA,NA,NA,NA,NA,NA,NA,NA,NA,NA,NA,NA,NA,NA,NA,NA,NA,NA,NA,NA,NA,NA,NA,NA,NA,NA,NA,NA,NA,NA,NA,NA,NA,NA, -7.00771E-02, -6.58366E-02, -6.18868E-02, -5.82260E-02, -5.48427E-02, -5.17202E-02, -4.88393E-02, -4.61805E-02, -4.37243E-02,
  3.13548E-02,  3.32016E-02,  3.52421E-02,  3.75075E-02,  4.00363E-02,  4.28765E-02,  4.60884E-02,  4.97489E-02,NA,NA,NA,NA,NA,NA,NA,NA,NA,NA,NA,NA,NA,NA,NA,NA,NA,NA,NA,NA,NA,NA,NA,NA,NA,NA,NA,NA,NA,NA,NA,NA,NA,NA,NA,NA,NA,NA,NA,NA,NA,NA,NA,NA,NA,NA,NA,NA,NA,NA,NA,NA,NA,NA,NA,NA,NA,NA,NA,NA,NA,NA,NA,NA,NA,NA,NA,NA,NA,NA,NA, -6.97713E-02, -6.55850E-02, -6.16810E-02, -5.80586E-02, -5.47074E-02, -5.16116E-02, -4.87529E-02, -4.61123E-02, -4.36714E-02,
  3.15219E-02,  3.34104E-02,  3.55035E-02,  3.78357E-02,  4.04503E-02,  4.34014E-02,  4.67583E-02,  5.06107E-02,NA,NA,NA,NA,NA,NA,NA,NA,NA,NA,NA,NA,NA,NA,NA,NA,NA,NA,NA,NA,NA,NA,NA,NA,NA,NA,NA,NA,NA,NA,NA,NA,NA,NA,NA,NA,NA,NA,NA,NA,NA,NA,NA,NA,NA,NA,NA,NA,NA,NA,NA,NA,NA,NA,NA,NA,NA,NA,NA,NA,NA,NA,NA,NA,NA,NA,NA,NA,NA,NA,NA, -6.92681E-02, -6.51515E-02, -6.13089E-02, -5.77400E-02, -5.44350E-02, -5.13788E-02, -4.85539E-02, -4.59422E-02, -4.35260E-02,
  3.16156E-02,  3.35343E-02,  3.56660E-02,  3.80482E-02,  4.07276E-02,  4.37637E-02,  4.72333E-02,  5.12370E-02,NA,NA,NA,NA,NA,NA,NA,NA,NA,NA,NA,NA,NA,NA,NA,NA,NA,NA,NA,NA,NA,NA,NA,NA,NA,NA,NA,NA,NA,NA,NA,NA,NA,NA,NA,NA,NA,NA,NA,NA,NA,NA,NA,NA,NA,NA,NA,NA,NA,NA,NA,NA,NA,NA,NA,NA,NA,NA,NA,NA,NA,NA,NA,NA,NA,NA,NA,NA,NA,NA, -7.28641E-02, -6.85790E-02, -6.45459E-02, -6.07789E-02, -5.72772E-02, -5.40312E-02, -5.10265E-02, -4.82464E-02, -4.56736E-02, -4.32909E-02,
  3.16312E-02,  3.35672E-02,  3.57217E-02,  3.81342E-02,  4.08539E-02,  4.39441E-02,  4.74870E-02,  5.15909E-02,NA,NA,NA,NA,NA,NA,NA,NA,NA,NA,NA,NA,NA,NA,NA,NA,NA,NA,NA,NA,NA,NA,NA,NA,NA,NA,NA,NA,NA,NA,NA,NA,NA,NA,NA,NA,NA,NA,NA,NA,NA,NA,NA,NA,NA,NA,NA,NA,NA,NA,NA,NA,NA,NA,NA,NA,NA,NA,NA,NA,NA,NA,NA,NA,NA,NA,NA,NA,NA,NA, -7.18992E-02, -6.77154E-02, -6.37785E-02, -6.00999E-02, -5.66779E-02, -5.35028E-02, -5.05606E-02, -4.78353E-02, -4.53105E-02, -4.29698E-02,
  3.15657E-02,  3.35051E-02,  3.56653E-02,  3.80866E-02,  4.08196E-02,  4.39294E-02,  4.75008E-02,  5.16463E-02,NA,NA,NA,NA,NA,NA,NA,NA,NA,NA,NA,NA,NA,NA,NA,NA,NA,NA,NA,NA,NA,NA,NA,NA,NA,NA,NA,NA,NA,NA,NA,NA,NA,NA,NA,NA,NA,NA,NA,NA,NA,NA,NA,NA,NA,NA,NA,NA,NA,NA,NA,NA,NA,NA,NA,NA,NA,NA,NA,NA,NA,NA,NA,NA,NA,NA,NA,NA,NA,NA, -7.07594E-02, -6.66884E-02, -6.28597E-02, -5.92815E-02, -5.59505E-02, -5.28570E-02, -4.99873E-02, -4.73261E-02, -4.48576E-02, -4.25665E-02,
  3.14179E-02,  3.33464E-02,  3.54946E-02,  3.79026E-02,  4.06207E-02,  4.37138E-02,  4.72665E-02,  5.13908E-02,NA,NA,NA,NA,NA,NA,NA,NA,NA,NA,NA,NA,NA,NA,NA,NA,NA,NA,NA,NA,NA,NA,NA,NA,NA,NA,NA,NA,NA,NA,NA,NA,NA,NA,NA,NA,NA,NA,NA,NA,NA,NA,NA,NA,NA,NA,NA,NA,NA,NA,NA,NA,NA,NA,NA,NA,NA,NA,NA,NA,NA,NA,NA,NA,NA,NA,NA,NA,NA,NA, -6.94556E-02, -6.55092E-02, -6.18002E-02, -5.83333E-02, -5.51039E-02, -5.21017E-02, -4.93135E-02, -4.67246E-02, -4.43202E-02, -4.20857E-02,
  3.11887E-02,  3.30922E-02,  3.52108E-02,  3.75834E-02,  4.02587E-02,  4.32992E-02,  4.67864E-02,  5.08277E-02,NA,NA,NA,NA,NA,NA,NA,NA,NA,NA,NA,NA,NA,NA,NA,NA,NA,NA,NA,NA,NA,NA,NA,NA,NA,NA,NA,NA,NA,NA,NA,NA,NA,NA,NA,NA,NA,NA,NA,NA,NA,NA,NA,NA,NA,NA,NA,NA,NA,NA,NA,NA,NA,NA,NA,NA,NA,NA,NA,NA,NA,NA,NA,NA,NA,NA,NA,NA,NA, -7.20267E-02, -6.79989E-02, -6.41893E-02, -6.06111E-02, -5.72657E-02, -5.41472E-02, -5.12451E-02, -4.85465E-02, -4.60374E-02, -4.37039E-02, -4.15323E-02,
  3.08808E-02,  3.27457E-02,  3.48182E-02,  3.71347E-02,  3.97410E-02,  4.26956E-02,  4.60738E-02,  4.99750E-02,NA,NA,NA,NA,NA,NA,NA,NA,NA,NA,NA,NA,NA,NA,NA,NA,NA,NA,NA,NA,NA,NA,NA,NA,NA,NA,NA,NA,NA,NA,NA,NA,NA,NA,NA,NA,NA,NA,NA,NA,NA,NA,NA,NA,NA,NA,NA,NA,NA,NA,NA,NA,NA,NA,NA,NA,NA,NA,NA,NA,NA,NA,NA,NA,NA,NA,NA,NA,NA, -7.02780E-02, -6.64013E-02, -6.27407E-02, -5.93037E-02, -5.60893E-02, -5.30902E-02, -5.02959E-02, -4.76940E-02, -4.52713E-02, -4.30147E-02, -4.09115E-02,
  3.04986E-02,  3.23129E-02,  3.43242E-02,  3.65660E-02,  3.90802E-02,  4.19195E-02,  4.51515E-02,  4.88641E-02,NA,NA,NA,NA,NA,NA,NA,NA,NA,NA,NA,NA,NA,NA,NA,NA,NA,NA,NA,NA,NA,NA,NA,NA,NA,NA,NA,NA,NA,NA,NA,NA,NA,NA,NA,NA,NA,NA,NA,NA,NA,NA,NA,NA,NA,NA,NA,NA,NA,NA,NA,NA,NA,NA,NA,NA,NA,NA,NA,NA,NA,NA,NA,NA,NA,NA,NA,NA, -7.22945E-02, -6.83869E-02, -6.46761E-02, -6.11761E-02, -5.78902E-02, -5.48150E-02, -5.19428E-02, -4.92630E-02, -4.67639E-02, -4.44332E-02, -4.22587E-02, -4.02287E-02,
  3.00483E-02,  3.18013E-02,  3.37386E-02,  3.58902E-02,  3.82931E-02,  4.09934E-02,  4.40496E-02,  4.75365E-02,NA,NA,NA,NA,NA,NA,NA,NA,NA,NA,NA,NA,NA,NA,NA,NA,NA,NA,NA,NA,NA,NA,NA,NA,NA,NA,NA,NA,NA,NA,NA,NA,NA,NA,NA,NA,NA,NA,NA,NA,NA,NA,NA,NA,NA,NA,NA,NA,NA,NA,NA,NA,NA,NA,NA,NA,NA,NA,NA,NA,NA,NA,NA,NA,NA,NA,NA,NA, -7.00935E-02, -6.63688E-02, -6.28380E-02, -5.95092E-02, -5.63829E-02, -5.34543E-02, -5.07152E-02, -4.81556E-02, -4.57644E-02, -4.35304E-02, -4.14424E-02, -3.94898E-02,
  2.95372E-02,  3.12201E-02,  3.30731E-02,  3.51222E-02,  3.73992E-02,  3.99432E-02,  4.28028E-02,  4.60393E-02,  4.97310E-02,NA,NA,NA,NA,NA,NA,NA,NA,NA,NA,NA,NA,NA,NA,NA,NA,NA,NA,NA,NA,NA,NA,NA,NA,NA,NA,NA,NA,NA,NA,NA,NA,NA,NA,NA,NA,NA,NA,NA,NA,NA,NA,NA,NA,NA,NA,NA,NA,NA,NA,NA,NA,NA,NA,NA,NA,NA,NA,NA,NA,NA,NA,NA,NA,NA,NA, -7.14647E-02, -6.77662E-02, -6.42415E-02, -6.09029E-02, -5.77546E-02, -5.47951E-02, -5.20189E-02, -4.94180E-02, -4.69830E-02, -4.47038E-02, -4.25703E-02, -4.05724E-02, -3.87004E-02,
  2.89733E-02,  3.05795E-02,  3.23406E-02,  3.42785E-02,  3.64198E-02,  3.87965E-02,  4.14476E-02,  4.44213E-02,  4.77775E-02,NA,NA,NA,NA,NA,NA,NA,NA,NA,NA,NA,NA,NA,NA,NA,NA,NA,NA,NA,NA,NA,NA,NA,NA,NA,NA,NA,NA,NA,NA,NA,NA,NA,NA,NA,NA,NA,NA,NA,NA,NA,NA,NA,NA,NA,NA,NA,NA,NA,NA,NA,NA,NA,NA,NA,NA,NA,NA,NA,NA,NA,NA,NA,NA,NA,NA, -6.88115E-02, -6.53351E-02, -6.20246E-02, -5.88881E-02, -5.59274E-02, -5.31400E-02, -5.05206E-02, -4.80616E-02, -4.57546E-02, -4.35905E-02, -4.15604E-02, -3.96552E-02, -3.78666E-02,
  2.83653E-02,  2.98903E-02,  3.15545E-02,  3.33761E-02,  3.53765E-02,  3.75811E-02,  4.00199E-02,  4.27292E-02,  4.57528E-02,  4.91437E-02,NA,NA,NA,NA,NA,NA,NA,NA,NA,NA,NA,NA,NA,NA,NA,NA,NA,NA,NA,NA,NA,NA,NA,NA,NA,NA,NA,NA,NA,NA,NA,NA,NA,NA,NA,NA,NA,NA,NA,NA,NA,NA,NA,NA,NA,NA,NA,NA,NA,NA,NA,NA,NA,NA,NA,NA,NA,NA,NA,NA,NA,NA,NA,NA, -6.94430E-02, -6.60637E-02, -6.28249E-02, -5.97389E-02, -5.68113E-02, -5.40429E-02, -5.14313E-02, -4.89714E-02, -4.66567E-02, -4.44797E-02, -4.24328E-02, -4.05080E-02, -3.86976E-02, -3.69942E-02,
  2.77218E-02,  2.91630E-02,  3.07280E-02,  3.24313E-02,  3.42899E-02,  3.63229E-02,  3.85526E-02,  4.10051E-02,  4.37105E-02,  4.67042E-02,NA,NA,NA,NA,NA,NA,NA,NA,NA,NA,NA,NA,NA,NA,NA,NA,NA,NA,NA,NA,NA,NA,NA,NA,NA,NA,NA,NA,NA,NA,NA,NA,NA,NA,NA,NA,NA,NA,NA,NA,NA,NA,NA,NA,NA,NA,NA,NA,NA,NA,NA,NA,NA,NA,NA,NA,NA,NA,NA,NA,NA,NA,NA, -6.95956E-02, -6.63695E-02, -6.32523E-02, -6.02610E-02, -5.74054E-02, -5.46904E-02, -5.21168E-02, -4.96824E-02, -4.73831E-02, -4.52136E-02, -4.31677E-02, -4.12389E-02, -3.94205E-02, -3.77060E-02, -3.60889E-02,
  2.70514E-02,  2.84080E-02,  2.98737E-02,  3.14597E-02,  3.31788E-02,  3.50452E-02,  3.70745E-02,  3.92844E-02,  4.16944E-02,  4.43260E-02,  4.72026E-02,NA,NA,NA,NA,NA,NA,NA,NA,NA,NA,NA,NA,NA,NA,NA,NA,NA,NA,NA,NA,NA,NA,NA,NA,NA,NA,NA,NA,NA,NA,NA,NA,NA,NA,NA,NA,NA,NA,NA,NA,NA,NA,NA,NA,NA,NA,NA,NA,NA,NA,NA,NA,NA,NA,NA,NA,NA,NA,NA,NA,NA, -6.92049E-02, -6.61948E-02, -6.32551E-02, -6.04079E-02, -5.76681E-02, -5.50449E-02, -5.25431E-02, -5.01640E-02, -4.79064E-02, -4.57673E-02, -4.37427E-02, -4.18276E-02, -4.00169E-02, -3.83051E-02, -3.66868E-02, -3.51567E-02,
  2.63620E-02,  2.76349E-02,  2.90031E-02,  3.04750E-02,  3.20599E-02,  3.37679E-02,  3.56093E-02,  3.75953E-02,  3.97373E-02,  4.20472E-02,  4.45363E-02,  4.72152E-02,NA,NA,NA,NA,NA,NA,NA,NA,NA,NA,NA,NA,NA,NA,NA,NA,NA,NA,NA,NA,NA,NA,NA,NA,NA,NA,NA,NA,NA,NA,NA,NA,NA,NA,NA,NA,NA,NA,NA,NA,NA,NA,NA,NA,NA,NA,NA,NA,NA,NA,NA,NA,NA,NA,NA,NA,NA,NA,NA, -6.82136E-02, -6.54871E-02, -6.27851E-02, -6.01356E-02, -5.75591E-02, -5.50698E-02, -5.26771E-02, -5.03860E-02, -4.81990E-02, -4.61158E-02, -4.41349E-02, -4.22535E-02, -4.04680E-02, -3.87745E-02, -3.71687E-02, -3.56463E-02, -3.42030E-02,
  2.56610E-02,  2.68523E-02,  2.81262E-02,  2.94890E-02,  3.09471E-02,  3.25071E-02,  3.41755E-02,  3.59587E-02,  3.78625E-02,  3.98919E-02,  4.20508E-02,  4.43414E-02,  4.67637E-02,NA,NA,NA,NA,NA,NA,NA,NA,NA,NA,NA,NA,NA,NA,NA,NA,NA,NA,NA,NA,NA,NA,NA,NA,NA,NA,NA,NA,NA,NA,NA,NA,NA,NA,NA,NA,NA,NA,NA,NA,NA,NA,NA,NA,NA,NA,NA,NA,NA,NA,NA,NA,NA,NA,NA,NA, -6.88846E-02, -6.65803E-02, -6.42052E-02, -6.18024E-02, -5.94061E-02, -5.70426E-02, -5.47318E-02, -5.24877E-02, -5.03199E-02, -4.82346E-02, -4.62351E-02, -4.43224E-02, -4.24964E-02, -4.07554E-02, -3.90972E-02, -3.75191E-02, -3.60179E-02, -3.45904E-02, -3.32332E-02,
  2.49547E-02,  2.60676E-02,  2.72517E-02,  2.85116E-02,  2.98514E-02,  3.12752E-02,  3.27868E-02,  3.43891E-02,  3.60841E-02,  3.78728E-02,  3.97547E-02,  4.17276E-02,  4.37876E-02,  4.59293E-02,NA,NA,NA,NA,NA,NA,NA,NA,NA,NA,NA,NA,NA,NA,NA,NA,NA,NA,NA,NA,NA,NA,NA,NA,NA,NA,NA,NA,NA,NA,NA,NA,NA,NA,NA,NA,NA,NA,NA,NA,NA,NA,NA,NA,NA,NA,NA,NA,NA,NA,NA,NA,NA, -6.77563E-02, -6.61167E-02, -6.42873E-02, -6.23259E-02, -6.02807E-02, -5.81917E-02, -5.60908E-02, -5.40034E-02, -5.19485E-02, -4.99405E-02, -4.79897E-02, -4.61029E-02, -4.42845E-02, -4.25370E-02, -4.08612E-02, -3.92568E-02, -3.77228E-02, -3.62575E-02, -3.48590E-02, -3.35248E-02, -3.22525E-02,
  2.42489E-02,  2.52872E-02,  2.63867E-02,  2.75506E-02,  2.87814E-02,  3.00815E-02,  3.14524E-02,  3.28950E-02,  3.44092E-02,  3.59936E-02,  3.76457E-02,  3.93614E-02,  4.11360E-02,  4.29643E-02,  4.48422E-02,NA,NA,NA,NA,NA,NA,NA,NA,NA,NA,NA,NA,NA,NA,NA,NA,NA,NA,NA,NA,NA,NA,NA,NA,NA,NA,NA,NA,NA,NA,NA,NA,NA,NA,NA,NA,NA,NA,NA,NA,NA,NA,NA,NA,NA,NA,NA,NA,NA,NA, -6.44379E-02, -6.37045E-02, -6.26517E-02, -6.13469E-02, -5.98498E-02, -5.82126E-02, -5.64794E-02, -5.46872E-02, -5.28661E-02, -5.10401E-02, -4.92281E-02, -4.74447E-02, -4.57004E-02, -4.40032E-02, -4.23583E-02, -4.07693E-02, -3.92381E-02, -3.77656E-02, -3.63519E-02, -3.49963E-02, -3.36977E-02, -3.24547E-02, -3.12656E-02,
  2.35482E-02,  2.45162E-02,  2.55368E-02,  2.66120E-02,  2.77433E-02,  2.89317E-02,  3.01777E-02,  3.14808E-02,  3.28396E-02,  3.42519E-02,  3.57145E-02,  3.72233E-02,  3.87743E-02,  4.03639E-02,  4.19909E-02,  4.36591E-02,  4.53803E-02,NA,NA,NA,NA,NA,NA,NA,NA,NA,NA,NA,NA,NA,NA,NA,NA,NA,NA,NA,NA,NA,NA,NA,NA,NA,NA,NA,NA,NA,NA,NA,NA,NA,NA,NA,NA,NA, -2.43574E-02,NA,NA,NA,NA,NA,NA, -5.63733E-02, -5.78323E-02, -5.87086E-02, -5.90738E-02, -5.89993E-02, -5.85539E-02, -5.78024E-02, -5.68042E-02, -5.56126E-02, -5.42744E-02, -5.28299E-02, -5.13131E-02, -4.97523E-02, -4.81704E-02, -4.65860E-02, -4.50134E-02, -4.34639E-02, -4.19460E-02, -4.04658E-02, -3.90278E-02, -3.76349E-02, -3.62889E-02, -3.49910E-02, -3.37412E-02, -3.25394E-02, -3.13850E-02, -3.02770E-02,
  2.28564E-02,  2.37586E-02,  2.47061E-02,  2.57000E-02,  2.67411E-02,  2.78296E-02,  2.89652E-02,  3.01469E-02,  3.13729E-02,  3.26408E-02,  3.39476E-02,  3.52902E-02,  3.66659E-02,  3.80735E-02,  3.95148E-02,  4.09970E-02,  4.25361E-02,  4.41608E-02,NA,NA,NA,NA,NA,NA,NA,NA,NA,NA,NA,NA,NA,NA,NA,NA,NA,NA,NA,NA,NA,NA,NA,NA,NA,NA,NA,NA,NA,NA,NA,NA,NA,NA,NA,NA, -1.98242E-02, -2.67509E-02, -3.27259E-02, -3.78236E-02, -4.21045E-02, -4.56234E-02, -4.84345E-02, -5.05941E-02, -5.21609E-02, -5.31958E-02, -5.37609E-02, -5.39178E-02, -5.37260E-02, -5.32420E-02, -5.25180E-02, -5.16012E-02, -5.05335E-02, -4.93515E-02, -4.80863E-02, -4.67644E-02, -4.54076E-02, -4.40339E-02, -4.26575E-02, -4.12900E-02, -3.99402E-02, -3.86152E-02, -3.73199E-02, -3.60583E-02, -3.48330E-02, -3.36458E-02, -3.24976E-02, -3.13891E-02, -3.03203E-02, -2.92909E-02,
  2.21765E-02,  2.30176E-02,  2.38977E-02,  2.48175E-02,  2.57771E-02,  2.67765E-02,  2.78150E-02,  2.88914E-02,  3.00040E-02,  3.11507E-02,  3.23294E-02,  3.35381E-02,  3.47757E-02,  3.60434E-02,  3.73456E-02,  3.86923E-02,  4.01019E-02,  4.16045E-02,  4.32467E-02,NA,NA,NA,NA,NA,NA,NA,NA,NA,NA,NA,NA,NA,NA,NA,NA,NA,NA,NA,NA,NA,NA,NA,NA,NA,NA,NA,NA,NA,NA,NA,NA,NA,NA, -8.33825E-03, -1.58290E-02, -2.23483E-02, -2.79943E-02, -3.28398E-02, -3.69437E-02, -4.03579E-02, -4.31325E-02, -4.53177E-02, -4.69651E-02, -4.81277E-02, -4.88590E-02, -4.92120E-02, -4.92383E-02, -4.89869E-02, -4.85034E-02, -4.78295E-02, -4.70027E-02, -4.60559E-02, -4.50177E-02, -4.39125E-02, -4.27611E-02, -4.15806E-02, -4.03851E-02, -3.91862E-02, -3.79930E-02, -3.68131E-02, -3.56521E-02, -3.45144E-02, -3.34033E-02, -3.23214E-02, -3.12703E-02, -3.02512E-02, -2.92647E-02, -2.83110E-02,
  2.15108E-02,  2.22953E-02,  2.31136E-02,  2.39660E-02,  2.48524E-02,  2.57725E-02,  2.67256E-02,  2.77106E-02,  2.87263E-02,  2.97711E-02,  3.08437E-02,  3.19435E-02,  3.30713E-02,  3.42298E-02,  3.54257E-02,  3.66709E-02,  3.79850E-02,  3.93983E-02,  4.09553E-02,  4.27193E-02,NA,NA,NA,NA,NA,NA,NA,NA,NA,NA,NA,NA,NA,NA,NA,NA,NA,NA,NA,NA,NA,NA,NA,NA,NA,NA,NA,NA,NA,NA,NA,NA,NA, -5.37972E-03, -1.23779E-02, -1.84922E-02, -2.38124E-02, -2.84064E-02, -3.23292E-02, -3.56290E-02, -3.83514E-02, -4.05409E-02, -4.22430E-02, -4.35034E-02, -4.43683E-02, -4.48835E-02, -4.50933E-02, -4.50404E-02, -4.47645E-02, -4.43024E-02, -4.36873E-02, -4.29488E-02, -4.21131E-02, -4.12026E-02, -4.02368E-02, -3.92321E-02, -3.82021E-02, -3.71583E-02, -3.61100E-02, -3.50650E-02, -3.40293E-02, -3.30079E-02, -3.20045E-02, -3.10223E-02, -3.00634E-02, -2.91295E-02, -2.82217E-02, -2.73409E-02,
  2.08609E-02,  2.15932E-02,  2.23549E-02,  2.31461E-02,  2.39667E-02,  2.48163E-02,  2.56943E-02,  2.65999E-02,  2.75323E-02,  2.84907E-02,  2.94747E-02,  3.04850E-02,  3.15236E-02,  3.25950E-02,  3.37071E-02,  3.48730E-02,  3.61129E-02,  3.74559E-02,  3.89436E-02,  4.06332E-02,  4.26025E-02,NA,NA,NA,NA,NA,NA,NA,NA,NA,NA,NA,NA,NA,NA,NA,NA,NA,NA,NA,NA,NA,NA,NA,NA,NA,NA,NA,NA,NA,NA,NA,NA, -2.94538E-03, -9.45058E-03, -1.51624E-02, -2.01591E-02, -2.45012E-02, -2.82385E-02, -3.14146E-02, -3.40700E-02, -3.62443E-02, -3.79770E-02, -3.93078E-02, -4.02764E-02, -4.09222E-02, -4.12835E-02, -4.13972E-02, -4.12980E-02, -4.10181E-02, -4.05870E-02, -4.00312E-02, -3.93744E-02, -3.86374E-02, -3.78381E-02, -3.69920E-02, -3.61124E-02, -3.52104E-02, -3.42954E-02, -3.33750E-02, -3.24558E-02, -3.15429E-02, -3.06406E-02, -2.97522E-02, -2.88805E-02, -2.80275E-02, -2.71948E-02,NA,
  2.02278E-02,  2.09120E-02,  2.16220E-02,  2.23577E-02,  2.31191E-02,  2.39059E-02,  2.47176E-02,  2.55538E-02,  2.64142E-02,  2.72987E-02,  2.82078E-02,  2.91432E-02,  3.01078E-02,  3.11074E-02,  3.21507E-02,  3.32515E-02,  3.44291E-02,  3.57115E-02,  3.71364E-02,  3.87550E-02,  4.06347E-02,  4.28643E-02,  4.55586E-02,NA,NA,NA,NA,NA,NA,NA,NA,NA,NA,NA,NA,NA,NA,NA,NA,NA,NA,NA,NA,NA,NA,NA,NA,NA,NA,NA,NA,NA,  5.81240E-03, -9.92144E-04, -7.00905E-03, -1.23230E-02, -1.69991E-02, -2.10895E-02, -2.46375E-02, -2.76815E-02, -3.02571E-02, -3.23988E-02, -3.41408E-02, -3.55175E-02, -3.65630E-02, -3.73111E-02, -3.77949E-02, -3.80462E-02, -3.80952E-02, -3.79703E-02, -3.76974E-02, -3.73004E-02, -3.68005E-02, -3.62167E-02, -3.55658E-02, -3.48621E-02, -3.41183E-02, -3.33452E-02, -3.25519E-02, -3.17463E-02, -3.09347E-02, -3.01226E-02, -2.93146E-02, -2.85143E-02, -2.77246E-02, -2.69481E-02,NA,NA,
  1.96122E-02,  2.02522E-02,  2.09148E-02,  2.16002E-02,  2.23083E-02,  2.30388E-02,  2.37918E-02,  2.45670E-02,  2.53646E-02,  2.61851E-02,  2.70297E-02,  2.79009E-02,  2.88025E-02,  2.97409E-02,  3.07252E-02,  3.17689E-02,  3.28907E-02,  3.41162E-02,  3.54793E-02,  3.70247E-02,  3.88102E-02,  4.09098E-02,  4.34175E-02,NA,NA,NA,NA,NA,NA,NA,NA,NA,NA,NA,NA,NA,NA,NA,NA,NA,NA,NA,NA,NA,NA,NA,NA,NA,NA,NA,NA,NA,  6.75444E-03,  5.34410E-04, -5.00499E-03, -9.92889E-03, -1.42895E-02, -1.81295E-02, -2.14857E-02, -2.43908E-02, -2.68756E-02, -2.89698E-02, -3.07029E-02, -3.21042E-02, -3.32031E-02, -3.40286E-02, -3.46091E-02, -3.49722E-02, -3.51441E-02, -3.51495E-02, -3.50115E-02, -3.47513E-02, -3.43879E-02, -3.39387E-02, -3.34190E-02, -3.28424E-02, -3.22206E-02, -3.15641E-02, -3.08816E-02, -3.01809E-02, -2.94684E-02, -2.87496E-02, -2.80292E-02, -2.73110E-02, -2.65983E-02,NA,NA,NA,
NA,  1.96135E-02,  2.02328E-02,  2.08724E-02,  2.15323E-02,  2.22124E-02,  2.29129E-02,  2.36339E-02,  2.43761E-02,  2.51404E-02,  2.59286E-02,  2.67437E-02,  2.75900E-02,  2.84741E-02,  2.94053E-02,  3.03965E-02,  3.14651E-02,  3.26340E-02,  3.39333E-02,  3.54011E-02,  3.70861E-02,  3.90488E-02,  4.13644E-02,  4.41245E-02,NA,NA,NA,NA,NA,NA,NA,NA,NA,NA,NA,NA,NA,NA,NA,NA,NA,NA,NA,NA,NA,NA,NA,NA,NA,NA,NA,  1.36501E-02,  7.35266E-03,  1.69327E-03, -3.38539E-03, -7.93099E-03, -1.19833E-02, -1.55763E-02, -1.87399E-02, -2.15014E-02, -2.38868E-02, -2.59212E-02, -2.76299E-02, -2.90378E-02, -3.01699E-02, -3.10512E-02, -3.17060E-02, -3.21582E-02, -3.24304E-02, -3.25443E-02, -3.25202E-02, -3.23769E-02, -3.21315E-02, -3.17997E-02, -3.13956E-02, -3.09316E-02, -3.04189E-02, -2.98673E-02, -2.92852E-02, -2.86801E-02, -2.80584E-02, -2.74255E-02, -2.67862E-02, -2.61445E-02,NA,NA,NA,NA,
NA,NA,  1.95754E-02,  2.01731E-02,  2.07892E-02,  2.14237E-02,  2.20770E-02,  2.27496E-02,  2.34423E-02,  2.41565E-02,  2.48944E-02,  2.56592E-02,  2.64556E-02,  2.72901E-02,  2.81717E-02,  2.91124E-02,  3.01281E-02,  3.12391E-02,  3.24711E-02,  3.38566E-02,  3.54354E-02,  3.72562E-02,  3.93776E-02,  4.18687E-02,  4.48097E-02,NA,NA,NA,NA,NA,NA,NA,NA,NA,NA,NA,NA,NA,NA,NA,NA,NA,NA,NA,NA,NA,NA,NA,NA,NA,NA,  1.33302E-02,  7.67303E-03,  2.54303E-03, -2.09684E-03, -6.27935E-03, -1.00334E-02, -1.33847E-02, -1.63569E-02, -1.89720E-02, -2.12516E-02, -2.32166E-02, -2.48882E-02, -2.62876E-02, -2.74360E-02, -2.83548E-02, -2.90646E-02, -2.95862E-02, -2.99390E-02, -3.01421E-02, -3.02133E-02, -3.01691E-02, -3.00250E-02, -2.97951E-02, -2.94921E-02, -2.91276E-02, -2.87119E-02, -2.82543E-02, -2.77627E-02, -2.72444E-02, -2.67055E-02, -2.61515E-02, -2.55871E-02,NA,NA,NA,NA,NA,
NA,NA,  1.89414E-02,  1.95009E-02,  2.00770E-02,  2.06701E-02,  2.12806E-02,  2.19093E-02,  2.25573E-02,  2.32262E-02,  2.39183E-02,  2.46371E-02,  2.53873E-02,  2.61751E-02,  2.70091E-02,  2.79001E-02,  2.88623E-02,  2.99132E-02,  3.10747E-02,  3.23736E-02,  3.38422E-02,  3.55187E-02,  3.74476E-02,  3.96799E-02,  4.22717E-02,NA,NA,NA,NA,NA,NA,NA,NA,NA,NA,NA,NA,NA,NA,NA,NA,NA,NA,NA,NA,NA,NA,NA,NA,NA,  1.83637E-02,  1.28436E-02,  7.77546E-03,  3.13860E-03, -1.08830E-03, -4.92596E-03, -8.39402E-03, -1.15111E-02, -1.42949E-02, -1.67630E-02, -1.89325E-02, -2.08207E-02, -2.24453E-02, -2.38240E-02, -2.49747E-02, -2.59154E-02, -2.66639E-02, -2.72380E-02, -2.76545E-02, -2.79300E-02, -2.80800E-02, -2.81192E-02, -2.80615E-02, -2.79193E-02, -2.77044E-02, -2.74273E-02, -2.70976E-02, -2.67238E-02, -2.63136E-02, -2.58738E-02, -2.54102E-02, -2.49283E-02,NA,NA,NA,NA,NA,NA,
NA,NA,NA,  1.88542E-02,  1.93936E-02,  1.99488E-02,  2.05202E-02,  2.11089E-02,  2.17159E-02,  2.23432E-02,  2.29931E-02,  2.36690E-02,  2.43756E-02,  2.51187E-02,  2.59060E-02,  2.67474E-02,  2.76550E-02,  2.86439E-02,  2.97323E-02,  3.09419E-02,  3.22983E-02,  3.38309E-02,  3.55727E-02,  3.75601E-02,  3.98312E-02,  4.24232E-02,NA,NA,NA,NA,NA,NA,NA,NA,NA,NA,NA,NA,NA,NA,NA,NA,NA,NA,NA,NA,NA,NA,NA,  2.23806E-02,  1.71340E-02,  1.22447E-02,  7.71200E-03,  3.52933E-03, -3.12963E-04, -3.82622E-03, -7.02256E-03, -9.91454E-03, -1.25150E-02, -1.48371E-02, -1.68944E-02, -1.87008E-02, -2.02707E-02, -2.16189E-02, -2.27603E-02, -2.37102E-02, -2.44837E-02, -2.50959E-02, -2.55615E-02, -2.58947E-02, -2.61093E-02, -2.62181E-02, -2.62334E-02, -2.61665E-02, -2.60279E-02, -2.58273E-02, -2.55733E-02, -2.52741E-02, -2.49366E-02, -2.45675E-02, -2.41722E-02,NA,NA,NA,NA,NA,NA,NA,
NA,NA,NA,NA,  1.87372E-02,  1.92574E-02,  1.97928E-02,  2.03445E-02,  2.09137E-02,  2.15022E-02,  2.21126E-02,  2.27481E-02,  2.34130E-02,  2.41126E-02,  2.48539E-02,  2.56455E-02,  2.64977E-02,  2.74231E-02,  2.84368E-02,  2.95559E-02,  3.08003E-02,  3.21920E-02,  3.37550E-02,  3.55143E-02,  3.74944E-02,  3.97173E-02,  4.21988E-02,  4.49444E-02,NA,NA,NA,NA,NA,NA,NA,NA,NA,NA,NA,NA,NA,NA,NA,NA,NA,NA,NA,NA,  2.53573E-02,  2.05068E-02,  1.59070E-02,  1.15770E-02,  7.52639E-03,  3.75814E-03,  2.70823E-04, -2.93986E-03, -5.88016E-03, -8.55771E-03, -1.09812E-02, -1.31601E-02, -1.51048E-02, -1.68262E-02, -1.83359E-02, -1.96460E-02, -2.07689E-02, -2.17175E-02, -2.25045E-02, -2.31428E-02, -2.36450E-02, -2.40235E-02, -2.42902E-02, -2.44565E-02, -2.45331E-02, -2.45303E-02, -2.44575E-02, -2.43234E-02, -2.41360E-02, -2.39027E-02, -2.36302E-02,NA,NA,NA,NA,NA,NA,NA,NA,NA,
NA,NA,NA,NA,NA,  1.85937E-02,  1.90957E-02,  1.96129E-02,  2.01468E-02,  2.06991E-02,  2.12721E-02,  2.18689E-02,  2.24935E-02,  2.31506E-02,  2.38464E-02,  2.45880E-02,  2.53844E-02,  2.62459E-02,  2.71843E-02,  2.82132E-02,  2.93477E-02,  3.06038E-02,  3.19984E-02,  3.35477E-02,  3.52668E-02,  3.71667E-02,  3.92525E-02,  4.15197E-02,  4.39503E-02,NA,NA,NA,NA,NA,NA,NA,NA,NA,NA,NA,NA,NA,NA,NA,NA,NA,  3.17829E-02,  2.73290E-02,  2.29685E-02,  1.87507E-02,  1.47112E-02,  1.08739E-02,  7.25435E-03,  3.86139E-03,  6.99269E-04, -2.23129E-03, -4.93211E-03, -7.40695E-03, -9.66106E-03, -1.17009E-02, -1.35341E-02, -1.51690E-02, -1.66148E-02, -1.78812E-02, -1.89785E-02, -1.99173E-02, -2.07084E-02, -2.13627E-02, -2.18910E-02, -2.23041E-02, -2.26122E-02, -2.28253E-02, -2.29531E-02, -2.30045E-02, -2.29880E-02, -2.29114E-02, -2.27823E-02, -2.26072E-02,NA,NA,NA,NA,NA,NA,NA,NA,NA,NA,
NA,NA,NA,NA,NA,  1.79556E-02,  1.84264E-02,  1.89114E-02,  1.94120E-02,  1.99299E-02,  2.04674E-02,  2.10271E-02,  2.16125E-02,  2.22280E-02,  2.28788E-02,  2.35709E-02,  2.43115E-02,  2.51091E-02,  2.59730E-02,  2.69136E-02,  2.79418E-02,  2.90692E-02,  3.03069E-02,  3.16652E-02,  3.31518E-02,  3.47709E-02,  3.65208E-02,  3.83915E-02,  4.03624E-02,  4.23993E-02,  4.44528E-02,NA,NA,NA,NA,NA,NA,NA,NA,NA,NA,NA,NA,NA,  3.59081E-02,  3.21894E-02,  2.83876E-02,  2.45726E-02,  2.08021E-02,  1.71215E-02,  1.35658E-02,  1.01607E-02,  6.92435E-03,  3.86929E-03,  1.00323E-03, -1.66964E-03, -4.14791E-03, -6.43240E-03, -8.52567E-03, -1.04317E-02, -1.21558E-02, -1.37041E-02, -1.50837E-02, -1.63024E-02, -1.73685E-02, -1.82909E-02, -1.90784E-02, -1.97404E-02, -2.02860E-02, -2.07245E-02, -2.10649E-02, -2.13158E-02, -2.14856E-02, -2.15825E-02, -2.16139E-02, -2.15871E-02,NA,NA,NA,NA,NA,NA,NA,NA,NA,NA,NA,NA,
NA,NA,NA,NA,NA,NA,  1.77829E-02,  1.82375E-02,  1.87067E-02,  1.91919E-02,  1.96952E-02,  2.02191E-02,  2.07666E-02,  2.13414E-02,  2.19478E-02,  2.25909E-02,  2.32766E-02,  2.40114E-02,  2.48025E-02,  2.56575E-02,  2.65845E-02,  2.75911E-02,  2.86845E-02,  2.98701E-02,  3.11512E-02,  3.25271E-02,  3.39924E-02,  3.55345E-02,  3.71325E-02,  3.87556E-02,  4.03620E-02,  4.18985E-02,  4.33024E-02,  4.45033E-02,NA,NA,NA,NA,NA,NA,NA,  4.00865E-02,  3.76073E-02,  3.48314E-02,  3.18285E-02,  2.86678E-02,  2.54135E-02,  2.21230E-02,  1.88453E-02,  1.56210E-02,  1.24826E-02,  9.45537E-03,  6.55863E-03,  3.80642E-03,  1.20859E-03, -1.22846E-03, -3.50108E-03, -5.60790E-03, -7.54942E-03, -9.32766E-03, -1.09460E-02, -1.24087E-02, -1.37212E-02, -1.48896E-02, -1.59206E-02, -1.68212E-02, -1.75991E-02, -1.82619E-02, -1.88175E-02, -1.92738E-02, -1.96385E-02, -1.99192E-02, -2.01234E-02, -2.02581E-02,NA,NA,NA,NA,NA,NA,NA,NA,NA,NA,NA,NA,NA,NA,
NA,NA,NA,NA,NA,NA,NA,  1.75892E-02,  1.80285E-02,  1.84825E-02,  1.89531E-02,  1.94424E-02,  1.99531E-02,  2.04881E-02,  2.10512E-02,  2.16464E-02,  2.22783E-02,  2.29519E-02,  2.36727E-02,  2.44461E-02,  2.52776E-02,  2.61722E-02,  2.71337E-02,  2.81645E-02,  2.92647E-02,  3.04308E-02,  3.16552E-02,  3.29246E-02,  3.42193E-02,  3.55121E-02,  3.67681E-02,  3.79449E-02,  3.89937E-02,  3.98614E-02,  4.04941E-02,  4.08408E-02,  4.08575E-02,  4.05117E-02,  3.97853E-02,  3.86763E-02,  3.71986E-02,  3.53810E-02,  3.32637E-02,  3.08950E-02,  2.83272E-02,  2.56134E-02,  2.28045E-02,  1.99473E-02,  1.70828E-02,  1.42465E-02,  1.14679E-02,  8.77080E-03,  6.17415E-03,  3.69251E-03,  1.33675E-03, -8.85404E-04, -2.96886E-03, -4.91070E-03, -6.70986E-03, -8.36685E-03, -9.88347E-03, -1.12626E-02, -1.25082E-02, -1.36248E-02, -1.46177E-02, -1.54928E-02, -1.62561E-02, -1.69143E-02, -1.74738E-02, -1.79414E-02, -1.83238E-02, -1.86276E-02,NA,NA,NA,NA,NA,NA,NA,NA,NA,NA,NA,NA,NA,NA,NA,NA,
NA,NA,NA,NA,NA,NA,NA,NA,  1.73756E-02,  1.77998E-02,  1.82389E-02,  1.86949E-02,  1.91699E-02,  1.96664E-02,  2.01873E-02,  2.07359E-02,  2.13157E-02,  2.19305E-02,  2.25841E-02,  2.32804E-02,  2.40228E-02,  2.48142E-02,  2.56562E-02,  2.65491E-02,  2.74907E-02,  2.84761E-02,  2.94967E-02,  3.05395E-02,  3.15866E-02,  3.26144E-02,  3.35940E-02,  3.44915E-02,  3.52687E-02,  3.58853E-02,  3.63008E-02,  3.64776E-02,  3.63836E-02,  3.59952E-02,  3.52990E-02,  3.42935E-02,  3.29885E-02,  3.14049E-02,  2.95720E-02,  2.75260E-02,  2.53066E-02,  2.29550E-02,  2.05115E-02,  1.80143E-02,  1.54978E-02,  1.29924E-02,  1.05244E-02,  8.11544E-03,  5.78360E-03,  3.54315E-03,  1.40523E-03, -6.21774E-04, -2.53189E-03, -4.32118E-03, -5.98747E-03, -7.53009E-03, -8.94966E-03, -1.02479E-02, -1.14274E-02, -1.24917E-02, -1.34448E-02, -1.42914E-02, -1.50365E-02, -1.56855E-02, -1.62440E-02,NA,NA,NA,NA,NA,NA,NA,NA,NA,NA,NA,NA,NA,NA,NA,NA,NA,NA,NA,
NA,NA,NA,NA,NA,NA,NA,NA,NA,NA,  1.75511E-02,  1.79749E-02,  1.84154E-02,  1.88747E-02,  1.93549E-02,  1.98586E-02,  2.03884E-02,  2.09470E-02,  2.15371E-02,  2.21612E-02,  2.28211E-02,  2.35183E-02,  2.42527E-02,  2.50231E-02,  2.58262E-02,  2.66563E-02,  2.75045E-02,  2.83587E-02,  2.92029E-02,  3.00170E-02,  3.07772E-02,  3.14561E-02,  3.20239E-02,  3.24495E-02,  3.27022E-02,  3.27540E-02,  3.25811E-02,  3.21660E-02,  3.14989E-02,  3.05787E-02,  2.94126E-02,  2.80159E-02,  2.64109E-02,  2.46246E-02,  2.26879E-02,  2.06328E-02,  1.84918E-02,  1.62958E-02,  1.40737E-02,  1.18514E-02,  9.65178E-03,  7.49455E-03,  5.39624E-03,  3.37048E-03,  1.42820E-03, -4.22038E-04, -2.17381E-03, -3.82255E-03, -5.36532E-03, -6.80060E-03, -8.12808E-03, -9.34852E-03, -1.04636E-02, -1.14758E-02,NA,NA,NA,NA,NA,NA,NA,NA,NA,NA,NA,NA,NA,NA,NA,NA,NA,NA,NA,NA,NA,NA,NA,NA,
NA,NA,NA,NA,NA,NA,NA,NA,NA,NA,NA,  1.72811E-02,  1.76886E-02,  1.81120E-02,  1.85531E-02,  1.90138E-02,  1.94960E-02,  2.00016E-02,  2.05321E-02,  2.10890E-02,  2.16732E-02,  2.22847E-02,  2.29227E-02,  2.35849E-02,  2.42674E-02,  2.49640E-02,  2.56663E-02,  2.63633E-02,  2.70408E-02,  2.76818E-02,  2.82668E-02,  2.87736E-02,  2.91787E-02,  2.94580E-02,  2.95881E-02,  2.95476E-02,  2.93187E-02,  2.88885E-02,  2.82498E-02,  2.74017E-02,  2.63496E-02,  2.51054E-02,  2.36857E-02,  2.21116E-02,  2.04070E-02,  1.85974E-02,  1.67088E-02,  1.47665E-02,  1.27946E-02,  1.08152E-02,  8.84816E-03,  6.91097E-03,  5.01864E-03,  3.18384E-03,  1.41703E-03, -2.73402E-04, -1.88088E-03, -3.40050E-03, -4.82884E-03, -6.16377E-03,NA,NA,NA,NA,NA,NA,NA,NA,NA,NA,NA,NA,NA,NA,NA,NA,NA,NA,NA,NA,NA,NA,NA,NA,NA,NA,NA,NA,
NA,NA,NA,NA,NA,NA,NA,NA,NA,NA,NA,NA,  1.69883E-02,  1.73774E-02,  1.77813E-02,  1.82012E-02,  1.86384E-02,  1.90940E-02,  1.95690E-02,  2.00640E-02,  2.05789E-02,  2.11132E-02,  2.16651E-02,  2.22320E-02,  2.28095E-02,  2.33916E-02,  2.39704E-02,  2.45361E-02,  2.50762E-02,  2.55766E-02,  2.60210E-02,  2.63915E-02,  2.66696E-02,  2.68362E-02,  2.68733E-02,  2.67648E-02,  2.64969E-02,  2.60602E-02,  2.54491E-02,  2.46631E-02,  2.37066E-02,  2.25885E-02,  2.13220E-02,  1.99235E-02,  1.84117E-02,  1.68072E-02,  1.51309E-02,  1.34037E-02,  1.16456E-02,  9.87540E-03,  8.11036E-03,  6.36582E-03,  4.65527E-03,  2.99032E-03,  1.38074E-03, -1.65387E-04, -1.64160E-03, -3.04287E-03, -4.36550E-03,NA,NA,NA,NA,NA,NA,NA,NA,NA,NA,NA,NA,NA,NA,NA,NA,NA,NA,NA,NA,NA,NA,NA,NA,NA,NA,NA,NA,NA,
NA,NA,NA,NA,NA,NA,NA,NA,NA,NA,NA,NA,NA,NA,  1.70389E-02,  1.74202E-02,  1.78151E-02,  1.82241E-02,  1.86477E-02,  1.90858E-02,  1.95378E-02,  2.00026E-02,  2.04781E-02,  2.09611E-02,  2.14475E-02,  2.19314E-02,  2.24057E-02,  2.28615E-02,  2.32882E-02,  2.36738E-02,  2.40050E-02,  2.42672E-02,  2.44455E-02,  2.45251E-02,  2.44918E-02,  2.43332E-02,  2.40390E-02,  2.36017E-02,  2.30175E-02,  2.22860E-02,  2.14108E-02,  2.03989E-02,  1.92607E-02,  1.80091E-02,  1.66593E-02,  1.52276E-02,  1.37312E-02,  1.21874E-02,  1.06129E-02,  9.02364E-03,  7.43451E-03,  5.85896E-03,  4.30901E-03,  2.79517E-03,  1.32648E-03, -8.94602E-05, -1.44641E-03, -2.73939E-03,NA,NA,NA,NA,NA,NA,NA,NA,NA,NA,NA,NA,NA,NA,NA,NA,NA,NA,NA,NA,NA,NA,NA,NA,NA,NA,NA,NA,NA,NA,
